ISO-10303-21;
HEADER;
/* Generated by software containing ST-Developer
 * from STEP Tools, Inc. (www.steptools.com) 
 */

FILE_DESCRIPTION(
/* description */ (''),
/* implementation_level */ '2;1');

FILE_NAME(
/* name */ 'Inner Plate.step',
/* author */ (''),
/* organization */ (''),
/* preprocessor_version */ 'ST-DEVELOPER v20.2',
/* originating_system */ 'Autodesk Translation Framework v15.15.0.0',
/* authorisation */ '');

FILE_SCHEMA (('AUTOMOTIVE_DESIGN { 1 0 10303 214 3 1 1 }'));
ENDSEC;

DATA;
#10=MECHANICAL_DESIGN_GEOMETRIC_PRESENTATION_REPRESENTATION('',(#13),#6727);
#11=SHAPE_REPRESENTATION_RELATIONSHIP('SRR','None',#6734,#12);
#12=ADVANCED_BREP_SHAPE_REPRESENTATION('',(#14),#6726);
#13=STYLED_ITEM('',(#6743),#14);
#14=MANIFOLD_SOLID_BREP('Centre Plate body',#1071);
#15=(
BOUNDED_SURFACE()
B_SPLINE_SURFACE(5,1,((#2793,#2794),(#2795,#2796),(#2797,#2798),(#2799,
#2800),(#2801,#2802),(#2803,#2804),(#2805,#2806),(#2807,#2808),(#2809,#2810),
(#2811,#2812),(#2813,#2814),(#2815,#2816),(#2817,#2818),(#2819,#2820),(#2821,
#2822),(#2823,#2824),(#2825,#2826),(#2827,#2828),(#2829,#2830),(#2831,#2832),
(#2833,#2834),(#2835,#2836),(#2837,#2838),(#2839,#2840),(#2841,#2842),(#2843,
#2844),(#2845,#2846),(#2847,#2848),(#2849,#2850),(#2851,#2852),(#2853,#2854),
(#2855,#2856),(#2857,#2858),(#2859,#2860),(#2861,#2862),(#2863,#2864),(#2865,
#2866),(#2867,#2868),(#2869,#2870),(#2871,#2872),(#2873,#2874),(#2875,#2876),
(#2877,#2878),(#2879,#2880),(#2881,#2882),(#2883,#2884),(#2885,#2886),(#2887,
#2888),(#2889,#2890),(#2891,#2892),(#2893,#2894),(#2895,#2896),(#2897,#2898),
(#2899,#2900),(#2901,#2902)),.UNSPECIFIED.,.F.,.F.,.F.)
B_SPLINE_SURFACE_WITH_KNOTS((6,1,1,1,1,1,1,1,1,1,1,1,1,1,1,1,1,1,1,1,1,
1,1,1,1,1,1,1,1,1,1,1,1,1,1,1,1,1,1,1,1,1,1,1,1,1,1,1,1,1,6),(2,2),(0.,
0.02,0.04,0.06,0.08,0.1,0.12,0.14,0.16,0.18,0.2,0.22,0.24,0.26,0.28,0.3,
0.32,0.34,0.36,0.38,0.4,0.42,0.44,0.46,0.48,0.5,0.52,0.54,0.56,0.58,0.6,
0.62,0.64,0.66,0.68,0.7,0.72,0.74,0.76,0.78,0.8,0.82,0.84,0.86,0.88,0.9,
0.92,0.940000000000001,0.960000000000001,0.980000000000001,1.),(0.,0.08),
 .UNSPECIFIED.)
GEOMETRIC_REPRESENTATION_ITEM()
RATIONAL_B_SPLINE_SURFACE(((1.,1.),(1.,1.),(1.,1.),(1.,1.),(1.,1.),(1.,
1.),(1.,1.),(1.,1.),(1.,1.),(1.,1.),(1.,1.),(1.,1.),(1.,1.),(1.,1.),(1.,
1.),(1.,1.),(1.,1.),(1.,1.),(1.,1.),(1.,1.),(1.,1.),(1.,1.),(1.,1.),(1.,
1.),(1.,1.),(1.,1.),(1.,1.),(1.,1.),(1.,1.),(1.,1.),(1.,1.),(1.,1.),(1.,
1.),(1.,1.),(1.,1.),(1.,1.),(1.,1.),(1.,1.),(1.,1.),(1.,1.),(1.,1.),(1.,
1.),(1.,1.),(1.,1.),(1.,1.),(1.,1.),(1.,1.),(1.,1.),(1.,1.),(1.,1.),(1.,
1.),(1.,1.),(1.,1.),(1.,1.),(1.,1.)))
REPRESENTATION_ITEM('')
SURFACE()
);
#16=(
BOUNDED_SURFACE()
B_SPLINE_SURFACE(5,1,((#2964,#2965),(#2966,#2967),(#2968,#2969),(#2970,
#2971),(#2972,#2973),(#2974,#2975),(#2976,#2977),(#2978,#2979),(#2980,#2981),
(#2982,#2983),(#2984,#2985),(#2986,#2987),(#2988,#2989),(#2990,#2991),(#2992,
#2993),(#2994,#2995),(#2996,#2997),(#2998,#2999),(#3000,#3001),(#3002,#3003),
(#3004,#3005),(#3006,#3007),(#3008,#3009),(#3010,#3011),(#3012,#3013),(#3014,
#3015),(#3016,#3017),(#3018,#3019),(#3020,#3021),(#3022,#3023),(#3024,#3025),
(#3026,#3027),(#3028,#3029),(#3030,#3031),(#3032,#3033),(#3034,#3035),(#3036,
#3037),(#3038,#3039),(#3040,#3041),(#3042,#3043),(#3044,#3045),(#3046,#3047),
(#3048,#3049),(#3050,#3051),(#3052,#3053),(#3054,#3055),(#3056,#3057),(#3058,
#3059),(#3060,#3061),(#3062,#3063),(#3064,#3065),(#3066,#3067),(#3068,#3069),
(#3070,#3071),(#3072,#3073)),.UNSPECIFIED.,.F.,.F.,.F.)
B_SPLINE_SURFACE_WITH_KNOTS((6,1,1,1,1,1,1,1,1,1,1,1,1,1,1,1,1,1,1,1,1,
1,1,1,1,1,1,1,1,1,1,1,1,1,1,1,1,1,1,1,1,1,1,1,1,1,1,1,1,1,6),(2,2),(0.,
0.02,0.04,0.06,0.08,0.1,0.12,0.14,0.16,0.18,0.2,0.22,0.24,0.26,0.28,0.3,
0.32,0.34,0.36,0.38,0.4,0.42,0.44,0.46,0.48,0.5,0.52,0.54,0.56,0.58,0.6,
0.62,0.64,0.66,0.68,0.7,0.72,0.74,0.76,0.78,0.8,0.82,0.84,0.86,0.88,0.9,
0.92,0.940000000000001,0.960000000000001,0.980000000000001,1.),(0.,0.08),
 .UNSPECIFIED.)
GEOMETRIC_REPRESENTATION_ITEM()
RATIONAL_B_SPLINE_SURFACE(((1.,1.),(1.,1.),(1.,1.),(1.,1.),(1.,1.),(1.,
1.),(1.,1.),(1.,1.),(1.,1.),(1.,1.),(1.,1.),(1.,1.),(1.,1.),(1.,1.),(1.,
1.),(1.,1.),(1.,1.),(1.,1.),(1.,1.),(1.,1.),(1.,1.),(1.,1.),(1.,1.),(1.,
1.),(1.,1.),(1.,1.),(1.,1.),(1.,1.),(1.,1.),(1.,1.),(1.,1.),(1.,1.),(1.,
1.),(1.,1.),(1.,1.),(1.,1.),(1.,1.),(1.,1.),(1.,1.),(1.,1.),(1.,1.),(1.,
1.),(1.,1.),(1.,1.),(1.,1.),(1.,1.),(1.,1.),(1.,1.),(1.,1.),(1.,1.),(1.,
1.),(1.,1.),(1.,1.),(1.,1.),(1.,1.)))
REPRESENTATION_ITEM('')
SURFACE()
);
#17=(
BOUNDED_SURFACE()
B_SPLINE_SURFACE(5,1,((#3135,#3136),(#3137,#3138),(#3139,#3140),(#3141,
#3142),(#3143,#3144),(#3145,#3146),(#3147,#3148),(#3149,#3150),(#3151,#3152),
(#3153,#3154),(#3155,#3156),(#3157,#3158),(#3159,#3160),(#3161,#3162),(#3163,
#3164),(#3165,#3166),(#3167,#3168),(#3169,#3170),(#3171,#3172),(#3173,#3174),
(#3175,#3176),(#3177,#3178),(#3179,#3180),(#3181,#3182),(#3183,#3184),(#3185,
#3186),(#3187,#3188),(#3189,#3190),(#3191,#3192),(#3193,#3194),(#3195,#3196),
(#3197,#3198),(#3199,#3200),(#3201,#3202),(#3203,#3204),(#3205,#3206),(#3207,
#3208),(#3209,#3210),(#3211,#3212),(#3213,#3214),(#3215,#3216),(#3217,#3218),
(#3219,#3220),(#3221,#3222),(#3223,#3224),(#3225,#3226),(#3227,#3228),(#3229,
#3230),(#3231,#3232),(#3233,#3234),(#3235,#3236),(#3237,#3238),(#3239,#3240),
(#3241,#3242),(#3243,#3244)),.UNSPECIFIED.,.F.,.F.,.F.)
B_SPLINE_SURFACE_WITH_KNOTS((6,1,1,1,1,1,1,1,1,1,1,1,1,1,1,1,1,1,1,1,1,
1,1,1,1,1,1,1,1,1,1,1,1,1,1,1,1,1,1,1,1,1,1,1,1,1,1,1,1,1,6),(2,2),(0.,
0.02,0.04,0.06,0.08,0.1,0.12,0.14,0.16,0.18,0.2,0.22,0.24,0.26,0.28,0.3,
0.32,0.34,0.36,0.38,0.4,0.42,0.44,0.46,0.48,0.5,0.52,0.54,0.56,0.58,0.6,
0.62,0.64,0.66,0.68,0.7,0.72,0.74,0.76,0.78,0.8,0.82,0.84,0.86,0.88,0.9,
0.92,0.940000000000001,0.960000000000001,0.980000000000001,1.),(0.,0.08),
 .UNSPECIFIED.)
GEOMETRIC_REPRESENTATION_ITEM()
RATIONAL_B_SPLINE_SURFACE(((1.,1.),(1.,1.),(1.,1.),(1.,1.),(1.,1.),(1.,
1.),(1.,1.),(1.,1.),(1.,1.),(1.,1.),(1.,1.),(1.,1.),(1.,1.),(1.,1.),(1.,
1.),(1.,1.),(1.,1.),(1.,1.),(1.,1.),(1.,1.),(1.,1.),(1.,1.),(1.,1.),(1.,
1.),(1.,1.),(1.,1.),(1.,1.),(1.,1.),(1.,1.),(1.,1.),(1.,1.),(1.,1.),(1.,
1.),(1.,1.),(1.,1.),(1.,1.),(1.,1.),(1.,1.),(1.,1.),(1.,1.),(1.,1.),(1.,
1.),(1.,1.),(1.,1.),(1.,1.),(1.,1.),(1.,1.),(1.,1.),(1.,1.),(1.,1.),(1.,
1.),(1.,1.),(1.,1.),(1.,1.),(1.,1.)))
REPRESENTATION_ITEM('')
SURFACE()
);
#18=(
BOUNDED_SURFACE()
B_SPLINE_SURFACE(5,1,((#3306,#3307),(#3308,#3309),(#3310,#3311),(#3312,
#3313),(#3314,#3315),(#3316,#3317),(#3318,#3319),(#3320,#3321),(#3322,#3323),
(#3324,#3325),(#3326,#3327),(#3328,#3329),(#3330,#3331),(#3332,#3333),(#3334,
#3335),(#3336,#3337),(#3338,#3339),(#3340,#3341),(#3342,#3343),(#3344,#3345),
(#3346,#3347),(#3348,#3349),(#3350,#3351),(#3352,#3353),(#3354,#3355),(#3356,
#3357),(#3358,#3359),(#3360,#3361),(#3362,#3363),(#3364,#3365),(#3366,#3367),
(#3368,#3369),(#3370,#3371),(#3372,#3373),(#3374,#3375),(#3376,#3377),(#3378,
#3379),(#3380,#3381),(#3382,#3383),(#3384,#3385),(#3386,#3387),(#3388,#3389),
(#3390,#3391),(#3392,#3393),(#3394,#3395),(#3396,#3397),(#3398,#3399),(#3400,
#3401),(#3402,#3403),(#3404,#3405),(#3406,#3407),(#3408,#3409),(#3410,#3411),
(#3412,#3413),(#3414,#3415)),.UNSPECIFIED.,.F.,.F.,.F.)
B_SPLINE_SURFACE_WITH_KNOTS((6,1,1,1,1,1,1,1,1,1,1,1,1,1,1,1,1,1,1,1,1,
1,1,1,1,1,1,1,1,1,1,1,1,1,1,1,1,1,1,1,1,1,1,1,1,1,1,1,1,1,6),(2,2),(0.,
0.02,0.04,0.06,0.08,0.1,0.12,0.14,0.16,0.18,0.2,0.22,0.24,0.26,0.28,0.3,
0.32,0.34,0.36,0.38,0.4,0.42,0.44,0.46,0.48,0.5,0.52,0.54,0.56,0.58,0.6,
0.62,0.64,0.66,0.68,0.7,0.72,0.74,0.76,0.78,0.8,0.82,0.84,0.86,0.88,0.9,
0.92,0.940000000000001,0.960000000000001,0.980000000000001,1.),(0.,0.08),
 .UNSPECIFIED.)
GEOMETRIC_REPRESENTATION_ITEM()
RATIONAL_B_SPLINE_SURFACE(((1.,1.),(1.,1.),(1.,1.),(1.,1.),(1.,1.),(1.,
1.),(1.,1.),(1.,1.),(1.,1.),(1.,1.),(1.,1.),(1.,1.),(1.,1.),(1.,1.),(1.,
1.),(1.,1.),(1.,1.),(1.,1.),(1.,1.),(1.,1.),(1.,1.),(1.,1.),(1.,1.),(1.,
1.),(1.,1.),(1.,1.),(1.,1.),(1.,1.),(1.,1.),(1.,1.),(1.,1.),(1.,1.),(1.,
1.),(1.,1.),(1.,1.),(1.,1.),(1.,1.),(1.,1.),(1.,1.),(1.,1.),(1.,1.),(1.,
1.),(1.,1.),(1.,1.),(1.,1.),(1.,1.),(1.,1.),(1.,1.),(1.,1.),(1.,1.),(1.,
1.),(1.,1.),(1.,1.),(1.,1.),(1.,1.)))
REPRESENTATION_ITEM('')
SURFACE()
);
#19=(
BOUNDED_SURFACE()
B_SPLINE_SURFACE(5,1,((#3493,#3494),(#3495,#3496),(#3497,#3498),(#3499,
#3500),(#3501,#3502),(#3503,#3504),(#3505,#3506),(#3507,#3508),(#3509,#3510),
(#3511,#3512),(#3513,#3514),(#3515,#3516),(#3517,#3518),(#3519,#3520),(#3521,
#3522),(#3523,#3524),(#3525,#3526),(#3527,#3528),(#3529,#3530),(#3531,#3532),
(#3533,#3534),(#3535,#3536),(#3537,#3538),(#3539,#3540),(#3541,#3542),(#3543,
#3544),(#3545,#3546),(#3547,#3548),(#3549,#3550),(#3551,#3552),(#3553,#3554),
(#3555,#3556),(#3557,#3558),(#3559,#3560),(#3561,#3562),(#3563,#3564),(#3565,
#3566),(#3567,#3568),(#3569,#3570),(#3571,#3572),(#3573,#3574),(#3575,#3576),
(#3577,#3578),(#3579,#3580),(#3581,#3582),(#3583,#3584),(#3585,#3586),(#3587,
#3588),(#3589,#3590),(#3591,#3592),(#3593,#3594),(#3595,#3596),(#3597,#3598),
(#3599,#3600),(#3601,#3602)),.UNSPECIFIED.,.F.,.F.,.F.)
B_SPLINE_SURFACE_WITH_KNOTS((6,1,1,1,1,1,1,1,1,1,1,1,1,1,1,1,1,1,1,1,1,
1,1,1,1,1,1,1,1,1,1,1,1,1,1,1,1,1,1,1,1,1,1,1,1,1,1,1,1,1,6),(2,2),(0.,
0.02,0.04,0.06,0.08,0.1,0.12,0.14,0.16,0.18,0.2,0.22,0.24,0.26,0.28,0.3,
0.32,0.34,0.36,0.38,0.4,0.42,0.44,0.46,0.48,0.5,0.52,0.54,0.56,0.58,0.6,
0.62,0.64,0.66,0.68,0.7,0.72,0.74,0.76,0.78,0.8,0.82,0.84,0.86,0.88,0.9,
0.92,0.940000000000001,0.960000000000001,0.980000000000001,1.),(0.,0.08),
 .UNSPECIFIED.)
GEOMETRIC_REPRESENTATION_ITEM()
RATIONAL_B_SPLINE_SURFACE(((1.,1.),(1.,1.),(1.,1.),(1.,1.),(1.,1.),(1.,
1.),(1.,1.),(1.,1.),(1.,1.),(1.,1.),(1.,1.),(1.,1.),(1.,1.),(1.,1.),(1.,
1.),(1.,1.),(1.,1.),(1.,1.),(1.,1.),(1.,1.),(1.,1.),(1.,1.),(1.,1.),(1.,
1.),(1.,1.),(1.,1.),(1.,1.),(1.,1.),(1.,1.),(1.,1.),(1.,1.),(1.,1.),(1.,
1.),(1.,1.),(1.,1.),(1.,1.),(1.,1.),(1.,1.),(1.,1.),(1.,1.),(1.,1.),(1.,
1.),(1.,1.),(1.,1.),(1.,1.),(1.,1.),(1.,1.),(1.,1.),(1.,1.),(1.,1.),(1.,
1.),(1.,1.),(1.,1.),(1.,1.),(1.,1.)))
REPRESENTATION_ITEM('')
SURFACE()
);
#20=(
BOUNDED_SURFACE()
B_SPLINE_SURFACE(5,1,((#3664,#3665),(#3666,#3667),(#3668,#3669),(#3670,
#3671),(#3672,#3673),(#3674,#3675),(#3676,#3677),(#3678,#3679),(#3680,#3681),
(#3682,#3683),(#3684,#3685),(#3686,#3687),(#3688,#3689),(#3690,#3691),(#3692,
#3693),(#3694,#3695),(#3696,#3697),(#3698,#3699),(#3700,#3701),(#3702,#3703),
(#3704,#3705),(#3706,#3707),(#3708,#3709),(#3710,#3711),(#3712,#3713),(#3714,
#3715),(#3716,#3717),(#3718,#3719),(#3720,#3721),(#3722,#3723),(#3724,#3725),
(#3726,#3727),(#3728,#3729),(#3730,#3731),(#3732,#3733),(#3734,#3735),(#3736,
#3737),(#3738,#3739),(#3740,#3741),(#3742,#3743),(#3744,#3745),(#3746,#3747),
(#3748,#3749),(#3750,#3751),(#3752,#3753),(#3754,#3755),(#3756,#3757),(#3758,
#3759),(#3760,#3761),(#3762,#3763),(#3764,#3765),(#3766,#3767),(#3768,#3769),
(#3770,#3771),(#3772,#3773)),.UNSPECIFIED.,.F.,.F.,.F.)
B_SPLINE_SURFACE_WITH_KNOTS((6,1,1,1,1,1,1,1,1,1,1,1,1,1,1,1,1,1,1,1,1,
1,1,1,1,1,1,1,1,1,1,1,1,1,1,1,1,1,1,1,1,1,1,1,1,1,1,1,1,1,6),(2,2),(0.,
0.02,0.04,0.06,0.08,0.1,0.12,0.14,0.16,0.18,0.2,0.22,0.24,0.26,0.28,0.3,
0.32,0.34,0.36,0.38,0.4,0.42,0.44,0.46,0.48,0.5,0.52,0.54,0.56,0.58,0.6,
0.62,0.64,0.66,0.68,0.7,0.72,0.74,0.76,0.78,0.8,0.82,0.84,0.86,0.88,0.9,
0.92,0.940000000000001,0.960000000000001,0.980000000000001,1.),(0.,0.08),
 .UNSPECIFIED.)
GEOMETRIC_REPRESENTATION_ITEM()
RATIONAL_B_SPLINE_SURFACE(((1.,1.),(1.,1.),(1.,1.),(1.,1.),(1.,1.),(1.,
1.),(1.,1.),(1.,1.),(1.,1.),(1.,1.),(1.,1.),(1.,1.),(1.,1.),(1.,1.),(1.,
1.),(1.,1.),(1.,1.),(1.,1.),(1.,1.),(1.,1.),(1.,1.),(1.,1.),(1.,1.),(1.,
1.),(1.,1.),(1.,1.),(1.,1.),(1.,1.),(1.,1.),(1.,1.),(1.,1.),(1.,1.),(1.,
1.),(1.,1.),(1.,1.),(1.,1.),(1.,1.),(1.,1.),(1.,1.),(1.,1.),(1.,1.),(1.,
1.),(1.,1.),(1.,1.),(1.,1.),(1.,1.),(1.,1.),(1.,1.),(1.,1.),(1.,1.),(1.,
1.),(1.,1.),(1.,1.),(1.,1.),(1.,1.)))
REPRESENTATION_ITEM('')
SURFACE()
);
#21=(
BOUNDED_SURFACE()
B_SPLINE_SURFACE(5,1,((#3831,#3832),(#3833,#3834),(#3835,#3836),(#3837,
#3838),(#3839,#3840),(#3841,#3842),(#3843,#3844),(#3845,#3846),(#3847,#3848),
(#3849,#3850),(#3851,#3852),(#3853,#3854),(#3855,#3856),(#3857,#3858),(#3859,
#3860),(#3861,#3862),(#3863,#3864),(#3865,#3866),(#3867,#3868),(#3869,#3870),
(#3871,#3872),(#3873,#3874),(#3875,#3876),(#3877,#3878),(#3879,#3880),(#3881,
#3882),(#3883,#3884),(#3885,#3886),(#3887,#3888),(#3889,#3890),(#3891,#3892),
(#3893,#3894),(#3895,#3896),(#3897,#3898),(#3899,#3900),(#3901,#3902),(#3903,
#3904),(#3905,#3906),(#3907,#3908),(#3909,#3910),(#3911,#3912),(#3913,#3914),
(#3915,#3916),(#3917,#3918),(#3919,#3920),(#3921,#3922),(#3923,#3924),(#3925,
#3926),(#3927,#3928),(#3929,#3930),(#3931,#3932),(#3933,#3934),(#3935,#3936),
(#3937,#3938),(#3939,#3940)),.UNSPECIFIED.,.F.,.F.,.F.)
B_SPLINE_SURFACE_WITH_KNOTS((6,1,1,1,1,1,1,1,1,1,1,1,1,1,1,1,1,1,1,1,1,
1,1,1,1,1,1,1,1,1,1,1,1,1,1,1,1,1,1,1,1,1,1,1,1,1,1,1,1,1,6),(2,2),(0.,
0.02,0.04,0.06,0.08,0.1,0.12,0.14,0.16,0.18,0.2,0.22,0.24,0.26,0.28,0.3,
0.32,0.34,0.36,0.38,0.4,0.42,0.44,0.46,0.48,0.5,0.52,0.54,0.56,0.58,0.6,
0.62,0.64,0.66,0.68,0.7,0.72,0.74,0.76,0.78,0.8,0.82,0.84,0.86,0.88,0.9,
0.92,0.940000000000001,0.960000000000001,0.980000000000001,1.),(0.,0.08),
 .UNSPECIFIED.)
GEOMETRIC_REPRESENTATION_ITEM()
RATIONAL_B_SPLINE_SURFACE(((1.,1.),(1.,1.),(1.,1.),(1.,1.),(1.,1.),(1.,
1.),(1.,1.),(1.,1.),(1.,1.),(1.,1.),(1.,1.),(1.,1.),(1.,1.),(1.,1.),(1.,
1.),(1.,1.),(1.,1.),(1.,1.),(1.,1.),(1.,1.),(1.,1.),(1.,1.),(1.,1.),(1.,
1.),(1.,1.),(1.,1.),(1.,1.),(1.,1.),(1.,1.),(1.,1.),(1.,1.),(1.,1.),(1.,
1.),(1.,1.),(1.,1.),(1.,1.),(1.,1.),(1.,1.),(1.,1.),(1.,1.),(1.,1.),(1.,
1.),(1.,1.),(1.,1.),(1.,1.),(1.,1.),(1.,1.),(1.,1.),(1.,1.),(1.,1.),(1.,
1.),(1.,1.),(1.,1.),(1.,1.),(1.,1.)))
REPRESENTATION_ITEM('')
SURFACE()
);
#22=(
BOUNDED_SURFACE()
B_SPLINE_SURFACE(5,1,((#4001,#4002),(#4003,#4004),(#4005,#4006),(#4007,
#4008),(#4009,#4010),(#4011,#4012),(#4013,#4014),(#4015,#4016),(#4017,#4018),
(#4019,#4020),(#4021,#4022),(#4023,#4024),(#4025,#4026),(#4027,#4028),(#4029,
#4030),(#4031,#4032),(#4033,#4034),(#4035,#4036),(#4037,#4038),(#4039,#4040),
(#4041,#4042),(#4043,#4044),(#4045,#4046),(#4047,#4048),(#4049,#4050),(#4051,
#4052),(#4053,#4054),(#4055,#4056),(#4057,#4058),(#4059,#4060),(#4061,#4062),
(#4063,#4064),(#4065,#4066),(#4067,#4068),(#4069,#4070),(#4071,#4072),(#4073,
#4074),(#4075,#4076),(#4077,#4078),(#4079,#4080),(#4081,#4082),(#4083,#4084),
(#4085,#4086),(#4087,#4088),(#4089,#4090),(#4091,#4092),(#4093,#4094),(#4095,
#4096),(#4097,#4098),(#4099,#4100),(#4101,#4102),(#4103,#4104),(#4105,#4106),
(#4107,#4108),(#4109,#4110)),.UNSPECIFIED.,.F.,.F.,.F.)
B_SPLINE_SURFACE_WITH_KNOTS((6,1,1,1,1,1,1,1,1,1,1,1,1,1,1,1,1,1,1,1,1,
1,1,1,1,1,1,1,1,1,1,1,1,1,1,1,1,1,1,1,1,1,1,1,1,1,1,1,1,1,6),(2,2),(0.,
0.02,0.04,0.06,0.08,0.1,0.12,0.14,0.16,0.18,0.2,0.22,0.24,0.26,0.28,0.3,
0.32,0.34,0.36,0.38,0.4,0.42,0.44,0.46,0.48,0.5,0.52,0.54,0.56,0.58,0.6,
0.62,0.64,0.66,0.68,0.7,0.72,0.74,0.76,0.78,0.8,0.82,0.84,0.86,0.88,0.9,
0.92,0.940000000000001,0.960000000000001,0.980000000000001,1.),(0.,0.08),
 .UNSPECIFIED.)
GEOMETRIC_REPRESENTATION_ITEM()
RATIONAL_B_SPLINE_SURFACE(((1.,1.),(1.,1.),(1.,1.),(1.,1.),(1.,1.),(1.,
1.),(1.,1.),(1.,1.),(1.,1.),(1.,1.),(1.,1.),(1.,1.),(1.,1.),(1.,1.),(1.,
1.),(1.,1.),(1.,1.),(1.,1.),(1.,1.),(1.,1.),(1.,1.),(1.,1.),(1.,1.),(1.,
1.),(1.,1.),(1.,1.),(1.,1.),(1.,1.),(1.,1.),(1.,1.),(1.,1.),(1.,1.),(1.,
1.),(1.,1.),(1.,1.),(1.,1.),(1.,1.),(1.,1.),(1.,1.),(1.,1.),(1.,1.),(1.,
1.),(1.,1.),(1.,1.),(1.,1.),(1.,1.),(1.,1.),(1.,1.),(1.,1.),(1.,1.),(1.,
1.),(1.,1.),(1.,1.),(1.,1.),(1.,1.)))
REPRESENTATION_ITEM('')
SURFACE()
);
#23=(
BOUNDED_SURFACE()
B_SPLINE_SURFACE(5,1,((#4168,#4169),(#4170,#4171),(#4172,#4173),(#4174,
#4175),(#4176,#4177),(#4178,#4179),(#4180,#4181),(#4182,#4183),(#4184,#4185),
(#4186,#4187),(#4188,#4189),(#4190,#4191),(#4192,#4193),(#4194,#4195),(#4196,
#4197),(#4198,#4199),(#4200,#4201),(#4202,#4203),(#4204,#4205),(#4206,#4207),
(#4208,#4209),(#4210,#4211),(#4212,#4213),(#4214,#4215),(#4216,#4217),(#4218,
#4219),(#4220,#4221),(#4222,#4223),(#4224,#4225),(#4226,#4227),(#4228,#4229),
(#4230,#4231),(#4232,#4233),(#4234,#4235),(#4236,#4237),(#4238,#4239),(#4240,
#4241),(#4242,#4243),(#4244,#4245),(#4246,#4247),(#4248,#4249),(#4250,#4251),
(#4252,#4253),(#4254,#4255),(#4256,#4257),(#4258,#4259),(#4260,#4261),(#4262,
#4263),(#4264,#4265),(#4266,#4267),(#4268,#4269),(#4270,#4271),(#4272,#4273),
(#4274,#4275),(#4276,#4277)),.UNSPECIFIED.,.F.,.F.,.F.)
B_SPLINE_SURFACE_WITH_KNOTS((6,1,1,1,1,1,1,1,1,1,1,1,1,1,1,1,1,1,1,1,1,
1,1,1,1,1,1,1,1,1,1,1,1,1,1,1,1,1,1,1,1,1,1,1,1,1,1,1,1,1,6),(2,2),(0.,
0.02,0.04,0.06,0.08,0.1,0.12,0.14,0.16,0.18,0.2,0.22,0.24,0.26,0.28,0.3,
0.32,0.34,0.36,0.38,0.4,0.42,0.44,0.46,0.48,0.5,0.52,0.54,0.56,0.58,0.6,
0.62,0.64,0.66,0.68,0.7,0.72,0.74,0.76,0.78,0.8,0.82,0.84,0.86,0.88,0.9,
0.92,0.940000000000001,0.960000000000001,0.980000000000001,1.),(0.,0.08),
 .UNSPECIFIED.)
GEOMETRIC_REPRESENTATION_ITEM()
RATIONAL_B_SPLINE_SURFACE(((1.,1.),(1.,1.),(1.,1.),(1.,1.),(1.,1.),(1.,
1.),(1.,1.),(1.,1.),(1.,1.),(1.,1.),(1.,1.),(1.,1.),(1.,1.),(1.,1.),(1.,
1.),(1.,1.),(1.,1.),(1.,1.),(1.,1.),(1.,1.),(1.,1.),(1.,1.),(1.,1.),(1.,
1.),(1.,1.),(1.,1.),(1.,1.),(1.,1.),(1.,1.),(1.,1.),(1.,1.),(1.,1.),(1.,
1.),(1.,1.),(1.,1.),(1.,1.),(1.,1.),(1.,1.),(1.,1.),(1.,1.),(1.,1.),(1.,
1.),(1.,1.),(1.,1.),(1.,1.),(1.,1.),(1.,1.),(1.,1.),(1.,1.),(1.,1.),(1.,
1.),(1.,1.),(1.,1.),(1.,1.),(1.,1.)))
REPRESENTATION_ITEM('')
SURFACE()
);
#24=(
BOUNDED_SURFACE()
B_SPLINE_SURFACE(5,1,((#4339,#4340),(#4341,#4342),(#4343,#4344),(#4345,
#4346),(#4347,#4348),(#4349,#4350),(#4351,#4352),(#4353,#4354),(#4355,#4356),
(#4357,#4358),(#4359,#4360),(#4361,#4362),(#4363,#4364),(#4365,#4366),(#4367,
#4368),(#4369,#4370),(#4371,#4372),(#4373,#4374),(#4375,#4376),(#4377,#4378),
(#4379,#4380),(#4381,#4382),(#4383,#4384),(#4385,#4386),(#4387,#4388),(#4389,
#4390),(#4391,#4392),(#4393,#4394),(#4395,#4396),(#4397,#4398),(#4399,#4400),
(#4401,#4402),(#4403,#4404),(#4405,#4406),(#4407,#4408),(#4409,#4410),(#4411,
#4412),(#4413,#4414),(#4415,#4416),(#4417,#4418),(#4419,#4420),(#4421,#4422),
(#4423,#4424),(#4425,#4426),(#4427,#4428),(#4429,#4430),(#4431,#4432),(#4433,
#4434),(#4435,#4436),(#4437,#4438),(#4439,#4440),(#4441,#4442),(#4443,#4444),
(#4445,#4446),(#4447,#4448)),.UNSPECIFIED.,.F.,.F.,.F.)
B_SPLINE_SURFACE_WITH_KNOTS((6,1,1,1,1,1,1,1,1,1,1,1,1,1,1,1,1,1,1,1,1,
1,1,1,1,1,1,1,1,1,1,1,1,1,1,1,1,1,1,1,1,1,1,1,1,1,1,1,1,1,6),(2,2),(0.,
0.02,0.04,0.06,0.08,0.1,0.12,0.14,0.16,0.18,0.2,0.22,0.24,0.26,0.28,0.3,
0.32,0.34,0.36,0.38,0.4,0.42,0.44,0.46,0.48,0.5,0.52,0.54,0.56,0.58,0.6,
0.62,0.64,0.66,0.68,0.7,0.72,0.74,0.76,0.78,0.8,0.82,0.84,0.86,0.88,0.9,
0.92,0.940000000000001,0.960000000000001,0.980000000000001,1.),(0.,0.08),
 .UNSPECIFIED.)
GEOMETRIC_REPRESENTATION_ITEM()
RATIONAL_B_SPLINE_SURFACE(((1.,1.),(1.,1.),(1.,1.),(1.,1.),(1.,1.),(1.,
1.),(1.,1.),(1.,1.),(1.,1.),(1.,1.),(1.,1.),(1.,1.),(1.,1.),(1.,1.),(1.,
1.),(1.,1.),(1.,1.),(1.,1.),(1.,1.),(1.,1.),(1.,1.),(1.,1.),(1.,1.),(1.,
1.),(1.,1.),(1.,1.),(1.,1.),(1.,1.),(1.,1.),(1.,1.),(1.,1.),(1.,1.),(1.,
1.),(1.,1.),(1.,1.),(1.,1.),(1.,1.),(1.,1.),(1.,1.),(1.,1.),(1.,1.),(1.,
1.),(1.,1.),(1.,1.),(1.,1.),(1.,1.),(1.,1.),(1.,1.),(1.,1.),(1.,1.),(1.,
1.),(1.,1.),(1.,1.),(1.,1.),(1.,1.)))
REPRESENTATION_ITEM('')
SURFACE()
);
#25=(
BOUNDED_SURFACE()
B_SPLINE_SURFACE(5,1,((#4510,#4511),(#4512,#4513),(#4514,#4515),(#4516,
#4517),(#4518,#4519),(#4520,#4521),(#4522,#4523),(#4524,#4525),(#4526,#4527),
(#4528,#4529),(#4530,#4531),(#4532,#4533),(#4534,#4535),(#4536,#4537),(#4538,
#4539),(#4540,#4541),(#4542,#4543),(#4544,#4545),(#4546,#4547),(#4548,#4549),
(#4550,#4551),(#4552,#4553),(#4554,#4555),(#4556,#4557),(#4558,#4559),(#4560,
#4561),(#4562,#4563),(#4564,#4565),(#4566,#4567),(#4568,#4569),(#4570,#4571),
(#4572,#4573),(#4574,#4575),(#4576,#4577),(#4578,#4579),(#4580,#4581),(#4582,
#4583),(#4584,#4585),(#4586,#4587),(#4588,#4589),(#4590,#4591),(#4592,#4593),
(#4594,#4595),(#4596,#4597),(#4598,#4599),(#4600,#4601),(#4602,#4603),(#4604,
#4605),(#4606,#4607),(#4608,#4609),(#4610,#4611),(#4612,#4613),(#4614,#4615),
(#4616,#4617),(#4618,#4619)),.UNSPECIFIED.,.F.,.F.,.F.)
B_SPLINE_SURFACE_WITH_KNOTS((6,1,1,1,1,1,1,1,1,1,1,1,1,1,1,1,1,1,1,1,1,
1,1,1,1,1,1,1,1,1,1,1,1,1,1,1,1,1,1,1,1,1,1,1,1,1,1,1,1,1,6),(2,2),(0.,
0.02,0.04,0.06,0.08,0.1,0.12,0.14,0.16,0.18,0.2,0.22,0.24,0.26,0.28,0.3,
0.32,0.34,0.36,0.38,0.4,0.42,0.44,0.46,0.48,0.5,0.52,0.54,0.56,0.58,0.6,
0.62,0.64,0.66,0.68,0.7,0.72,0.74,0.76,0.78,0.8,0.82,0.84,0.86,0.88,0.9,
0.92,0.940000000000001,0.960000000000001,0.980000000000001,1.),(0.,0.08),
 .UNSPECIFIED.)
GEOMETRIC_REPRESENTATION_ITEM()
RATIONAL_B_SPLINE_SURFACE(((1.,1.),(1.,1.),(1.,1.),(1.,1.),(1.,1.),(1.,
1.),(1.,1.),(1.,1.),(1.,1.),(1.,1.),(1.,1.),(1.,1.),(1.,1.),(1.,1.),(1.,
1.),(1.,1.),(1.,1.),(1.,1.),(1.,1.),(1.,1.),(1.,1.),(1.,1.),(1.,1.),(1.,
1.),(1.,1.),(1.,1.),(1.,1.),(1.,1.),(1.,1.),(1.,1.),(1.,1.),(1.,1.),(1.,
1.),(1.,1.),(1.,1.),(1.,1.),(1.,1.),(1.,1.),(1.,1.),(1.,1.),(1.,1.),(1.,
1.),(1.,1.),(1.,1.),(1.,1.),(1.,1.),(1.,1.),(1.,1.),(1.,1.),(1.,1.),(1.,
1.),(1.,1.),(1.,1.),(1.,1.),(1.,1.)))
REPRESENTATION_ITEM('')
SURFACE()
);
#26=(
BOUNDED_SURFACE()
B_SPLINE_SURFACE(5,1,((#4677,#4678),(#4679,#4680),(#4681,#4682),(#4683,
#4684),(#4685,#4686),(#4687,#4688),(#4689,#4690),(#4691,#4692),(#4693,#4694),
(#4695,#4696),(#4697,#4698),(#4699,#4700),(#4701,#4702),(#4703,#4704),(#4705,
#4706),(#4707,#4708),(#4709,#4710),(#4711,#4712),(#4713,#4714),(#4715,#4716),
(#4717,#4718),(#4719,#4720),(#4721,#4722),(#4723,#4724),(#4725,#4726),(#4727,
#4728),(#4729,#4730),(#4731,#4732),(#4733,#4734),(#4735,#4736),(#4737,#4738),
(#4739,#4740),(#4741,#4742),(#4743,#4744),(#4745,#4746),(#4747,#4748),(#4749,
#4750),(#4751,#4752),(#4753,#4754),(#4755,#4756),(#4757,#4758),(#4759,#4760),
(#4761,#4762),(#4763,#4764),(#4765,#4766),(#4767,#4768),(#4769,#4770),(#4771,
#4772),(#4773,#4774),(#4775,#4776),(#4777,#4778),(#4779,#4780),(#4781,#4782),
(#4783,#4784),(#4785,#4786)),.UNSPECIFIED.,.F.,.F.,.F.)
B_SPLINE_SURFACE_WITH_KNOTS((6,1,1,1,1,1,1,1,1,1,1,1,1,1,1,1,1,1,1,1,1,
1,1,1,1,1,1,1,1,1,1,1,1,1,1,1,1,1,1,1,1,1,1,1,1,1,1,1,1,1,6),(2,2),(0.,
0.02,0.04,0.06,0.08,0.1,0.12,0.14,0.16,0.18,0.2,0.22,0.24,0.26,0.28,0.3,
0.32,0.34,0.36,0.38,0.4,0.42,0.44,0.46,0.48,0.5,0.52,0.54,0.56,0.58,0.6,
0.62,0.64,0.66,0.68,0.7,0.72,0.74,0.76,0.78,0.8,0.82,0.84,0.86,0.88,0.9,
0.92,0.940000000000001,0.960000000000001,0.980000000000001,1.),(0.,0.08),
 .UNSPECIFIED.)
GEOMETRIC_REPRESENTATION_ITEM()
RATIONAL_B_SPLINE_SURFACE(((1.,1.),(1.,1.),(1.,1.),(1.,1.),(1.,1.),(1.,
1.),(1.,1.),(1.,1.),(1.,1.),(1.,1.),(1.,1.),(1.,1.),(1.,1.),(1.,1.),(1.,
1.),(1.,1.),(1.,1.),(1.,1.),(1.,1.),(1.,1.),(1.,1.),(1.,1.),(1.,1.),(1.,
1.),(1.,1.),(1.,1.),(1.,1.),(1.,1.),(1.,1.),(1.,1.),(1.,1.),(1.,1.),(1.,
1.),(1.,1.),(1.,1.),(1.,1.),(1.,1.),(1.,1.),(1.,1.),(1.,1.),(1.,1.),(1.,
1.),(1.,1.),(1.,1.),(1.,1.),(1.,1.),(1.,1.),(1.,1.),(1.,1.),(1.,1.),(1.,
1.),(1.,1.),(1.,1.),(1.,1.),(1.,1.)))
REPRESENTATION_ITEM('')
SURFACE()
);
#27=(
BOUNDED_SURFACE()
B_SPLINE_SURFACE(5,1,((#4848,#4849),(#4850,#4851),(#4852,#4853),(#4854,
#4855),(#4856,#4857),(#4858,#4859),(#4860,#4861),(#4862,#4863),(#4864,#4865),
(#4866,#4867),(#4868,#4869),(#4870,#4871),(#4872,#4873),(#4874,#4875),(#4876,
#4877),(#4878,#4879),(#4880,#4881),(#4882,#4883),(#4884,#4885),(#4886,#4887),
(#4888,#4889),(#4890,#4891),(#4892,#4893),(#4894,#4895),(#4896,#4897),(#4898,
#4899),(#4900,#4901),(#4902,#4903),(#4904,#4905),(#4906,#4907),(#4908,#4909),
(#4910,#4911),(#4912,#4913),(#4914,#4915),(#4916,#4917),(#4918,#4919),(#4920,
#4921),(#4922,#4923),(#4924,#4925),(#4926,#4927),(#4928,#4929),(#4930,#4931),
(#4932,#4933),(#4934,#4935),(#4936,#4937),(#4938,#4939),(#4940,#4941),(#4942,
#4943),(#4944,#4945),(#4946,#4947),(#4948,#4949),(#4950,#4951),(#4952,#4953),
(#4954,#4955),(#4956,#4957)),.UNSPECIFIED.,.F.,.F.,.F.)
B_SPLINE_SURFACE_WITH_KNOTS((6,1,1,1,1,1,1,1,1,1,1,1,1,1,1,1,1,1,1,1,1,
1,1,1,1,1,1,1,1,1,1,1,1,1,1,1,1,1,1,1,1,1,1,1,1,1,1,1,1,1,6),(2,2),(0.,
0.02,0.04,0.06,0.08,0.1,0.12,0.14,0.16,0.18,0.2,0.22,0.24,0.26,0.28,0.3,
0.32,0.34,0.36,0.38,0.4,0.42,0.44,0.46,0.48,0.5,0.52,0.54,0.56,0.58,0.6,
0.62,0.64,0.66,0.68,0.7,0.72,0.74,0.76,0.78,0.8,0.82,0.84,0.86,0.88,0.9,
0.92,0.940000000000001,0.960000000000001,0.980000000000001,1.),(0.,0.08),
 .UNSPECIFIED.)
GEOMETRIC_REPRESENTATION_ITEM()
RATIONAL_B_SPLINE_SURFACE(((1.,1.),(1.,1.),(1.,1.),(1.,1.),(1.,1.),(1.,
1.),(1.,1.),(1.,1.),(1.,1.),(1.,1.),(1.,1.),(1.,1.),(1.,1.),(1.,1.),(1.,
1.),(1.,1.),(1.,1.),(1.,1.),(1.,1.),(1.,1.),(1.,1.),(1.,1.),(1.,1.),(1.,
1.),(1.,1.),(1.,1.),(1.,1.),(1.,1.),(1.,1.),(1.,1.),(1.,1.),(1.,1.),(1.,
1.),(1.,1.),(1.,1.),(1.,1.),(1.,1.),(1.,1.),(1.,1.),(1.,1.),(1.,1.),(1.,
1.),(1.,1.),(1.,1.),(1.,1.),(1.,1.),(1.,1.),(1.,1.),(1.,1.),(1.,1.),(1.,
1.),(1.,1.),(1.,1.),(1.,1.),(1.,1.)))
REPRESENTATION_ITEM('')
SURFACE()
);
#28=(
BOUNDED_SURFACE()
B_SPLINE_SURFACE(5,1,((#5015,#5016),(#5017,#5018),(#5019,#5020),(#5021,
#5022),(#5023,#5024),(#5025,#5026),(#5027,#5028),(#5029,#5030),(#5031,#5032),
(#5033,#5034),(#5035,#5036),(#5037,#5038),(#5039,#5040),(#5041,#5042),(#5043,
#5044),(#5045,#5046),(#5047,#5048),(#5049,#5050),(#5051,#5052),(#5053,#5054),
(#5055,#5056),(#5057,#5058),(#5059,#5060),(#5061,#5062),(#5063,#5064),(#5065,
#5066),(#5067,#5068),(#5069,#5070),(#5071,#5072),(#5073,#5074),(#5075,#5076),
(#5077,#5078),(#5079,#5080),(#5081,#5082),(#5083,#5084),(#5085,#5086),(#5087,
#5088),(#5089,#5090),(#5091,#5092),(#5093,#5094),(#5095,#5096),(#5097,#5098),
(#5099,#5100),(#5101,#5102),(#5103,#5104),(#5105,#5106),(#5107,#5108),(#5109,
#5110),(#5111,#5112),(#5113,#5114),(#5115,#5116),(#5117,#5118),(#5119,#5120),
(#5121,#5122),(#5123,#5124)),.UNSPECIFIED.,.F.,.F.,.F.)
B_SPLINE_SURFACE_WITH_KNOTS((6,1,1,1,1,1,1,1,1,1,1,1,1,1,1,1,1,1,1,1,1,
1,1,1,1,1,1,1,1,1,1,1,1,1,1,1,1,1,1,1,1,1,1,1,1,1,1,1,1,1,6),(2,2),(0.,
0.02,0.04,0.06,0.08,0.1,0.12,0.14,0.16,0.18,0.2,0.22,0.24,0.26,0.28,0.3,
0.32,0.34,0.36,0.38,0.4,0.42,0.44,0.46,0.48,0.5,0.52,0.54,0.56,0.58,0.6,
0.62,0.64,0.66,0.68,0.7,0.72,0.74,0.76,0.78,0.8,0.82,0.84,0.86,0.88,0.9,
0.92,0.940000000000001,0.960000000000001,0.980000000000001,1.),(0.,0.08),
 .UNSPECIFIED.)
GEOMETRIC_REPRESENTATION_ITEM()
RATIONAL_B_SPLINE_SURFACE(((1.,1.),(1.,1.),(1.,1.),(1.,1.),(1.,1.),(1.,
1.),(1.,1.),(1.,1.),(1.,1.),(1.,1.),(1.,1.),(1.,1.),(1.,1.),(1.,1.),(1.,
1.),(1.,1.),(1.,1.),(1.,1.),(1.,1.),(1.,1.),(1.,1.),(1.,1.),(1.,1.),(1.,
1.),(1.,1.),(1.,1.),(1.,1.),(1.,1.),(1.,1.),(1.,1.),(1.,1.),(1.,1.),(1.,
1.),(1.,1.),(1.,1.),(1.,1.),(1.,1.),(1.,1.),(1.,1.),(1.,1.),(1.,1.),(1.,
1.),(1.,1.),(1.,1.),(1.,1.),(1.,1.),(1.,1.),(1.,1.),(1.,1.),(1.,1.),(1.,
1.),(1.,1.),(1.,1.),(1.,1.),(1.,1.)))
REPRESENTATION_ITEM('')
SURFACE()
);
#29=(
BOUNDED_SURFACE()
B_SPLINE_SURFACE(5,1,((#5186,#5187),(#5188,#5189),(#5190,#5191),(#5192,
#5193),(#5194,#5195),(#5196,#5197),(#5198,#5199),(#5200,#5201),(#5202,#5203),
(#5204,#5205),(#5206,#5207),(#5208,#5209),(#5210,#5211),(#5212,#5213),(#5214,
#5215),(#5216,#5217),(#5218,#5219),(#5220,#5221),(#5222,#5223),(#5224,#5225),
(#5226,#5227),(#5228,#5229),(#5230,#5231),(#5232,#5233),(#5234,#5235),(#5236,
#5237),(#5238,#5239),(#5240,#5241),(#5242,#5243),(#5244,#5245),(#5246,#5247),
(#5248,#5249),(#5250,#5251),(#5252,#5253),(#5254,#5255),(#5256,#5257),(#5258,
#5259),(#5260,#5261),(#5262,#5263),(#5264,#5265),(#5266,#5267),(#5268,#5269),
(#5270,#5271),(#5272,#5273),(#5274,#5275),(#5276,#5277),(#5278,#5279),(#5280,
#5281),(#5282,#5283),(#5284,#5285),(#5286,#5287),(#5288,#5289),(#5290,#5291),
(#5292,#5293),(#5294,#5295)),.UNSPECIFIED.,.F.,.F.,.F.)
B_SPLINE_SURFACE_WITH_KNOTS((6,1,1,1,1,1,1,1,1,1,1,1,1,1,1,1,1,1,1,1,1,
1,1,1,1,1,1,1,1,1,1,1,1,1,1,1,1,1,1,1,1,1,1,1,1,1,1,1,1,1,6),(2,2),(0.,
0.02,0.04,0.06,0.08,0.1,0.12,0.14,0.16,0.18,0.2,0.22,0.24,0.26,0.28,0.3,
0.32,0.34,0.36,0.38,0.4,0.42,0.44,0.46,0.48,0.5,0.52,0.54,0.56,0.58,0.6,
0.62,0.64,0.66,0.68,0.7,0.72,0.74,0.76,0.78,0.8,0.82,0.84,0.86,0.88,0.9,
0.92,0.940000000000001,0.960000000000001,0.980000000000001,1.),(0.,0.08),
 .UNSPECIFIED.)
GEOMETRIC_REPRESENTATION_ITEM()
RATIONAL_B_SPLINE_SURFACE(((1.,1.),(1.,1.),(1.,1.),(1.,1.),(1.,1.),(1.,
1.),(1.,1.),(1.,1.),(1.,1.),(1.,1.),(1.,1.),(1.,1.),(1.,1.),(1.,1.),(1.,
1.),(1.,1.),(1.,1.),(1.,1.),(1.,1.),(1.,1.),(1.,1.),(1.,1.),(1.,1.),(1.,
1.),(1.,1.),(1.,1.),(1.,1.),(1.,1.),(1.,1.),(1.,1.),(1.,1.),(1.,1.),(1.,
1.),(1.,1.),(1.,1.),(1.,1.),(1.,1.),(1.,1.),(1.,1.),(1.,1.),(1.,1.),(1.,
1.),(1.,1.),(1.,1.),(1.,1.),(1.,1.),(1.,1.),(1.,1.),(1.,1.),(1.,1.),(1.,
1.),(1.,1.),(1.,1.),(1.,1.),(1.,1.)))
REPRESENTATION_ITEM('')
SURFACE()
);
#30=(
BOUNDED_SURFACE()
B_SPLINE_SURFACE(5,1,((#5353,#5354),(#5355,#5356),(#5357,#5358),(#5359,
#5360),(#5361,#5362),(#5363,#5364),(#5365,#5366),(#5367,#5368),(#5369,#5370),
(#5371,#5372),(#5373,#5374),(#5375,#5376),(#5377,#5378),(#5379,#5380),(#5381,
#5382),(#5383,#5384),(#5385,#5386),(#5387,#5388),(#5389,#5390),(#5391,#5392),
(#5393,#5394),(#5395,#5396),(#5397,#5398),(#5399,#5400),(#5401,#5402),(#5403,
#5404),(#5405,#5406),(#5407,#5408),(#5409,#5410),(#5411,#5412),(#5413,#5414),
(#5415,#5416),(#5417,#5418),(#5419,#5420),(#5421,#5422),(#5423,#5424),(#5425,
#5426),(#5427,#5428),(#5429,#5430),(#5431,#5432),(#5433,#5434),(#5435,#5436),
(#5437,#5438),(#5439,#5440),(#5441,#5442),(#5443,#5444),(#5445,#5446),(#5447,
#5448),(#5449,#5450),(#5451,#5452),(#5453,#5454),(#5455,#5456),(#5457,#5458),
(#5459,#5460),(#5461,#5462)),.UNSPECIFIED.,.F.,.F.,.F.)
B_SPLINE_SURFACE_WITH_KNOTS((6,1,1,1,1,1,1,1,1,1,1,1,1,1,1,1,1,1,1,1,1,
1,1,1,1,1,1,1,1,1,1,1,1,1,1,1,1,1,1,1,1,1,1,1,1,1,1,1,1,1,6),(2,2),(0.,
0.02,0.04,0.06,0.08,0.1,0.12,0.14,0.16,0.18,0.2,0.22,0.24,0.26,0.28,0.3,
0.32,0.34,0.36,0.38,0.4,0.42,0.44,0.46,0.48,0.5,0.52,0.54,0.56,0.58,0.6,
0.62,0.64,0.66,0.68,0.7,0.72,0.74,0.76,0.78,0.8,0.82,0.84,0.86,0.88,0.9,
0.92,0.940000000000001,0.960000000000001,0.980000000000001,1.),(0.,0.08),
 .UNSPECIFIED.)
GEOMETRIC_REPRESENTATION_ITEM()
RATIONAL_B_SPLINE_SURFACE(((1.,1.),(1.,1.),(1.,1.),(1.,1.),(1.,1.),(1.,
1.),(1.,1.),(1.,1.),(1.,1.),(1.,1.),(1.,1.),(1.,1.),(1.,1.),(1.,1.),(1.,
1.),(1.,1.),(1.,1.),(1.,1.),(1.,1.),(1.,1.),(1.,1.),(1.,1.),(1.,1.),(1.,
1.),(1.,1.),(1.,1.),(1.,1.),(1.,1.),(1.,1.),(1.,1.),(1.,1.),(1.,1.),(1.,
1.),(1.,1.),(1.,1.),(1.,1.),(1.,1.),(1.,1.),(1.,1.),(1.,1.),(1.,1.),(1.,
1.),(1.,1.),(1.,1.),(1.,1.),(1.,1.),(1.,1.),(1.,1.),(1.,1.),(1.,1.),(1.,
1.),(1.,1.),(1.,1.),(1.,1.),(1.,1.)))
REPRESENTATION_ITEM('')
SURFACE()
);
#31=(
BOUNDED_SURFACE()
B_SPLINE_SURFACE(5,1,((#5524,#5525),(#5526,#5527),(#5528,#5529),(#5530,
#5531),(#5532,#5533),(#5534,#5535),(#5536,#5537),(#5538,#5539),(#5540,#5541),
(#5542,#5543),(#5544,#5545),(#5546,#5547),(#5548,#5549),(#5550,#5551),(#5552,
#5553),(#5554,#5555),(#5556,#5557),(#5558,#5559),(#5560,#5561),(#5562,#5563),
(#5564,#5565),(#5566,#5567),(#5568,#5569),(#5570,#5571),(#5572,#5573),(#5574,
#5575),(#5576,#5577),(#5578,#5579),(#5580,#5581),(#5582,#5583),(#5584,#5585),
(#5586,#5587),(#5588,#5589),(#5590,#5591),(#5592,#5593),(#5594,#5595),(#5596,
#5597),(#5598,#5599),(#5600,#5601),(#5602,#5603),(#5604,#5605),(#5606,#5607),
(#5608,#5609),(#5610,#5611),(#5612,#5613),(#5614,#5615),(#5616,#5617),(#5618,
#5619),(#5620,#5621),(#5622,#5623),(#5624,#5625),(#5626,#5627),(#5628,#5629),
(#5630,#5631),(#5632,#5633)),.UNSPECIFIED.,.F.,.F.,.F.)
B_SPLINE_SURFACE_WITH_KNOTS((6,1,1,1,1,1,1,1,1,1,1,1,1,1,1,1,1,1,1,1,1,
1,1,1,1,1,1,1,1,1,1,1,1,1,1,1,1,1,1,1,1,1,1,1,1,1,1,1,1,1,6),(2,2),(0.,
0.02,0.04,0.06,0.08,0.1,0.12,0.14,0.16,0.18,0.2,0.22,0.24,0.26,0.28,0.3,
0.32,0.34,0.36,0.38,0.4,0.42,0.44,0.46,0.48,0.5,0.52,0.54,0.56,0.58,0.6,
0.62,0.64,0.66,0.68,0.7,0.72,0.74,0.76,0.78,0.8,0.82,0.84,0.86,0.88,0.9,
0.92,0.940000000000001,0.960000000000001,0.980000000000001,1.),(0.,0.08),
 .UNSPECIFIED.)
GEOMETRIC_REPRESENTATION_ITEM()
RATIONAL_B_SPLINE_SURFACE(((1.,1.),(1.,1.),(1.,1.),(1.,1.),(1.,1.),(1.,
1.),(1.,1.),(1.,1.),(1.,1.),(1.,1.),(1.,1.),(1.,1.),(1.,1.),(1.,1.),(1.,
1.),(1.,1.),(1.,1.),(1.,1.),(1.,1.),(1.,1.),(1.,1.),(1.,1.),(1.,1.),(1.,
1.),(1.,1.),(1.,1.),(1.,1.),(1.,1.),(1.,1.),(1.,1.),(1.,1.),(1.,1.),(1.,
1.),(1.,1.),(1.,1.),(1.,1.),(1.,1.),(1.,1.),(1.,1.),(1.,1.),(1.,1.),(1.,
1.),(1.,1.),(1.,1.),(1.,1.),(1.,1.),(1.,1.),(1.,1.),(1.,1.),(1.,1.),(1.,
1.),(1.,1.),(1.,1.),(1.,1.),(1.,1.)))
REPRESENTATION_ITEM('')
SURFACE()
);
#32=(
BOUNDED_SURFACE()
B_SPLINE_SURFACE(5,1,((#5691,#5692),(#5693,#5694),(#5695,#5696),(#5697,
#5698),(#5699,#5700),(#5701,#5702),(#5703,#5704),(#5705,#5706),(#5707,#5708),
(#5709,#5710),(#5711,#5712),(#5713,#5714),(#5715,#5716),(#5717,#5718),(#5719,
#5720),(#5721,#5722),(#5723,#5724),(#5725,#5726),(#5727,#5728),(#5729,#5730),
(#5731,#5732),(#5733,#5734),(#5735,#5736),(#5737,#5738),(#5739,#5740),(#5741,
#5742),(#5743,#5744),(#5745,#5746),(#5747,#5748),(#5749,#5750),(#5751,#5752),
(#5753,#5754),(#5755,#5756),(#5757,#5758),(#5759,#5760),(#5761,#5762),(#5763,
#5764),(#5765,#5766),(#5767,#5768),(#5769,#5770),(#5771,#5772),(#5773,#5774),
(#5775,#5776),(#5777,#5778),(#5779,#5780),(#5781,#5782),(#5783,#5784),(#5785,
#5786),(#5787,#5788),(#5789,#5790),(#5791,#5792),(#5793,#5794),(#5795,#5796),
(#5797,#5798),(#5799,#5800)),.UNSPECIFIED.,.F.,.F.,.F.)
B_SPLINE_SURFACE_WITH_KNOTS((6,1,1,1,1,1,1,1,1,1,1,1,1,1,1,1,1,1,1,1,1,
1,1,1,1,1,1,1,1,1,1,1,1,1,1,1,1,1,1,1,1,1,1,1,1,1,1,1,1,1,6),(2,2),(0.,
0.02,0.04,0.06,0.08,0.1,0.12,0.14,0.16,0.18,0.2,0.22,0.24,0.26,0.28,0.3,
0.32,0.34,0.36,0.38,0.4,0.42,0.44,0.46,0.48,0.5,0.52,0.54,0.56,0.58,0.6,
0.62,0.64,0.66,0.68,0.7,0.72,0.74,0.76,0.78,0.8,0.82,0.84,0.86,0.88,0.9,
0.92,0.940000000000001,0.960000000000001,0.980000000000001,1.),(0.,0.08),
 .UNSPECIFIED.)
GEOMETRIC_REPRESENTATION_ITEM()
RATIONAL_B_SPLINE_SURFACE(((1.,1.),(1.,1.),(1.,1.),(1.,1.),(1.,1.),(1.,
1.),(1.,1.),(1.,1.),(1.,1.),(1.,1.),(1.,1.),(1.,1.),(1.,1.),(1.,1.),(1.,
1.),(1.,1.),(1.,1.),(1.,1.),(1.,1.),(1.,1.),(1.,1.),(1.,1.),(1.,1.),(1.,
1.),(1.,1.),(1.,1.),(1.,1.),(1.,1.),(1.,1.),(1.,1.),(1.,1.),(1.,1.),(1.,
1.),(1.,1.),(1.,1.),(1.,1.),(1.,1.),(1.,1.),(1.,1.),(1.,1.),(1.,1.),(1.,
1.),(1.,1.),(1.,1.),(1.,1.),(1.,1.),(1.,1.),(1.,1.),(1.,1.),(1.,1.),(1.,
1.),(1.,1.),(1.,1.),(1.,1.),(1.,1.)))
REPRESENTATION_ITEM('')
SURFACE()
);
#33=(
BOUNDED_SURFACE()
B_SPLINE_SURFACE(5,1,((#5862,#5863),(#5864,#5865),(#5866,#5867),(#5868,
#5869),(#5870,#5871),(#5872,#5873),(#5874,#5875),(#5876,#5877),(#5878,#5879),
(#5880,#5881),(#5882,#5883),(#5884,#5885),(#5886,#5887),(#5888,#5889),(#5890,
#5891),(#5892,#5893),(#5894,#5895),(#5896,#5897),(#5898,#5899),(#5900,#5901),
(#5902,#5903),(#5904,#5905),(#5906,#5907),(#5908,#5909),(#5910,#5911),(#5912,
#5913),(#5914,#5915),(#5916,#5917),(#5918,#5919),(#5920,#5921),(#5922,#5923),
(#5924,#5925),(#5926,#5927),(#5928,#5929),(#5930,#5931),(#5932,#5933),(#5934,
#5935),(#5936,#5937),(#5938,#5939),(#5940,#5941),(#5942,#5943),(#5944,#5945),
(#5946,#5947),(#5948,#5949),(#5950,#5951),(#5952,#5953),(#5954,#5955),(#5956,
#5957),(#5958,#5959),(#5960,#5961),(#5962,#5963),(#5964,#5965),(#5966,#5967),
(#5968,#5969),(#5970,#5971)),.UNSPECIFIED.,.F.,.F.,.F.)
B_SPLINE_SURFACE_WITH_KNOTS((6,1,1,1,1,1,1,1,1,1,1,1,1,1,1,1,1,1,1,1,1,
1,1,1,1,1,1,1,1,1,1,1,1,1,1,1,1,1,1,1,1,1,1,1,1,1,1,1,1,1,6),(2,2),(0.,
0.02,0.04,0.06,0.08,0.1,0.12,0.14,0.16,0.18,0.2,0.22,0.24,0.26,0.28,0.3,
0.32,0.34,0.36,0.38,0.4,0.42,0.44,0.46,0.48,0.5,0.52,0.54,0.56,0.58,0.6,
0.62,0.64,0.66,0.68,0.7,0.72,0.74,0.76,0.78,0.8,0.82,0.84,0.86,0.88,0.9,
0.92,0.940000000000001,0.960000000000001,0.980000000000001,1.),(0.,0.08),
 .UNSPECIFIED.)
GEOMETRIC_REPRESENTATION_ITEM()
RATIONAL_B_SPLINE_SURFACE(((1.,1.),(1.,1.),(1.,1.),(1.,1.),(1.,1.),(1.,
1.),(1.,1.),(1.,1.),(1.,1.),(1.,1.),(1.,1.),(1.,1.),(1.,1.),(1.,1.),(1.,
1.),(1.,1.),(1.,1.),(1.,1.),(1.,1.),(1.,1.),(1.,1.),(1.,1.),(1.,1.),(1.,
1.),(1.,1.),(1.,1.),(1.,1.),(1.,1.),(1.,1.),(1.,1.),(1.,1.),(1.,1.),(1.,
1.),(1.,1.),(1.,1.),(1.,1.),(1.,1.),(1.,1.),(1.,1.),(1.,1.),(1.,1.),(1.,
1.),(1.,1.),(1.,1.),(1.,1.),(1.,1.),(1.,1.),(1.,1.),(1.,1.),(1.,1.),(1.,
1.),(1.,1.),(1.,1.),(1.,1.),(1.,1.)))
REPRESENTATION_ITEM('')
SURFACE()
);
#34=(
BOUNDED_SURFACE()
B_SPLINE_SURFACE(5,1,((#6033,#6034),(#6035,#6036),(#6037,#6038),(#6039,
#6040),(#6041,#6042),(#6043,#6044),(#6045,#6046),(#6047,#6048),(#6049,#6050),
(#6051,#6052),(#6053,#6054),(#6055,#6056),(#6057,#6058),(#6059,#6060),(#6061,
#6062),(#6063,#6064),(#6065,#6066),(#6067,#6068),(#6069,#6070),(#6071,#6072),
(#6073,#6074),(#6075,#6076),(#6077,#6078),(#6079,#6080),(#6081,#6082),(#6083,
#6084),(#6085,#6086),(#6087,#6088),(#6089,#6090),(#6091,#6092),(#6093,#6094),
(#6095,#6096),(#6097,#6098),(#6099,#6100),(#6101,#6102),(#6103,#6104),(#6105,
#6106),(#6107,#6108),(#6109,#6110),(#6111,#6112),(#6113,#6114),(#6115,#6116),
(#6117,#6118),(#6119,#6120),(#6121,#6122),(#6123,#6124),(#6125,#6126),(#6127,
#6128),(#6129,#6130),(#6131,#6132),(#6133,#6134),(#6135,#6136),(#6137,#6138),
(#6139,#6140),(#6141,#6142)),.UNSPECIFIED.,.F.,.F.,.F.)
B_SPLINE_SURFACE_WITH_KNOTS((6,1,1,1,1,1,1,1,1,1,1,1,1,1,1,1,1,1,1,1,1,
1,1,1,1,1,1,1,1,1,1,1,1,1,1,1,1,1,1,1,1,1,1,1,1,1,1,1,1,1,6),(2,2),(0.,
0.02,0.04,0.06,0.08,0.1,0.12,0.14,0.16,0.18,0.2,0.22,0.24,0.26,0.28,0.3,
0.32,0.34,0.36,0.38,0.4,0.42,0.44,0.46,0.48,0.5,0.52,0.54,0.56,0.58,0.6,
0.62,0.64,0.66,0.68,0.7,0.72,0.74,0.76,0.78,0.8,0.82,0.84,0.86,0.88,0.9,
0.92,0.940000000000001,0.960000000000001,0.980000000000001,1.),(0.,0.08),
 .UNSPECIFIED.)
GEOMETRIC_REPRESENTATION_ITEM()
RATIONAL_B_SPLINE_SURFACE(((1.,1.),(1.,1.),(1.,1.),(1.,1.),(1.,1.),(1.,
1.),(1.,1.),(1.,1.),(1.,1.),(1.,1.),(1.,1.),(1.,1.),(1.,1.),(1.,1.),(1.,
1.),(1.,1.),(1.,1.),(1.,1.),(1.,1.),(1.,1.),(1.,1.),(1.,1.),(1.,1.),(1.,
1.),(1.,1.),(1.,1.),(1.,1.),(1.,1.),(1.,1.),(1.,1.),(1.,1.),(1.,1.),(1.,
1.),(1.,1.),(1.,1.),(1.,1.),(1.,1.),(1.,1.),(1.,1.),(1.,1.),(1.,1.),(1.,
1.),(1.,1.),(1.,1.),(1.,1.),(1.,1.),(1.,1.),(1.,1.),(1.,1.),(1.,1.),(1.,
1.),(1.,1.),(1.,1.),(1.,1.),(1.,1.)))
REPRESENTATION_ITEM('')
SURFACE()
);
#35=(
BOUNDED_SURFACE()
B_SPLINE_SURFACE(5,1,((#6200,#6201),(#6202,#6203),(#6204,#6205),(#6206,
#6207),(#6208,#6209),(#6210,#6211),(#6212,#6213),(#6214,#6215),(#6216,#6217),
(#6218,#6219),(#6220,#6221),(#6222,#6223),(#6224,#6225),(#6226,#6227),(#6228,
#6229),(#6230,#6231),(#6232,#6233),(#6234,#6235),(#6236,#6237),(#6238,#6239),
(#6240,#6241),(#6242,#6243),(#6244,#6245),(#6246,#6247),(#6248,#6249),(#6250,
#6251),(#6252,#6253),(#6254,#6255),(#6256,#6257),(#6258,#6259),(#6260,#6261),
(#6262,#6263),(#6264,#6265),(#6266,#6267),(#6268,#6269),(#6270,#6271),(#6272,
#6273),(#6274,#6275),(#6276,#6277),(#6278,#6279),(#6280,#6281),(#6282,#6283),
(#6284,#6285),(#6286,#6287),(#6288,#6289),(#6290,#6291),(#6292,#6293),(#6294,
#6295),(#6296,#6297),(#6298,#6299),(#6300,#6301),(#6302,#6303),(#6304,#6305),
(#6306,#6307),(#6308,#6309)),.UNSPECIFIED.,.F.,.F.,.F.)
B_SPLINE_SURFACE_WITH_KNOTS((6,1,1,1,1,1,1,1,1,1,1,1,1,1,1,1,1,1,1,1,1,
1,1,1,1,1,1,1,1,1,1,1,1,1,1,1,1,1,1,1,1,1,1,1,1,1,1,1,1,1,6),(2,2),(0.,
0.02,0.04,0.06,0.08,0.1,0.12,0.14,0.16,0.18,0.2,0.22,0.24,0.26,0.28,0.3,
0.32,0.34,0.36,0.38,0.4,0.42,0.44,0.46,0.48,0.5,0.52,0.54,0.56,0.58,0.6,
0.62,0.64,0.66,0.68,0.7,0.72,0.74,0.76,0.78,0.8,0.82,0.84,0.86,0.88,0.9,
0.92,0.940000000000001,0.960000000000001,0.980000000000001,1.),(0.,0.08),
 .UNSPECIFIED.)
GEOMETRIC_REPRESENTATION_ITEM()
RATIONAL_B_SPLINE_SURFACE(((1.,1.),(1.,1.),(1.,1.),(1.,1.),(1.,1.),(1.,
1.),(1.,1.),(1.,1.),(1.,1.),(1.,1.),(1.,1.),(1.,1.),(1.,1.),(1.,1.),(1.,
1.),(1.,1.),(1.,1.),(1.,1.),(1.,1.),(1.,1.),(1.,1.),(1.,1.),(1.,1.),(1.,
1.),(1.,1.),(1.,1.),(1.,1.),(1.,1.),(1.,1.),(1.,1.),(1.,1.),(1.,1.),(1.,
1.),(1.,1.),(1.,1.),(1.,1.),(1.,1.),(1.,1.),(1.,1.),(1.,1.),(1.,1.),(1.,
1.),(1.,1.),(1.,1.),(1.,1.),(1.,1.),(1.,1.),(1.,1.),(1.,1.),(1.,1.),(1.,
1.),(1.,1.),(1.,1.),(1.,1.),(1.,1.)))
REPRESENTATION_ITEM('')
SURFACE()
);
#36=(
BOUNDED_SURFACE()
B_SPLINE_SURFACE(5,1,((#6371,#6372),(#6373,#6374),(#6375,#6376),(#6377,
#6378),(#6379,#6380),(#6381,#6382),(#6383,#6384),(#6385,#6386),(#6387,#6388),
(#6389,#6390),(#6391,#6392),(#6393,#6394),(#6395,#6396),(#6397,#6398),(#6399,
#6400),(#6401,#6402),(#6403,#6404),(#6405,#6406),(#6407,#6408),(#6409,#6410),
(#6411,#6412),(#6413,#6414),(#6415,#6416),(#6417,#6418),(#6419,#6420),(#6421,
#6422),(#6423,#6424),(#6425,#6426),(#6427,#6428),(#6429,#6430),(#6431,#6432),
(#6433,#6434),(#6435,#6436),(#6437,#6438),(#6439,#6440),(#6441,#6442),(#6443,
#6444),(#6445,#6446),(#6447,#6448),(#6449,#6450),(#6451,#6452),(#6453,#6454),
(#6455,#6456),(#6457,#6458),(#6459,#6460),(#6461,#6462),(#6463,#6464),(#6465,
#6466),(#6467,#6468),(#6469,#6470),(#6471,#6472),(#6473,#6474),(#6475,#6476),
(#6477,#6478),(#6479,#6480)),.UNSPECIFIED.,.F.,.F.,.F.)
B_SPLINE_SURFACE_WITH_KNOTS((6,1,1,1,1,1,1,1,1,1,1,1,1,1,1,1,1,1,1,1,1,
1,1,1,1,1,1,1,1,1,1,1,1,1,1,1,1,1,1,1,1,1,1,1,1,1,1,1,1,1,6),(2,2),(0.,
0.02,0.04,0.06,0.08,0.1,0.12,0.14,0.16,0.18,0.2,0.22,0.24,0.26,0.28,0.3,
0.32,0.34,0.36,0.38,0.4,0.42,0.44,0.46,0.48,0.5,0.52,0.54,0.56,0.58,0.6,
0.62,0.64,0.66,0.68,0.7,0.72,0.74,0.76,0.78,0.8,0.82,0.84,0.86,0.88,0.9,
0.92,0.940000000000001,0.960000000000001,0.980000000000001,1.),(0.,0.08),
 .UNSPECIFIED.)
GEOMETRIC_REPRESENTATION_ITEM()
RATIONAL_B_SPLINE_SURFACE(((1.,1.),(1.,1.),(1.,1.),(1.,1.),(1.,1.),(1.,
1.),(1.,1.),(1.,1.),(1.,1.),(1.,1.),(1.,1.),(1.,1.),(1.,1.),(1.,1.),(1.,
1.),(1.,1.),(1.,1.),(1.,1.),(1.,1.),(1.,1.),(1.,1.),(1.,1.),(1.,1.),(1.,
1.),(1.,1.),(1.,1.),(1.,1.),(1.,1.),(1.,1.),(1.,1.),(1.,1.),(1.,1.),(1.,
1.),(1.,1.),(1.,1.),(1.,1.),(1.,1.),(1.,1.),(1.,1.),(1.,1.),(1.,1.),(1.,
1.),(1.,1.),(1.,1.),(1.,1.),(1.,1.),(1.,1.),(1.,1.),(1.,1.),(1.,1.),(1.,
1.),(1.,1.),(1.,1.),(1.,1.),(1.,1.)))
REPRESENTATION_ITEM('')
SURFACE()
);
#37=(
BOUNDED_SURFACE()
B_SPLINE_SURFACE(5,1,((#6546,#6547),(#6548,#6549),(#6550,#6551),(#6552,
#6553),(#6554,#6555),(#6556,#6557),(#6558,#6559),(#6560,#6561),(#6562,#6563),
(#6564,#6565),(#6566,#6567),(#6568,#6569),(#6570,#6571),(#6572,#6573),(#6574,
#6575),(#6576,#6577),(#6578,#6579),(#6580,#6581),(#6582,#6583),(#6584,#6585),
(#6586,#6587),(#6588,#6589),(#6590,#6591),(#6592,#6593),(#6594,#6595),(#6596,
#6597),(#6598,#6599),(#6600,#6601),(#6602,#6603),(#6604,#6605),(#6606,#6607),
(#6608,#6609),(#6610,#6611),(#6612,#6613),(#6614,#6615),(#6616,#6617),(#6618,
#6619),(#6620,#6621),(#6622,#6623),(#6624,#6625),(#6626,#6627),(#6628,#6629),
(#6630,#6631),(#6632,#6633),(#6634,#6635),(#6636,#6637),(#6638,#6639),(#6640,
#6641),(#6642,#6643),(#6644,#6645),(#6646,#6647),(#6648,#6649),(#6650,#6651),
(#6652,#6653),(#6654,#6655)),.UNSPECIFIED.,.F.,.F.,.F.)
B_SPLINE_SURFACE_WITH_KNOTS((6,1,1,1,1,1,1,1,1,1,1,1,1,1,1,1,1,1,1,1,1,
1,1,1,1,1,1,1,1,1,1,1,1,1,1,1,1,1,1,1,1,1,1,1,1,1,1,1,1,1,6),(2,2),(0.,
0.02,0.04,0.06,0.08,0.1,0.12,0.14,0.16,0.18,0.2,0.22,0.24,0.26,0.28,0.3,
0.32,0.34,0.36,0.38,0.4,0.42,0.44,0.46,0.48,0.5,0.52,0.54,0.56,0.58,0.6,
0.62,0.64,0.66,0.68,0.7,0.72,0.74,0.76,0.78,0.8,0.82,0.84,0.86,0.88,0.9,
0.92,0.940000000000001,0.960000000000001,0.980000000000001,1.),(0.,0.08),
 .UNSPECIFIED.)
GEOMETRIC_REPRESENTATION_ITEM()
RATIONAL_B_SPLINE_SURFACE(((1.,1.),(1.,1.),(1.,1.),(1.,1.),(1.,1.),(1.,
1.),(1.,1.),(1.,1.),(1.,1.),(1.,1.),(1.,1.),(1.,1.),(1.,1.),(1.,1.),(1.,
1.),(1.,1.),(1.,1.),(1.,1.),(1.,1.),(1.,1.),(1.,1.),(1.,1.),(1.,1.),(1.,
1.),(1.,1.),(1.,1.),(1.,1.),(1.,1.),(1.,1.),(1.,1.),(1.,1.),(1.,1.),(1.,
1.),(1.,1.),(1.,1.),(1.,1.),(1.,1.),(1.,1.),(1.,1.),(1.,1.),(1.,1.),(1.,
1.),(1.,1.),(1.,1.),(1.,1.),(1.,1.),(1.,1.),(1.,1.),(1.,1.),(1.,1.),(1.,
1.),(1.,1.),(1.,1.),(1.,1.),(1.,1.)))
REPRESENTATION_ITEM('')
SURFACE()
);
#38=FACE_BOUND('',#171,.T.);
#39=FACE_BOUND('',#173,.T.);
#40=FACE_BOUND('',#174,.T.);
#41=FACE_BOUND('',#175,.T.);
#42=FACE_BOUND('',#176,.T.);
#43=FACE_BOUND('',#177,.T.);
#44=FACE_BOUND('',#178,.T.);
#45=FACE_BOUND('',#227,.T.);
#46=FACE_BOUND('',#228,.T.);
#47=FACE_BOUND('',#229,.T.);
#48=FACE_BOUND('',#230,.T.);
#49=FACE_BOUND('',#231,.T.);
#50=FACE_BOUND('',#232,.T.);
#51=FACE_BOUND('',#233,.T.);
#52=(
BOUNDED_CURVE()
B_SPLINE_CURVE(5,(#1424,#1425,#1426,#1427,#1428,#1429,#1430,#1431,#1432,
#1433,#1434,#1435,#1436,#1437,#1438,#1439,#1440),.UNSPECIFIED.,.F.,.F.)
B_SPLINE_CURVE_WITH_KNOTS((6,1,1,1,1,1,1,1,1,1,1,1,6),(0.381291948663361,
0.4,0.42,0.44,0.46,0.48,0.5,0.52,0.54,0.56,0.58,0.6,0.616030096760144),
 .UNSPECIFIED.)
CURVE()
GEOMETRIC_REPRESENTATION_ITEM()
RATIONAL_B_SPLINE_CURVE((1.,1.,1.,1.,1.,1.,1.,1.,1.,1.,1.,1.,1.,1.,1.,1.,
1.))
REPRESENTATION_ITEM('')
);
#53=(
BOUNDED_CURVE()
B_SPLINE_CURVE(5,(#1465,#1466,#1467,#1468,#1469,#1470,#1471,#1472,#1473,
#1474,#1475,#1476,#1477,#1478,#1479,#1480,#1481,#1482,#1483,#1484,#1485,
#1486,#1487,#1488,#1489,#1490,#1491,#1492,#1493,#1494,#1495,#1496,#1497,
#1498,#1499,#1500,#1501,#1502,#1503,#1504,#1505,#1506,#1507,#1508,#1509,
#1510,#1511,#1512,#1513,#1514,#1515,#1516,#1517,#1518,#1519),
 .UNSPECIFIED.,.F.,.F.)
B_SPLINE_CURVE_WITH_KNOTS((6,1,1,1,1,1,1,1,1,1,1,1,1,1,1,1,1,1,1,1,1,1,
1,1,1,1,1,1,1,1,1,1,1,1,1,1,1,1,1,1,1,1,1,1,1,1,1,1,1,1,6),(0.,0.02,0.04,
0.06,0.08,0.1,0.12,0.14,0.16,0.18,0.2,0.22,0.24,0.26,0.28,0.3,0.32,0.34,
0.36,0.38,0.4,0.42,0.44,0.46,0.48,0.5,0.52,0.54,0.56,0.58,0.6,0.62,0.64,
0.66,0.68,0.7,0.72,0.74,0.76,0.78,0.8,0.82,0.84,0.86,0.88,0.9,0.92,0.940000000000001,
0.960000000000001,0.980000000000001,1.),.UNSPECIFIED.)
CURVE()
GEOMETRIC_REPRESENTATION_ITEM()
RATIONAL_B_SPLINE_CURVE((1.,1.,1.,1.,1.,1.,1.,1.,1.,1.,1.,1.,1.,1.,1.,1.,
1.,1.,1.,1.,1.,1.,1.,1.,1.,1.,1.,1.,1.,1.,1.,1.,1.,1.,1.,1.,1.,1.,1.,1.,
1.,1.,1.,1.,1.,1.,1.,1.,1.,1.,1.,1.,1.,1.,1.))
REPRESENTATION_ITEM('')
);
#54=(
BOUNDED_CURVE()
B_SPLINE_CURVE(5,(#1525,#1526,#1527,#1528,#1529,#1530,#1531,#1532,#1533,
#1534,#1535,#1536,#1537,#1538,#1539,#1540,#1541,#1542,#1543,#1544,#1545,
#1546,#1547,#1548,#1549,#1550,#1551,#1552,#1553,#1554,#1555,#1556,#1557,
#1558,#1559,#1560,#1561,#1562,#1563,#1564,#1565,#1566,#1567,#1568,#1569,
#1570,#1571,#1572,#1573,#1574,#1575,#1576,#1577,#1578,#1579),
 .UNSPECIFIED.,.F.,.F.)
B_SPLINE_CURVE_WITH_KNOTS((6,1,1,1,1,1,1,1,1,1,1,1,1,1,1,1,1,1,1,1,1,1,
1,1,1,1,1,1,1,1,1,1,1,1,1,1,1,1,1,1,1,1,1,1,1,1,1,1,1,1,6),(0.,0.02,0.04,
0.06,0.08,0.1,0.12,0.14,0.16,0.18,0.2,0.22,0.24,0.26,0.28,0.3,0.32,0.34,
0.36,0.38,0.4,0.42,0.44,0.46,0.48,0.5,0.52,0.54,0.56,0.58,0.6,0.62,0.64,
0.66,0.68,0.7,0.72,0.74,0.76,0.78,0.8,0.82,0.84,0.86,0.88,0.9,0.92,0.940000000000001,
0.960000000000001,0.980000000000001,1.),.UNSPECIFIED.)
CURVE()
GEOMETRIC_REPRESENTATION_ITEM()
RATIONAL_B_SPLINE_CURVE((1.,1.,1.,1.,1.,1.,1.,1.,1.,1.,1.,1.,1.,1.,1.,1.,
1.,1.,1.,1.,1.,1.,1.,1.,1.,1.,1.,1.,1.,1.,1.,1.,1.,1.,1.,1.,1.,1.,1.,1.,
1.,1.,1.,1.,1.,1.,1.,1.,1.,1.,1.,1.,1.,1.,1.))
REPRESENTATION_ITEM('')
);
#55=(
BOUNDED_CURVE()
B_SPLINE_CURVE(5,(#1583,#1584,#1585,#1586,#1587,#1588,#1589,#1590,#1591,
#1592,#1593,#1594,#1595,#1596,#1597,#1598,#1599,#1600,#1601,#1602,#1603,
#1604,#1605,#1606,#1607,#1608,#1609,#1610,#1611,#1612,#1613,#1614,#1615,
#1616,#1617,#1618,#1619,#1620,#1621,#1622,#1623,#1624,#1625,#1626,#1627,
#1628,#1629,#1630,#1631,#1632,#1633,#1634,#1635,#1636,#1637),
 .UNSPECIFIED.,.F.,.F.)
B_SPLINE_CURVE_WITH_KNOTS((6,1,1,1,1,1,1,1,1,1,1,1,1,1,1,1,1,1,1,1,1,1,
1,1,1,1,1,1,1,1,1,1,1,1,1,1,1,1,1,1,1,1,1,1,1,1,1,1,1,1,6),(0.,0.02,0.04,
0.06,0.08,0.1,0.12,0.14,0.16,0.18,0.2,0.22,0.24,0.26,0.28,0.3,0.32,0.34,
0.36,0.38,0.4,0.42,0.44,0.46,0.48,0.5,0.52,0.54,0.56,0.58,0.6,0.62,0.64,
0.66,0.68,0.7,0.72,0.74,0.76,0.78,0.8,0.82,0.84,0.86,0.88,0.9,0.92,0.940000000000001,
0.960000000000001,0.980000000000001,1.),.UNSPECIFIED.)
CURVE()
GEOMETRIC_REPRESENTATION_ITEM()
RATIONAL_B_SPLINE_CURVE((1.,1.,1.,1.,1.,1.,1.,1.,1.,1.,1.,1.,1.,1.,1.,1.,
1.,1.,1.,1.,1.,1.,1.,1.,1.,1.,1.,1.,1.,1.,1.,1.,1.,1.,1.,1.,1.,1.,1.,1.,
1.,1.,1.,1.,1.,1.,1.,1.,1.,1.,1.,1.,1.,1.,1.))
REPRESENTATION_ITEM('')
);
#56=(
BOUNDED_CURVE()
B_SPLINE_CURVE(5,(#1639,#1640,#1641,#1642,#1643,#1644,#1645,#1646,#1647,
#1648,#1649,#1650,#1651,#1652,#1653,#1654,#1655,#1656,#1657,#1658,#1659,
#1660,#1661,#1662,#1663,#1664,#1665,#1666,#1667,#1668,#1669,#1670,#1671,
#1672,#1673,#1674,#1675,#1676,#1677,#1678,#1679,#1680,#1681,#1682,#1683,
#1684,#1685,#1686,#1687,#1688,#1689,#1690,#1691,#1692,#1693),
 .UNSPECIFIED.,.F.,.F.)
B_SPLINE_CURVE_WITH_KNOTS((6,1,1,1,1,1,1,1,1,1,1,1,1,1,1,1,1,1,1,1,1,1,
1,1,1,1,1,1,1,1,1,1,1,1,1,1,1,1,1,1,1,1,1,1,1,1,1,1,1,1,6),(0.,0.02,0.04,
0.06,0.08,0.1,0.12,0.14,0.16,0.18,0.2,0.22,0.24,0.26,0.28,0.3,0.32,0.34,
0.36,0.38,0.4,0.42,0.44,0.46,0.48,0.5,0.52,0.54,0.56,0.58,0.6,0.62,0.64,
0.66,0.68,0.7,0.72,0.74,0.76,0.78,0.8,0.82,0.84,0.86,0.88,0.9,0.92,0.940000000000001,
0.960000000000001,0.980000000000001,1.),.UNSPECIFIED.)
CURVE()
GEOMETRIC_REPRESENTATION_ITEM()
RATIONAL_B_SPLINE_CURVE((1.,1.,1.,1.,1.,1.,1.,1.,1.,1.,1.,1.,1.,1.,1.,1.,
1.,1.,1.,1.,1.,1.,1.,1.,1.,1.,1.,1.,1.,1.,1.,1.,1.,1.,1.,1.,1.,1.,1.,1.,
1.,1.,1.,1.,1.,1.,1.,1.,1.,1.,1.,1.,1.,1.,1.))
REPRESENTATION_ITEM('')
);
#57=(
BOUNDED_CURVE()
B_SPLINE_CURVE(5,(#1697,#1698,#1699,#1700,#1701,#1702,#1703,#1704,#1705,
#1706,#1707,#1708,#1709,#1710,#1711,#1712,#1713,#1714,#1715,#1716,#1717,
#1718,#1719,#1720,#1721,#1722,#1723,#1724,#1725,#1726,#1727,#1728,#1729,
#1730,#1731,#1732,#1733,#1734,#1735,#1736,#1737,#1738,#1739,#1740,#1741,
#1742,#1743,#1744,#1745,#1746,#1747,#1748,#1749,#1750,#1751),
 .UNSPECIFIED.,.F.,.F.)
B_SPLINE_CURVE_WITH_KNOTS((6,1,1,1,1,1,1,1,1,1,1,1,1,1,1,1,1,1,1,1,1,1,
1,1,1,1,1,1,1,1,1,1,1,1,1,1,1,1,1,1,1,1,1,1,1,1,1,1,1,1,6),(0.,0.02,0.04,
0.06,0.08,0.1,0.12,0.14,0.16,0.18,0.2,0.22,0.24,0.26,0.28,0.3,0.32,0.34,
0.36,0.38,0.4,0.42,0.44,0.46,0.48,0.5,0.52,0.54,0.56,0.58,0.6,0.62,0.64,
0.66,0.68,0.7,0.72,0.74,0.76,0.78,0.8,0.82,0.84,0.86,0.88,0.9,0.92,0.940000000000001,
0.960000000000001,0.980000000000001,1.),.UNSPECIFIED.)
CURVE()
GEOMETRIC_REPRESENTATION_ITEM()
RATIONAL_B_SPLINE_CURVE((1.,1.,1.,1.,1.,1.,1.,1.,1.,1.,1.,1.,1.,1.,1.,1.,
1.,1.,1.,1.,1.,1.,1.,1.,1.,1.,1.,1.,1.,1.,1.,1.,1.,1.,1.,1.,1.,1.,1.,1.,
1.,1.,1.,1.,1.,1.,1.,1.,1.,1.,1.,1.,1.,1.,1.))
REPRESENTATION_ITEM('')
);
#58=(
BOUNDED_CURVE()
B_SPLINE_CURVE(5,(#1755,#1756,#1757,#1758,#1759,#1760,#1761,#1762,#1763,
#1764,#1765,#1766,#1767,#1768,#1769,#1770,#1771,#1772,#1773,#1774,#1775,
#1776,#1777,#1778,#1779,#1780,#1781,#1782,#1783,#1784,#1785,#1786,#1787,
#1788,#1789,#1790,#1791,#1792,#1793,#1794,#1795,#1796,#1797,#1798,#1799,
#1800,#1801,#1802,#1803,#1804,#1805,#1806,#1807,#1808,#1809),
 .UNSPECIFIED.,.F.,.F.)
B_SPLINE_CURVE_WITH_KNOTS((6,1,1,1,1,1,1,1,1,1,1,1,1,1,1,1,1,1,1,1,1,1,
1,1,1,1,1,1,1,1,1,1,1,1,1,1,1,1,1,1,1,1,1,1,1,1,1,1,1,1,6),(0.,0.02,0.04,
0.06,0.08,0.1,0.12,0.14,0.16,0.18,0.2,0.22,0.24,0.26,0.28,0.3,0.32,0.34,
0.36,0.38,0.4,0.42,0.44,0.46,0.48,0.5,0.52,0.54,0.56,0.58,0.6,0.62,0.64,
0.66,0.68,0.7,0.72,0.74,0.76,0.78,0.8,0.82,0.84,0.86,0.88,0.9,0.92,0.940000000000001,
0.960000000000001,0.980000000000001,1.),.UNSPECIFIED.)
CURVE()
GEOMETRIC_REPRESENTATION_ITEM()
RATIONAL_B_SPLINE_CURVE((1.,1.,1.,1.,1.,1.,1.,1.,1.,1.,1.,1.,1.,1.,1.,1.,
1.,1.,1.,1.,1.,1.,1.,1.,1.,1.,1.,1.,1.,1.,1.,1.,1.,1.,1.,1.,1.,1.,1.,1.,
1.,1.,1.,1.,1.,1.,1.,1.,1.,1.,1.,1.,1.,1.,1.))
REPRESENTATION_ITEM('')
);
#59=(
BOUNDED_CURVE()
B_SPLINE_CURVE(5,(#1811,#1812,#1813,#1814,#1815,#1816,#1817,#1818,#1819,
#1820,#1821,#1822,#1823,#1824,#1825,#1826,#1827,#1828,#1829,#1830,#1831,
#1832,#1833,#1834,#1835,#1836,#1837,#1838,#1839,#1840,#1841,#1842,#1843,
#1844,#1845,#1846,#1847,#1848,#1849,#1850,#1851,#1852,#1853,#1854,#1855,
#1856,#1857,#1858,#1859,#1860,#1861,#1862,#1863,#1864,#1865),
 .UNSPECIFIED.,.F.,.F.)
B_SPLINE_CURVE_WITH_KNOTS((6,1,1,1,1,1,1,1,1,1,1,1,1,1,1,1,1,1,1,1,1,1,
1,1,1,1,1,1,1,1,1,1,1,1,1,1,1,1,1,1,1,1,1,1,1,1,1,1,1,1,6),(0.,0.02,0.04,
0.06,0.08,0.1,0.12,0.14,0.16,0.18,0.2,0.22,0.24,0.26,0.28,0.3,0.32,0.34,
0.36,0.38,0.4,0.42,0.44,0.46,0.48,0.5,0.52,0.54,0.56,0.58,0.6,0.62,0.64,
0.66,0.68,0.7,0.72,0.74,0.76,0.78,0.8,0.82,0.84,0.86,0.88,0.9,0.92,0.940000000000001,
0.960000000000001,0.980000000000001,1.),.UNSPECIFIED.)
CURVE()
GEOMETRIC_REPRESENTATION_ITEM()
RATIONAL_B_SPLINE_CURVE((1.,1.,1.,1.,1.,1.,1.,1.,1.,1.,1.,1.,1.,1.,1.,1.,
1.,1.,1.,1.,1.,1.,1.,1.,1.,1.,1.,1.,1.,1.,1.,1.,1.,1.,1.,1.,1.,1.,1.,1.,
1.,1.,1.,1.,1.,1.,1.,1.,1.,1.,1.,1.,1.,1.,1.))
REPRESENTATION_ITEM('')
);
#60=(
BOUNDED_CURVE()
B_SPLINE_CURVE(5,(#1869,#1870,#1871,#1872,#1873,#1874,#1875,#1876,#1877,
#1878,#1879,#1880,#1881,#1882,#1883,#1884,#1885,#1886,#1887,#1888,#1889,
#1890,#1891,#1892,#1893,#1894,#1895,#1896,#1897,#1898,#1899,#1900,#1901,
#1902,#1903,#1904,#1905,#1906,#1907,#1908,#1909,#1910,#1911,#1912,#1913,
#1914,#1915,#1916,#1917,#1918,#1919,#1920,#1921,#1922,#1923),
 .UNSPECIFIED.,.F.,.F.)
B_SPLINE_CURVE_WITH_KNOTS((6,1,1,1,1,1,1,1,1,1,1,1,1,1,1,1,1,1,1,1,1,1,
1,1,1,1,1,1,1,1,1,1,1,1,1,1,1,1,1,1,1,1,1,1,1,1,1,1,1,1,6),(0.,0.02,0.04,
0.06,0.08,0.1,0.12,0.14,0.16,0.18,0.2,0.22,0.24,0.26,0.28,0.3,0.32,0.34,
0.36,0.38,0.4,0.42,0.44,0.46,0.48,0.5,0.52,0.54,0.56,0.58,0.6,0.62,0.64,
0.66,0.68,0.7,0.72,0.74,0.76,0.78,0.8,0.82,0.84,0.86,0.88,0.9,0.92,0.940000000000001,
0.960000000000001,0.980000000000001,1.),.UNSPECIFIED.)
CURVE()
GEOMETRIC_REPRESENTATION_ITEM()
RATIONAL_B_SPLINE_CURVE((1.,1.,1.,1.,1.,1.,1.,1.,1.,1.,1.,1.,1.,1.,1.,1.,
1.,1.,1.,1.,1.,1.,1.,1.,1.,1.,1.,1.,1.,1.,1.,1.,1.,1.,1.,1.,1.,1.,1.,1.,
1.,1.,1.,1.,1.,1.,1.,1.,1.,1.,1.,1.,1.,1.,1.))
REPRESENTATION_ITEM('')
);
#61=(
BOUNDED_CURVE()
B_SPLINE_CURVE(5,(#1925,#1926,#1927,#1928,#1929,#1930,#1931,#1932,#1933,
#1934,#1935,#1936,#1937,#1938,#1939,#1940,#1941,#1942,#1943,#1944,#1945,
#1946,#1947,#1948,#1949,#1950,#1951,#1952,#1953,#1954,#1955,#1956,#1957,
#1958,#1959,#1960,#1961,#1962,#1963,#1964,#1965,#1966,#1967,#1968,#1969,
#1970,#1971,#1972,#1973,#1974,#1975,#1976,#1977,#1978,#1979),
 .UNSPECIFIED.,.F.,.F.)
B_SPLINE_CURVE_WITH_KNOTS((6,1,1,1,1,1,1,1,1,1,1,1,1,1,1,1,1,1,1,1,1,1,
1,1,1,1,1,1,1,1,1,1,1,1,1,1,1,1,1,1,1,1,1,1,1,1,1,1,1,1,6),(0.,0.02,0.04,
0.06,0.08,0.1,0.12,0.14,0.16,0.18,0.2,0.22,0.24,0.26,0.28,0.3,0.32,0.34,
0.36,0.38,0.4,0.42,0.44,0.46,0.48,0.5,0.52,0.54,0.56,0.58,0.6,0.62,0.64,
0.66,0.68,0.7,0.72,0.74,0.76,0.78,0.8,0.82,0.84,0.86,0.88,0.9,0.92,0.940000000000001,
0.960000000000001,0.980000000000001,1.),.UNSPECIFIED.)
CURVE()
GEOMETRIC_REPRESENTATION_ITEM()
RATIONAL_B_SPLINE_CURVE((1.,1.,1.,1.,1.,1.,1.,1.,1.,1.,1.,1.,1.,1.,1.,1.,
1.,1.,1.,1.,1.,1.,1.,1.,1.,1.,1.,1.,1.,1.,1.,1.,1.,1.,1.,1.,1.,1.,1.,1.,
1.,1.,1.,1.,1.,1.,1.,1.,1.,1.,1.,1.,1.,1.,1.))
REPRESENTATION_ITEM('')
);
#62=(
BOUNDED_CURVE()
B_SPLINE_CURVE(5,(#1983,#1984,#1985,#1986,#1987,#1988,#1989,#1990,#1991,
#1992,#1993,#1994,#1995,#1996,#1997,#1998,#1999,#2000,#2001,#2002,#2003,
#2004,#2005,#2006,#2007,#2008,#2009,#2010,#2011,#2012,#2013,#2014,#2015,
#2016,#2017,#2018,#2019,#2020,#2021,#2022,#2023,#2024,#2025,#2026,#2027,
#2028,#2029,#2030,#2031,#2032,#2033,#2034,#2035,#2036,#2037),
 .UNSPECIFIED.,.F.,.F.)
B_SPLINE_CURVE_WITH_KNOTS((6,1,1,1,1,1,1,1,1,1,1,1,1,1,1,1,1,1,1,1,1,1,
1,1,1,1,1,1,1,1,1,1,1,1,1,1,1,1,1,1,1,1,1,1,1,1,1,1,1,1,6),(0.,0.02,0.04,
0.06,0.08,0.1,0.12,0.14,0.16,0.18,0.2,0.22,0.24,0.26,0.28,0.3,0.32,0.34,
0.36,0.38,0.4,0.42,0.44,0.46,0.48,0.5,0.52,0.54,0.56,0.58,0.6,0.62,0.64,
0.66,0.68,0.7,0.72,0.74,0.76,0.78,0.8,0.82,0.84,0.86,0.88,0.9,0.92,0.940000000000001,
0.960000000000001,0.980000000000001,1.),.UNSPECIFIED.)
CURVE()
GEOMETRIC_REPRESENTATION_ITEM()
RATIONAL_B_SPLINE_CURVE((1.,1.,1.,1.,1.,1.,1.,1.,1.,1.,1.,1.,1.,1.,1.,1.,
1.,1.,1.,1.,1.,1.,1.,1.,1.,1.,1.,1.,1.,1.,1.,1.,1.,1.,1.,1.,1.,1.,1.,1.,
1.,1.,1.,1.,1.,1.,1.,1.,1.,1.,1.,1.,1.,1.,1.))
REPRESENTATION_ITEM('')
);
#63=(
BOUNDED_CURVE()
B_SPLINE_CURVE(5,(#2039,#2040,#2041,#2042,#2043,#2044,#2045,#2046,#2047,
#2048,#2049,#2050,#2051,#2052,#2053,#2054,#2055,#2056,#2057,#2058,#2059,
#2060,#2061,#2062,#2063,#2064,#2065,#2066,#2067,#2068,#2069,#2070,#2071,
#2072,#2073,#2074,#2075,#2076,#2077,#2078,#2079,#2080,#2081,#2082,#2083,
#2084,#2085,#2086,#2087,#2088,#2089,#2090,#2091,#2092,#2093),
 .UNSPECIFIED.,.F.,.F.)
B_SPLINE_CURVE_WITH_KNOTS((6,1,1,1,1,1,1,1,1,1,1,1,1,1,1,1,1,1,1,1,1,1,
1,1,1,1,1,1,1,1,1,1,1,1,1,1,1,1,1,1,1,1,1,1,1,1,1,1,1,1,6),(0.,0.02,0.04,
0.06,0.08,0.1,0.12,0.14,0.16,0.18,0.2,0.22,0.24,0.26,0.28,0.3,0.32,0.34,
0.36,0.38,0.4,0.42,0.44,0.46,0.48,0.5,0.52,0.54,0.56,0.58,0.6,0.62,0.64,
0.66,0.68,0.7,0.72,0.74,0.76,0.78,0.8,0.82,0.84,0.86,0.88,0.9,0.92,0.940000000000001,
0.960000000000001,0.980000000000001,1.),.UNSPECIFIED.)
CURVE()
GEOMETRIC_REPRESENTATION_ITEM()
RATIONAL_B_SPLINE_CURVE((1.,1.,1.,1.,1.,1.,1.,1.,1.,1.,1.,1.,1.,1.,1.,1.,
1.,1.,1.,1.,1.,1.,1.,1.,1.,1.,1.,1.,1.,1.,1.,1.,1.,1.,1.,1.,1.,1.,1.,1.,
1.,1.,1.,1.,1.,1.,1.,1.,1.,1.,1.,1.,1.,1.,1.))
REPRESENTATION_ITEM('')
);
#64=(
BOUNDED_CURVE()
B_SPLINE_CURVE(5,(#2097,#2098,#2099,#2100,#2101,#2102,#2103,#2104,#2105,
#2106,#2107,#2108,#2109,#2110,#2111,#2112,#2113,#2114,#2115,#2116,#2117,
#2118,#2119,#2120,#2121,#2122,#2123,#2124,#2125,#2126,#2127,#2128,#2129,
#2130,#2131,#2132,#2133,#2134,#2135,#2136,#2137,#2138,#2139,#2140,#2141,
#2142,#2143,#2144,#2145,#2146,#2147,#2148,#2149,#2150,#2151),
 .UNSPECIFIED.,.F.,.F.)
B_SPLINE_CURVE_WITH_KNOTS((6,1,1,1,1,1,1,1,1,1,1,1,1,1,1,1,1,1,1,1,1,1,
1,1,1,1,1,1,1,1,1,1,1,1,1,1,1,1,1,1,1,1,1,1,1,1,1,1,1,1,6),(0.,0.02,0.04,
0.06,0.08,0.1,0.12,0.14,0.16,0.18,0.2,0.22,0.24,0.26,0.28,0.3,0.32,0.34,
0.36,0.38,0.4,0.42,0.44,0.46,0.48,0.5,0.52,0.54,0.56,0.58,0.6,0.62,0.64,
0.66,0.68,0.7,0.72,0.74,0.76,0.78,0.8,0.82,0.84,0.86,0.88,0.9,0.92,0.940000000000001,
0.960000000000001,0.980000000000001,1.),.UNSPECIFIED.)
CURVE()
GEOMETRIC_REPRESENTATION_ITEM()
RATIONAL_B_SPLINE_CURVE((1.,1.,1.,1.,1.,1.,1.,1.,1.,1.,1.,1.,1.,1.,1.,1.,
1.,1.,1.,1.,1.,1.,1.,1.,1.,1.,1.,1.,1.,1.,1.,1.,1.,1.,1.,1.,1.,1.,1.,1.,
1.,1.,1.,1.,1.,1.,1.,1.,1.,1.,1.,1.,1.,1.,1.))
REPRESENTATION_ITEM('')
);
#65=(
BOUNDED_CURVE()
B_SPLINE_CURVE(5,(#2153,#2154,#2155,#2156,#2157,#2158,#2159,#2160,#2161,
#2162,#2163,#2164,#2165,#2166,#2167,#2168,#2169,#2170,#2171,#2172,#2173,
#2174,#2175,#2176,#2177,#2178,#2179,#2180,#2181,#2182,#2183,#2184,#2185,
#2186,#2187,#2188,#2189,#2190,#2191,#2192,#2193,#2194,#2195,#2196,#2197,
#2198,#2199,#2200,#2201,#2202,#2203,#2204,#2205,#2206,#2207),
 .UNSPECIFIED.,.F.,.F.)
B_SPLINE_CURVE_WITH_KNOTS((6,1,1,1,1,1,1,1,1,1,1,1,1,1,1,1,1,1,1,1,1,1,
1,1,1,1,1,1,1,1,1,1,1,1,1,1,1,1,1,1,1,1,1,1,1,1,1,1,1,1,6),(0.,0.02,0.04,
0.06,0.08,0.1,0.12,0.14,0.16,0.18,0.2,0.22,0.24,0.26,0.28,0.3,0.32,0.34,
0.36,0.38,0.4,0.42,0.44,0.46,0.48,0.5,0.52,0.54,0.56,0.58,0.6,0.62,0.64,
0.66,0.68,0.7,0.72,0.74,0.76,0.78,0.8,0.82,0.84,0.86,0.88,0.9,0.92,0.940000000000001,
0.960000000000001,0.980000000000001,1.),.UNSPECIFIED.)
CURVE()
GEOMETRIC_REPRESENTATION_ITEM()
RATIONAL_B_SPLINE_CURVE((1.,1.,1.,1.,1.,1.,1.,1.,1.,1.,1.,1.,1.,1.,1.,1.,
1.,1.,1.,1.,1.,1.,1.,1.,1.,1.,1.,1.,1.,1.,1.,1.,1.,1.,1.,1.,1.,1.,1.,1.,
1.,1.,1.,1.,1.,1.,1.,1.,1.,1.,1.,1.,1.,1.,1.))
REPRESENTATION_ITEM('')
);
#66=(
BOUNDED_CURVE()
B_SPLINE_CURVE(5,(#2211,#2212,#2213,#2214,#2215,#2216,#2217,#2218,#2219,
#2220,#2221,#2222,#2223,#2224,#2225,#2226,#2227,#2228,#2229,#2230,#2231,
#2232,#2233,#2234,#2235,#2236,#2237,#2238,#2239,#2240,#2241,#2242,#2243,
#2244,#2245,#2246,#2247,#2248,#2249,#2250,#2251,#2252,#2253,#2254,#2255,
#2256,#2257,#2258,#2259,#2260,#2261,#2262,#2263,#2264,#2265),
 .UNSPECIFIED.,.F.,.F.)
B_SPLINE_CURVE_WITH_KNOTS((6,1,1,1,1,1,1,1,1,1,1,1,1,1,1,1,1,1,1,1,1,1,
1,1,1,1,1,1,1,1,1,1,1,1,1,1,1,1,1,1,1,1,1,1,1,1,1,1,1,1,6),(0.,0.02,0.04,
0.06,0.08,0.1,0.12,0.14,0.16,0.18,0.2,0.22,0.24,0.26,0.28,0.3,0.32,0.34,
0.36,0.38,0.4,0.42,0.44,0.46,0.48,0.5,0.52,0.54,0.56,0.58,0.6,0.62,0.64,
0.66,0.68,0.7,0.72,0.74,0.76,0.78,0.8,0.82,0.84,0.86,0.88,0.9,0.92,0.940000000000001,
0.960000000000001,0.980000000000001,1.),.UNSPECIFIED.)
CURVE()
GEOMETRIC_REPRESENTATION_ITEM()
RATIONAL_B_SPLINE_CURVE((1.,1.,1.,1.,1.,1.,1.,1.,1.,1.,1.,1.,1.,1.,1.,1.,
1.,1.,1.,1.,1.,1.,1.,1.,1.,1.,1.,1.,1.,1.,1.,1.,1.,1.,1.,1.,1.,1.,1.,1.,
1.,1.,1.,1.,1.,1.,1.,1.,1.,1.,1.,1.,1.,1.,1.))
REPRESENTATION_ITEM('')
);
#67=(
BOUNDED_CURVE()
B_SPLINE_CURVE(5,(#2269,#2270,#2271,#2272,#2273,#2274,#2275,#2276,#2277,
#2278,#2279,#2280,#2281,#2282,#2283,#2284,#2285,#2286,#2287,#2288,#2289,
#2290,#2291,#2292,#2293,#2294,#2295,#2296,#2297,#2298,#2299,#2300,#2301,
#2302,#2303,#2304,#2305,#2306,#2307,#2308,#2309,#2310,#2311,#2312,#2313,
#2314,#2315,#2316,#2317,#2318,#2319,#2320,#2321,#2322,#2323),
 .UNSPECIFIED.,.F.,.F.)
B_SPLINE_CURVE_WITH_KNOTS((6,1,1,1,1,1,1,1,1,1,1,1,1,1,1,1,1,1,1,1,1,1,
1,1,1,1,1,1,1,1,1,1,1,1,1,1,1,1,1,1,1,1,1,1,1,1,1,1,1,1,6),(0.,0.02,0.04,
0.06,0.08,0.1,0.12,0.14,0.16,0.18,0.2,0.22,0.24,0.26,0.28,0.3,0.32,0.34,
0.36,0.38,0.4,0.42,0.44,0.46,0.48,0.5,0.52,0.54,0.56,0.58,0.6,0.62,0.64,
0.66,0.68,0.7,0.72,0.74,0.76,0.78,0.8,0.82,0.84,0.86,0.88,0.9,0.92,0.940000000000001,
0.960000000000001,0.980000000000001,1.),.UNSPECIFIED.)
CURVE()
GEOMETRIC_REPRESENTATION_ITEM()
RATIONAL_B_SPLINE_CURVE((1.,1.,1.,1.,1.,1.,1.,1.,1.,1.,1.,1.,1.,1.,1.,1.,
1.,1.,1.,1.,1.,1.,1.,1.,1.,1.,1.,1.,1.,1.,1.,1.,1.,1.,1.,1.,1.,1.,1.,1.,
1.,1.,1.,1.,1.,1.,1.,1.,1.,1.,1.,1.,1.,1.,1.))
REPRESENTATION_ITEM('')
);
#68=(
BOUNDED_CURVE()
B_SPLINE_CURVE(5,(#2325,#2326,#2327,#2328,#2329,#2330,#2331,#2332,#2333,
#2334,#2335,#2336,#2337,#2338,#2339,#2340,#2341,#2342,#2343,#2344,#2345,
#2346,#2347,#2348,#2349,#2350,#2351,#2352,#2353,#2354,#2355,#2356,#2357,
#2358,#2359,#2360,#2361,#2362,#2363,#2364,#2365,#2366,#2367,#2368,#2369,
#2370,#2371,#2372,#2373,#2374,#2375,#2376,#2377,#2378,#2379),
 .UNSPECIFIED.,.F.,.F.)
B_SPLINE_CURVE_WITH_KNOTS((6,1,1,1,1,1,1,1,1,1,1,1,1,1,1,1,1,1,1,1,1,1,
1,1,1,1,1,1,1,1,1,1,1,1,1,1,1,1,1,1,1,1,1,1,1,1,1,1,1,1,6),(0.,0.02,0.04,
0.06,0.08,0.1,0.12,0.14,0.16,0.18,0.2,0.22,0.24,0.26,0.28,0.3,0.32,0.34,
0.36,0.38,0.4,0.42,0.44,0.46,0.48,0.5,0.52,0.54,0.56,0.58,0.6,0.62,0.64,
0.66,0.68,0.7,0.72,0.74,0.76,0.78,0.8,0.82,0.84,0.86,0.88,0.9,0.92,0.940000000000001,
0.960000000000001,0.980000000000001,1.),.UNSPECIFIED.)
CURVE()
GEOMETRIC_REPRESENTATION_ITEM()
RATIONAL_B_SPLINE_CURVE((1.,1.,1.,1.,1.,1.,1.,1.,1.,1.,1.,1.,1.,1.,1.,1.,
1.,1.,1.,1.,1.,1.,1.,1.,1.,1.,1.,1.,1.,1.,1.,1.,1.,1.,1.,1.,1.,1.,1.,1.,
1.,1.,1.,1.,1.,1.,1.,1.,1.,1.,1.,1.,1.,1.,1.))
REPRESENTATION_ITEM('')
);
#69=(
BOUNDED_CURVE()
B_SPLINE_CURVE(5,(#2383,#2384,#2385,#2386,#2387,#2388,#2389,#2390,#2391,
#2392,#2393,#2394,#2395,#2396,#2397,#2398,#2399,#2400,#2401,#2402,#2403,
#2404,#2405,#2406,#2407,#2408,#2409,#2410,#2411,#2412,#2413,#2414,#2415,
#2416,#2417,#2418,#2419,#2420,#2421,#2422,#2423,#2424,#2425,#2426,#2427,
#2428,#2429,#2430,#2431,#2432,#2433,#2434,#2435,#2436,#2437),
 .UNSPECIFIED.,.F.,.F.)
B_SPLINE_CURVE_WITH_KNOTS((6,1,1,1,1,1,1,1,1,1,1,1,1,1,1,1,1,1,1,1,1,1,
1,1,1,1,1,1,1,1,1,1,1,1,1,1,1,1,1,1,1,1,1,1,1,1,1,1,1,1,6),(0.,0.02,0.04,
0.06,0.08,0.1,0.12,0.14,0.16,0.18,0.2,0.22,0.24,0.26,0.28,0.3,0.32,0.34,
0.36,0.38,0.4,0.42,0.44,0.46,0.48,0.5,0.52,0.54,0.56,0.58,0.6,0.62,0.64,
0.66,0.68,0.7,0.72,0.74,0.76,0.78,0.8,0.82,0.84,0.86,0.88,0.9,0.92,0.940000000000001,
0.960000000000001,0.980000000000001,1.),.UNSPECIFIED.)
CURVE()
GEOMETRIC_REPRESENTATION_ITEM()
RATIONAL_B_SPLINE_CURVE((1.,1.,1.,1.,1.,1.,1.,1.,1.,1.,1.,1.,1.,1.,1.,1.,
1.,1.,1.,1.,1.,1.,1.,1.,1.,1.,1.,1.,1.,1.,1.,1.,1.,1.,1.,1.,1.,1.,1.,1.,
1.,1.,1.,1.,1.,1.,1.,1.,1.,1.,1.,1.,1.,1.,1.))
REPRESENTATION_ITEM('')
);
#70=(
BOUNDED_CURVE()
B_SPLINE_CURVE(5,(#2439,#2440,#2441,#2442,#2443,#2444,#2445,#2446,#2447,
#2448,#2449,#2450,#2451,#2452,#2453,#2454,#2455,#2456,#2457,#2458,#2459,
#2460,#2461,#2462,#2463,#2464,#2465,#2466,#2467,#2468,#2469,#2470,#2471,
#2472,#2473,#2474,#2475,#2476,#2477,#2478,#2479,#2480,#2481,#2482,#2483,
#2484,#2485,#2486,#2487,#2488,#2489,#2490,#2491,#2492,#2493),
 .UNSPECIFIED.,.F.,.F.)
B_SPLINE_CURVE_WITH_KNOTS((6,1,1,1,1,1,1,1,1,1,1,1,1,1,1,1,1,1,1,1,1,1,
1,1,1,1,1,1,1,1,1,1,1,1,1,1,1,1,1,1,1,1,1,1,1,1,1,1,1,1,6),(0.,0.02,0.04,
0.06,0.08,0.1,0.12,0.14,0.16,0.18,0.2,0.22,0.24,0.26,0.28,0.3,0.32,0.34,
0.36,0.38,0.4,0.42,0.44,0.46,0.48,0.5,0.52,0.54,0.56,0.58,0.6,0.62,0.64,
0.66,0.68,0.7,0.72,0.74,0.76,0.78,0.8,0.82,0.84,0.86,0.88,0.9,0.92,0.940000000000001,
0.960000000000001,0.980000000000001,1.),.UNSPECIFIED.)
CURVE()
GEOMETRIC_REPRESENTATION_ITEM()
RATIONAL_B_SPLINE_CURVE((1.,1.,1.,1.,1.,1.,1.,1.,1.,1.,1.,1.,1.,1.,1.,1.,
1.,1.,1.,1.,1.,1.,1.,1.,1.,1.,1.,1.,1.,1.,1.,1.,1.,1.,1.,1.,1.,1.,1.,1.,
1.,1.,1.,1.,1.,1.,1.,1.,1.,1.,1.,1.,1.,1.,1.))
REPRESENTATION_ITEM('')
);
#71=(
BOUNDED_CURVE()
B_SPLINE_CURVE(5,(#2497,#2498,#2499,#2500,#2501,#2502,#2503,#2504,#2505,
#2506,#2507,#2508,#2509,#2510,#2511,#2512,#2513,#2514,#2515,#2516,#2517,
#2518,#2519,#2520,#2521,#2522,#2523,#2524,#2525,#2526,#2527,#2528,#2529,
#2530,#2531,#2532,#2533,#2534,#2535,#2536,#2537,#2538,#2539,#2540,#2541,
#2542,#2543,#2544,#2545,#2546,#2547,#2548,#2549,#2550,#2551),
 .UNSPECIFIED.,.F.,.F.)
B_SPLINE_CURVE_WITH_KNOTS((6,1,1,1,1,1,1,1,1,1,1,1,1,1,1,1,1,1,1,1,1,1,
1,1,1,1,1,1,1,1,1,1,1,1,1,1,1,1,1,1,1,1,1,1,1,1,1,1,1,1,6),(0.,0.02,0.04,
0.06,0.08,0.1,0.12,0.14,0.16,0.18,0.2,0.22,0.24,0.26,0.28,0.3,0.32,0.34,
0.36,0.38,0.4,0.42,0.44,0.46,0.48,0.5,0.52,0.54,0.56,0.58,0.6,0.62,0.64,
0.66,0.68,0.7,0.72,0.74,0.76,0.78,0.8,0.82,0.84,0.86,0.88,0.9,0.92,0.940000000000001,
0.960000000000001,0.980000000000001,1.),.UNSPECIFIED.)
CURVE()
GEOMETRIC_REPRESENTATION_ITEM()
RATIONAL_B_SPLINE_CURVE((1.,1.,1.,1.,1.,1.,1.,1.,1.,1.,1.,1.,1.,1.,1.,1.,
1.,1.,1.,1.,1.,1.,1.,1.,1.,1.,1.,1.,1.,1.,1.,1.,1.,1.,1.,1.,1.,1.,1.,1.,
1.,1.,1.,1.,1.,1.,1.,1.,1.,1.,1.,1.,1.,1.,1.))
REPRESENTATION_ITEM('')
);
#72=(
BOUNDED_CURVE()
B_SPLINE_CURVE(5,(#2557,#2558,#2559,#2560,#2561,#2562,#2563,#2564,#2565,
#2566,#2567,#2568,#2569,#2570,#2571,#2572,#2573,#2574,#2575,#2576,#2577,
#2578,#2579,#2580,#2581),.UNSPECIFIED.,.F.,.F.)
B_SPLINE_CURVE_WITH_KNOTS((6,1,1,1,1,1,1,1,1,1,1,1,1,1,1,1,1,1,1,1,6),(0.616030096760144,
0.62,0.64,0.66,0.68,0.7,0.72,0.74,0.76,0.78,0.8,0.82,0.84,0.86,0.88,0.9,
0.92,0.940000000000001,0.960000000000001,0.980000000000001,1.),
 .UNSPECIFIED.)
CURVE()
GEOMETRIC_REPRESENTATION_ITEM()
RATIONAL_B_SPLINE_CURVE((1.,1.,1.,1.,1.,1.,1.,1.,1.,1.,1.,1.,1.,1.,1.,1.,
1.,1.,1.,1.,1.,1.,1.,1.,1.))
REPRESENTATION_ITEM('')
);
#73=(
BOUNDED_CURVE()
B_SPLINE_CURVE(5,(#2589,#2590,#2591,#2592,#2593,#2594,#2595,#2596,#2597,
#2598,#2599,#2600,#2601,#2602,#2603,#2604,#2605,#2606,#2607,#2608,#2609,
#2610,#2611,#2612,#2613,#2614,#2615,#2616,#2617,#2618,#2619,#2620,#2621,
#2622,#2623,#2624,#2625,#2626,#2627,#2628,#2629,#2630,#2631,#2632,#2633,
#2634,#2635,#2636,#2637,#2638,#2639,#2640,#2641,#2642,#2643),
 .UNSPECIFIED.,.F.,.F.)
B_SPLINE_CURVE_WITH_KNOTS((6,1,1,1,1,1,1,1,1,1,1,1,1,1,1,1,1,1,1,1,1,1,
1,1,1,1,1,1,1,1,1,1,1,1,1,1,1,1,1,1,1,1,1,1,1,1,1,1,1,1,6),(0.,0.02,0.04,
0.06,0.08,0.1,0.12,0.14,0.16,0.18,0.2,0.22,0.24,0.26,0.28,0.3,0.32,0.34,
0.36,0.38,0.4,0.42,0.44,0.46,0.48,0.5,0.52,0.54,0.56,0.58,0.6,0.62,0.64,
0.66,0.68,0.7,0.72,0.74,0.76,0.78,0.8,0.82,0.84,0.86,0.88,0.9,0.92,0.940000000000001,
0.960000000000001,0.980000000000001,1.),.UNSPECIFIED.)
CURVE()
GEOMETRIC_REPRESENTATION_ITEM()
RATIONAL_B_SPLINE_CURVE((1.,1.,1.,1.,1.,1.,1.,1.,1.,1.,1.,1.,1.,1.,1.,1.,
1.,1.,1.,1.,1.,1.,1.,1.,1.,1.,1.,1.,1.,1.,1.,1.,1.,1.,1.,1.,1.,1.,1.,1.,
1.,1.,1.,1.,1.,1.,1.,1.,1.,1.,1.,1.,1.,1.,1.))
REPRESENTATION_ITEM('')
);
#74=(
BOUNDED_CURVE()
B_SPLINE_CURVE(5,(#2646,#2647,#2648,#2649,#2650,#2651,#2652,#2653,#2654,
#2655,#2656,#2657,#2658,#2659,#2660,#2661,#2662,#2663,#2664,#2665,#2666,
#2667,#2668,#2669,#2670),.UNSPECIFIED.,.F.,.F.)
B_SPLINE_CURVE_WITH_KNOTS((6,1,1,1,1,1,1,1,1,1,1,1,1,1,1,1,1,1,1,1,6),(0.,
0.02,0.04,0.06,0.08,0.1,0.12,0.14,0.16,0.18,0.2,0.22,0.24,0.26,0.28,0.3,
0.32,0.34,0.36,0.38,0.381291948663361),.UNSPECIFIED.)
CURVE()
GEOMETRIC_REPRESENTATION_ITEM()
RATIONAL_B_SPLINE_CURVE((1.,1.,1.,1.,1.,1.,1.,1.,1.,1.,1.,1.,1.,1.,1.,1.,
1.,1.,1.,1.,1.,1.,1.,1.,1.))
REPRESENTATION_ITEM('')
);
#75=(
BOUNDED_CURVE()
B_SPLINE_CURVE(5,(#2673,#2674,#2675,#2676,#2677,#2678,#2679,#2680,#2681,
#2682,#2683,#2684,#2685,#2686,#2687,#2688,#2689,#2690,#2691,#2692,#2693,
#2694,#2695,#2696,#2697,#2698,#2699,#2700,#2701,#2702,#2703,#2704,#2705,
#2706,#2707,#2708,#2709,#2710,#2711,#2712,#2713,#2714,#2715,#2716,#2717,
#2718,#2719,#2720,#2721,#2722,#2723,#2724,#2725,#2726,#2727),
 .UNSPECIFIED.,.F.,.F.)
B_SPLINE_CURVE_WITH_KNOTS((6,1,1,1,1,1,1,1,1,1,1,1,1,1,1,1,1,1,1,1,1,1,
1,1,1,1,1,1,1,1,1,1,1,1,1,1,1,1,1,1,1,1,1,1,1,1,1,1,1,1,6),(0.,0.02,0.04,
0.06,0.08,0.1,0.12,0.14,0.16,0.18,0.2,0.22,0.24,0.26,0.28,0.3,0.32,0.34,
0.36,0.38,0.4,0.42,0.44,0.46,0.48,0.5,0.52,0.54,0.56,0.58,0.6,0.62,0.64,
0.66,0.68,0.7,0.72,0.74,0.76,0.78,0.8,0.82,0.84,0.86,0.88,0.9,0.92,0.940000000000001,
0.960000000000001,0.980000000000001,1.),.UNSPECIFIED.)
CURVE()
GEOMETRIC_REPRESENTATION_ITEM()
RATIONAL_B_SPLINE_CURVE((1.,1.,1.,1.,1.,1.,1.,1.,1.,1.,1.,1.,1.,1.,1.,1.,
1.,1.,1.,1.,1.,1.,1.,1.,1.,1.,1.,1.,1.,1.,1.,1.,1.,1.,1.,1.,1.,1.,1.,1.,
1.,1.,1.,1.,1.,1.,1.,1.,1.,1.,1.,1.,1.,1.,1.))
REPRESENTATION_ITEM('')
);
#76=(
BOUNDED_CURVE()
B_SPLINE_CURVE(5,(#2731,#2732,#2733,#2734,#2735,#2736,#2737,#2738,#2739,
#2740,#2741,#2742,#2743,#2744,#2745,#2746,#2747,#2748,#2749,#2750,#2751,
#2752,#2753,#2754,#2755,#2756,#2757,#2758,#2759,#2760,#2761,#2762,#2763,
#2764,#2765,#2766,#2767,#2768,#2769,#2770,#2771,#2772,#2773,#2774,#2775,
#2776,#2777,#2778,#2779,#2780,#2781,#2782,#2783,#2784,#2785),
 .UNSPECIFIED.,.F.,.F.)
B_SPLINE_CURVE_WITH_KNOTS((6,1,1,1,1,1,1,1,1,1,1,1,1,1,1,1,1,1,1,1,1,1,
1,1,1,1,1,1,1,1,1,1,1,1,1,1,1,1,1,1,1,1,1,1,1,1,1,1,1,1,6),(0.,0.02,0.04,
0.06,0.08,0.1,0.12,0.14,0.16,0.18,0.2,0.22,0.24,0.26,0.28,0.3,0.32,0.34,
0.36,0.38,0.4,0.42,0.44,0.46,0.48,0.5,0.52,0.54,0.56,0.58,0.6,0.62,0.64,
0.66,0.68,0.7,0.72,0.74,0.76,0.78,0.8,0.82,0.84,0.86,0.88,0.9,0.92,0.940000000000001,
0.960000000000001,0.980000000000001,1.),.UNSPECIFIED.)
CURVE()
GEOMETRIC_REPRESENTATION_ITEM()
RATIONAL_B_SPLINE_CURVE((1.,1.,1.,1.,1.,1.,1.,1.,1.,1.,1.,1.,1.,1.,1.,1.,
1.,1.,1.,1.,1.,1.,1.,1.,1.,1.,1.,1.,1.,1.,1.,1.,1.,1.,1.,1.,1.,1.,1.,1.,
1.,1.,1.,1.,1.,1.,1.,1.,1.,1.,1.,1.,1.,1.,1.))
REPRESENTATION_ITEM('')
);
#77=(
BOUNDED_CURVE()
B_SPLINE_CURVE(5,(#2904,#2905,#2906,#2907,#2908,#2909,#2910,#2911,#2912,
#2913,#2914,#2915,#2916,#2917,#2918,#2919,#2920,#2921,#2922,#2923,#2924,
#2925,#2926,#2927,#2928,#2929,#2930,#2931,#2932,#2933,#2934,#2935,#2936,
#2937,#2938,#2939,#2940,#2941,#2942,#2943,#2944,#2945,#2946,#2947,#2948,
#2949,#2950,#2951,#2952,#2953,#2954,#2955,#2956,#2957,#2958),
 .UNSPECIFIED.,.F.,.F.)
B_SPLINE_CURVE_WITH_KNOTS((6,1,1,1,1,1,1,1,1,1,1,1,1,1,1,1,1,1,1,1,1,1,
1,1,1,1,1,1,1,1,1,1,1,1,1,1,1,1,1,1,1,1,1,1,1,1,1,1,1,1,6),(0.,0.02,0.04,
0.06,0.08,0.1,0.12,0.14,0.16,0.18,0.2,0.22,0.24,0.26,0.28,0.3,0.32,0.34,
0.36,0.38,0.4,0.42,0.44,0.46,0.48,0.5,0.52,0.54,0.56,0.58,0.6,0.62,0.64,
0.66,0.68,0.7,0.72,0.74,0.76,0.78,0.8,0.82,0.84,0.86,0.88,0.9,0.92,0.940000000000001,
0.960000000000001,0.980000000000001,1.),.UNSPECIFIED.)
CURVE()
GEOMETRIC_REPRESENTATION_ITEM()
RATIONAL_B_SPLINE_CURVE((1.,1.,1.,1.,1.,1.,1.,1.,1.,1.,1.,1.,1.,1.,1.,1.,
1.,1.,1.,1.,1.,1.,1.,1.,1.,1.,1.,1.,1.,1.,1.,1.,1.,1.,1.,1.,1.,1.,1.,1.,
1.,1.,1.,1.,1.,1.,1.,1.,1.,1.,1.,1.,1.,1.,1.))
REPRESENTATION_ITEM('')
);
#78=(
BOUNDED_CURVE()
B_SPLINE_CURVE(5,(#3074,#3075,#3076,#3077,#3078,#3079,#3080,#3081,#3082,
#3083,#3084,#3085,#3086,#3087,#3088,#3089,#3090,#3091,#3092,#3093,#3094,
#3095,#3096,#3097,#3098,#3099,#3100,#3101,#3102,#3103,#3104,#3105,#3106,
#3107,#3108,#3109,#3110,#3111,#3112,#3113,#3114,#3115,#3116,#3117,#3118,
#3119,#3120,#3121,#3122,#3123,#3124,#3125,#3126,#3127,#3128),
 .UNSPECIFIED.,.F.,.F.)
B_SPLINE_CURVE_WITH_KNOTS((6,1,1,1,1,1,1,1,1,1,1,1,1,1,1,1,1,1,1,1,1,1,
1,1,1,1,1,1,1,1,1,1,1,1,1,1,1,1,1,1,1,1,1,1,1,1,1,1,1,1,6),(0.,0.02,0.04,
0.06,0.08,0.1,0.12,0.14,0.16,0.18,0.2,0.22,0.24,0.26,0.28,0.3,0.32,0.34,
0.36,0.38,0.4,0.42,0.44,0.46,0.48,0.5,0.52,0.54,0.56,0.58,0.6,0.62,0.64,
0.66,0.68,0.7,0.72,0.74,0.76,0.78,0.8,0.82,0.84,0.86,0.88,0.9,0.92,0.940000000000001,
0.960000000000001,0.980000000000001,1.),.UNSPECIFIED.)
CURVE()
GEOMETRIC_REPRESENTATION_ITEM()
RATIONAL_B_SPLINE_CURVE((1.,1.,1.,1.,1.,1.,1.,1.,1.,1.,1.,1.,1.,1.,1.,1.,
1.,1.,1.,1.,1.,1.,1.,1.,1.,1.,1.,1.,1.,1.,1.,1.,1.,1.,1.,1.,1.,1.,1.,1.,
1.,1.,1.,1.,1.,1.,1.,1.,1.,1.,1.,1.,1.,1.,1.))
REPRESENTATION_ITEM('')
);
#79=(
BOUNDED_CURVE()
B_SPLINE_CURVE(5,(#3246,#3247,#3248,#3249,#3250,#3251,#3252,#3253,#3254,
#3255,#3256,#3257,#3258,#3259,#3260,#3261,#3262,#3263,#3264,#3265,#3266,
#3267,#3268,#3269,#3270,#3271,#3272,#3273,#3274,#3275,#3276,#3277,#3278,
#3279,#3280,#3281,#3282,#3283,#3284,#3285,#3286,#3287,#3288,#3289,#3290,
#3291,#3292,#3293,#3294,#3295,#3296,#3297,#3298,#3299,#3300),
 .UNSPECIFIED.,.F.,.F.)
B_SPLINE_CURVE_WITH_KNOTS((6,1,1,1,1,1,1,1,1,1,1,1,1,1,1,1,1,1,1,1,1,1,
1,1,1,1,1,1,1,1,1,1,1,1,1,1,1,1,1,1,1,1,1,1,1,1,1,1,1,1,6),(0.,0.02,0.04,
0.06,0.08,0.1,0.12,0.14,0.16,0.18,0.2,0.22,0.24,0.26,0.28,0.3,0.32,0.34,
0.36,0.38,0.4,0.42,0.44,0.46,0.48,0.5,0.52,0.54,0.56,0.58,0.6,0.62,0.64,
0.66,0.68,0.7,0.72,0.74,0.76,0.78,0.8,0.82,0.84,0.86,0.88,0.9,0.92,0.940000000000001,
0.960000000000001,0.980000000000001,1.),.UNSPECIFIED.)
CURVE()
GEOMETRIC_REPRESENTATION_ITEM()
RATIONAL_B_SPLINE_CURVE((1.,1.,1.,1.,1.,1.,1.,1.,1.,1.,1.,1.,1.,1.,1.,1.,
1.,1.,1.,1.,1.,1.,1.,1.,1.,1.,1.,1.,1.,1.,1.,1.,1.,1.,1.,1.,1.,1.,1.,1.,
1.,1.,1.,1.,1.,1.,1.,1.,1.,1.,1.,1.,1.,1.,1.))
REPRESENTATION_ITEM('')
);
#80=(
BOUNDED_CURVE()
B_SPLINE_CURVE(5,(#3417,#3418,#3419,#3420,#3421,#3422,#3423,#3424,#3425,
#3426,#3427,#3428,#3429,#3430,#3431,#3432,#3433,#3434,#3435,#3436,#3437,
#3438,#3439,#3440,#3441,#3442,#3443,#3444,#3445,#3446,#3447,#3448,#3449,
#3450,#3451,#3452,#3453,#3454,#3455,#3456,#3457,#3458,#3459,#3460,#3461,
#3462,#3463,#3464,#3465,#3466,#3467,#3468,#3469,#3470,#3471),
 .UNSPECIFIED.,.F.,.F.)
B_SPLINE_CURVE_WITH_KNOTS((6,1,1,1,1,1,1,1,1,1,1,1,1,1,1,1,1,1,1,1,1,1,
1,1,1,1,1,1,1,1,1,1,1,1,1,1,1,1,1,1,1,1,1,1,1,1,1,1,1,1,6),(0.,0.02,0.04,
0.06,0.08,0.1,0.12,0.14,0.16,0.18,0.2,0.22,0.24,0.26,0.28,0.3,0.32,0.34,
0.36,0.38,0.4,0.42,0.44,0.46,0.48,0.5,0.52,0.54,0.56,0.58,0.6,0.62,0.64,
0.66,0.68,0.7,0.72,0.74,0.76,0.78,0.8,0.82,0.84,0.86,0.88,0.9,0.92,0.940000000000001,
0.960000000000001,0.980000000000001,1.),.UNSPECIFIED.)
CURVE()
GEOMETRIC_REPRESENTATION_ITEM()
RATIONAL_B_SPLINE_CURVE((1.,1.,1.,1.,1.,1.,1.,1.,1.,1.,1.,1.,1.,1.,1.,1.,
1.,1.,1.,1.,1.,1.,1.,1.,1.,1.,1.,1.,1.,1.,1.,1.,1.,1.,1.,1.,1.,1.,1.,1.,
1.,1.,1.,1.,1.,1.,1.,1.,1.,1.,1.,1.,1.,1.,1.))
REPRESENTATION_ITEM('')
);
#81=(
BOUNDED_CURVE()
B_SPLINE_CURVE(5,(#3604,#3605,#3606,#3607,#3608,#3609,#3610,#3611,#3612,
#3613,#3614,#3615,#3616,#3617,#3618,#3619,#3620,#3621,#3622,#3623,#3624,
#3625,#3626,#3627,#3628,#3629,#3630,#3631,#3632,#3633,#3634,#3635,#3636,
#3637,#3638,#3639,#3640,#3641,#3642,#3643,#3644,#3645,#3646,#3647,#3648,
#3649,#3650,#3651,#3652,#3653,#3654,#3655,#3656,#3657,#3658),
 .UNSPECIFIED.,.F.,.F.)
B_SPLINE_CURVE_WITH_KNOTS((6,1,1,1,1,1,1,1,1,1,1,1,1,1,1,1,1,1,1,1,1,1,
1,1,1,1,1,1,1,1,1,1,1,1,1,1,1,1,1,1,1,1,1,1,1,1,1,1,1,1,6),(0.,0.02,0.04,
0.06,0.08,0.1,0.12,0.14,0.16,0.18,0.2,0.22,0.24,0.26,0.28,0.3,0.32,0.34,
0.36,0.38,0.4,0.42,0.44,0.46,0.48,0.5,0.52,0.54,0.56,0.58,0.6,0.62,0.64,
0.66,0.68,0.7,0.72,0.74,0.76,0.78,0.8,0.82,0.84,0.86,0.88,0.9,0.92,0.940000000000001,
0.960000000000001,0.980000000000001,1.),.UNSPECIFIED.)
CURVE()
GEOMETRIC_REPRESENTATION_ITEM()
RATIONAL_B_SPLINE_CURVE((1.,1.,1.,1.,1.,1.,1.,1.,1.,1.,1.,1.,1.,1.,1.,1.,
1.,1.,1.,1.,1.,1.,1.,1.,1.,1.,1.,1.,1.,1.,1.,1.,1.,1.,1.,1.,1.,1.,1.,1.,
1.,1.,1.,1.,1.,1.,1.,1.,1.,1.,1.,1.,1.,1.,1.))
REPRESENTATION_ITEM('')
);
#82=(
BOUNDED_CURVE()
B_SPLINE_CURVE(5,(#3775,#3776,#3777,#3778,#3779,#3780,#3781,#3782,#3783,
#3784,#3785,#3786,#3787,#3788,#3789,#3790,#3791,#3792,#3793,#3794,#3795,
#3796,#3797,#3798,#3799,#3800,#3801,#3802,#3803,#3804,#3805,#3806,#3807,
#3808,#3809,#3810,#3811,#3812,#3813,#3814,#3815,#3816,#3817,#3818,#3819,
#3820,#3821,#3822,#3823,#3824,#3825,#3826,#3827,#3828,#3829),
 .UNSPECIFIED.,.F.,.F.)
B_SPLINE_CURVE_WITH_KNOTS((6,1,1,1,1,1,1,1,1,1,1,1,1,1,1,1,1,1,1,1,1,1,
1,1,1,1,1,1,1,1,1,1,1,1,1,1,1,1,1,1,1,1,1,1,1,1,1,1,1,1,6),(0.,0.02,0.04,
0.06,0.08,0.1,0.12,0.14,0.16,0.18,0.2,0.22,0.24,0.26,0.28,0.3,0.32,0.34,
0.36,0.38,0.4,0.42,0.44,0.46,0.48,0.5,0.52,0.54,0.56,0.58,0.6,0.62,0.64,
0.66,0.68,0.7,0.72,0.74,0.76,0.78,0.8,0.82,0.84,0.86,0.88,0.9,0.92,0.940000000000001,
0.960000000000001,0.980000000000001,1.),.UNSPECIFIED.)
CURVE()
GEOMETRIC_REPRESENTATION_ITEM()
RATIONAL_B_SPLINE_CURVE((1.,1.,1.,1.,1.,1.,1.,1.,1.,1.,1.,1.,1.,1.,1.,1.,
1.,1.,1.,1.,1.,1.,1.,1.,1.,1.,1.,1.,1.,1.,1.,1.,1.,1.,1.,1.,1.,1.,1.,1.,
1.,1.,1.,1.,1.,1.,1.,1.,1.,1.,1.,1.,1.,1.,1.))
REPRESENTATION_ITEM('')
);
#83=(
BOUNDED_CURVE()
B_SPLINE_CURVE(5,(#3941,#3942,#3943,#3944,#3945,#3946,#3947,#3948,#3949,
#3950,#3951,#3952,#3953,#3954,#3955,#3956,#3957,#3958,#3959,#3960,#3961,
#3962,#3963,#3964,#3965,#3966,#3967,#3968,#3969,#3970,#3971,#3972,#3973,
#3974,#3975,#3976,#3977,#3978,#3979,#3980,#3981,#3982,#3983,#3984,#3985,
#3986,#3987,#3988,#3989,#3990,#3991,#3992,#3993,#3994,#3995),
 .UNSPECIFIED.,.F.,.F.)
B_SPLINE_CURVE_WITH_KNOTS((6,1,1,1,1,1,1,1,1,1,1,1,1,1,1,1,1,1,1,1,1,1,
1,1,1,1,1,1,1,1,1,1,1,1,1,1,1,1,1,1,1,1,1,1,1,1,1,1,1,1,6),(0.,0.02,0.04,
0.06,0.08,0.1,0.12,0.14,0.16,0.18,0.2,0.22,0.24,0.26,0.28,0.3,0.32,0.34,
0.36,0.38,0.4,0.42,0.44,0.46,0.48,0.5,0.52,0.54,0.56,0.58,0.6,0.62,0.64,
0.66,0.68,0.7,0.72,0.74,0.76,0.78,0.8,0.82,0.84,0.86,0.88,0.9,0.92,0.940000000000001,
0.960000000000001,0.980000000000001,1.),.UNSPECIFIED.)
CURVE()
GEOMETRIC_REPRESENTATION_ITEM()
RATIONAL_B_SPLINE_CURVE((1.,1.,1.,1.,1.,1.,1.,1.,1.,1.,1.,1.,1.,1.,1.,1.,
1.,1.,1.,1.,1.,1.,1.,1.,1.,1.,1.,1.,1.,1.,1.,1.,1.,1.,1.,1.,1.,1.,1.,1.,
1.,1.,1.,1.,1.,1.,1.,1.,1.,1.,1.,1.,1.,1.,1.))
REPRESENTATION_ITEM('')
);
#84=(
BOUNDED_CURVE()
B_SPLINE_CURVE(5,(#4112,#4113,#4114,#4115,#4116,#4117,#4118,#4119,#4120,
#4121,#4122,#4123,#4124,#4125,#4126,#4127,#4128,#4129,#4130,#4131,#4132,
#4133,#4134,#4135,#4136,#4137,#4138,#4139,#4140,#4141,#4142,#4143,#4144,
#4145,#4146,#4147,#4148,#4149,#4150,#4151,#4152,#4153,#4154,#4155,#4156,
#4157,#4158,#4159,#4160,#4161,#4162,#4163,#4164,#4165,#4166),
 .UNSPECIFIED.,.F.,.F.)
B_SPLINE_CURVE_WITH_KNOTS((6,1,1,1,1,1,1,1,1,1,1,1,1,1,1,1,1,1,1,1,1,1,
1,1,1,1,1,1,1,1,1,1,1,1,1,1,1,1,1,1,1,1,1,1,1,1,1,1,1,1,6),(0.,0.02,0.04,
0.06,0.08,0.1,0.12,0.14,0.16,0.18,0.2,0.22,0.24,0.26,0.28,0.3,0.32,0.34,
0.36,0.38,0.4,0.42,0.44,0.46,0.48,0.5,0.52,0.54,0.56,0.58,0.6,0.62,0.64,
0.66,0.68,0.7,0.72,0.74,0.76,0.78,0.8,0.82,0.84,0.86,0.88,0.9,0.92,0.940000000000001,
0.960000000000001,0.980000000000001,1.),.UNSPECIFIED.)
CURVE()
GEOMETRIC_REPRESENTATION_ITEM()
RATIONAL_B_SPLINE_CURVE((1.,1.,1.,1.,1.,1.,1.,1.,1.,1.,1.,1.,1.,1.,1.,1.,
1.,1.,1.,1.,1.,1.,1.,1.,1.,1.,1.,1.,1.,1.,1.,1.,1.,1.,1.,1.,1.,1.,1.,1.,
1.,1.,1.,1.,1.,1.,1.,1.,1.,1.,1.,1.,1.,1.,1.))
REPRESENTATION_ITEM('')
);
#85=(
BOUNDED_CURVE()
B_SPLINE_CURVE(5,(#4279,#4280,#4281,#4282,#4283,#4284,#4285,#4286,#4287,
#4288,#4289,#4290,#4291,#4292,#4293,#4294,#4295,#4296,#4297,#4298,#4299,
#4300,#4301,#4302,#4303,#4304,#4305,#4306,#4307,#4308,#4309,#4310,#4311,
#4312,#4313,#4314,#4315,#4316,#4317,#4318,#4319,#4320,#4321,#4322,#4323,
#4324,#4325,#4326,#4327,#4328,#4329,#4330,#4331,#4332,#4333),
 .UNSPECIFIED.,.F.,.F.)
B_SPLINE_CURVE_WITH_KNOTS((6,1,1,1,1,1,1,1,1,1,1,1,1,1,1,1,1,1,1,1,1,1,
1,1,1,1,1,1,1,1,1,1,1,1,1,1,1,1,1,1,1,1,1,1,1,1,1,1,1,1,6),(0.,0.02,0.04,
0.06,0.08,0.1,0.12,0.14,0.16,0.18,0.2,0.22,0.24,0.26,0.28,0.3,0.32,0.34,
0.36,0.38,0.4,0.42,0.44,0.46,0.48,0.5,0.52,0.54,0.56,0.58,0.6,0.62,0.64,
0.66,0.68,0.7,0.72,0.74,0.76,0.78,0.8,0.82,0.84,0.86,0.88,0.9,0.92,0.940000000000001,
0.960000000000001,0.980000000000001,1.),.UNSPECIFIED.)
CURVE()
GEOMETRIC_REPRESENTATION_ITEM()
RATIONAL_B_SPLINE_CURVE((1.,1.,1.,1.,1.,1.,1.,1.,1.,1.,1.,1.,1.,1.,1.,1.,
1.,1.,1.,1.,1.,1.,1.,1.,1.,1.,1.,1.,1.,1.,1.,1.,1.,1.,1.,1.,1.,1.,1.,1.,
1.,1.,1.,1.,1.,1.,1.,1.,1.,1.,1.,1.,1.,1.,1.))
REPRESENTATION_ITEM('')
);
#86=(
BOUNDED_CURVE()
B_SPLINE_CURVE(5,(#4450,#4451,#4452,#4453,#4454,#4455,#4456,#4457,#4458,
#4459,#4460,#4461,#4462,#4463,#4464,#4465,#4466,#4467,#4468,#4469,#4470,
#4471,#4472,#4473,#4474,#4475,#4476,#4477,#4478,#4479,#4480,#4481,#4482,
#4483,#4484,#4485,#4486,#4487,#4488,#4489,#4490,#4491,#4492,#4493,#4494,
#4495,#4496,#4497,#4498,#4499,#4500,#4501,#4502,#4503,#4504),
 .UNSPECIFIED.,.F.,.F.)
B_SPLINE_CURVE_WITH_KNOTS((6,1,1,1,1,1,1,1,1,1,1,1,1,1,1,1,1,1,1,1,1,1,
1,1,1,1,1,1,1,1,1,1,1,1,1,1,1,1,1,1,1,1,1,1,1,1,1,1,1,1,6),(0.,0.02,0.04,
0.06,0.08,0.1,0.12,0.14,0.16,0.18,0.2,0.22,0.24,0.26,0.28,0.3,0.32,0.34,
0.36,0.38,0.4,0.42,0.44,0.46,0.48,0.5,0.52,0.54,0.56,0.58,0.6,0.62,0.64,
0.66,0.68,0.7,0.72,0.74,0.76,0.78,0.8,0.82,0.84,0.86,0.88,0.9,0.92,0.940000000000001,
0.960000000000001,0.980000000000001,1.),.UNSPECIFIED.)
CURVE()
GEOMETRIC_REPRESENTATION_ITEM()
RATIONAL_B_SPLINE_CURVE((1.,1.,1.,1.,1.,1.,1.,1.,1.,1.,1.,1.,1.,1.,1.,1.,
1.,1.,1.,1.,1.,1.,1.,1.,1.,1.,1.,1.,1.,1.,1.,1.,1.,1.,1.,1.,1.,1.,1.,1.,
1.,1.,1.,1.,1.,1.,1.,1.,1.,1.,1.,1.,1.,1.,1.))
REPRESENTATION_ITEM('')
);
#87=(
BOUNDED_CURVE()
B_SPLINE_CURVE(5,(#4621,#4622,#4623,#4624,#4625,#4626,#4627,#4628,#4629,
#4630,#4631,#4632,#4633,#4634,#4635,#4636,#4637,#4638,#4639,#4640,#4641,
#4642,#4643,#4644,#4645,#4646,#4647,#4648,#4649,#4650,#4651,#4652,#4653,
#4654,#4655,#4656,#4657,#4658,#4659,#4660,#4661,#4662,#4663,#4664,#4665,
#4666,#4667,#4668,#4669,#4670,#4671,#4672,#4673,#4674,#4675),
 .UNSPECIFIED.,.F.,.F.)
B_SPLINE_CURVE_WITH_KNOTS((6,1,1,1,1,1,1,1,1,1,1,1,1,1,1,1,1,1,1,1,1,1,
1,1,1,1,1,1,1,1,1,1,1,1,1,1,1,1,1,1,1,1,1,1,1,1,1,1,1,1,6),(0.,0.02,0.04,
0.06,0.08,0.1,0.12,0.14,0.16,0.18,0.2,0.22,0.24,0.26,0.28,0.3,0.32,0.34,
0.36,0.38,0.4,0.42,0.44,0.46,0.48,0.5,0.52,0.54,0.56,0.58,0.6,0.62,0.64,
0.66,0.68,0.7,0.72,0.74,0.76,0.78,0.8,0.82,0.84,0.86,0.88,0.9,0.92,0.940000000000001,
0.960000000000001,0.980000000000001,1.),.UNSPECIFIED.)
CURVE()
GEOMETRIC_REPRESENTATION_ITEM()
RATIONAL_B_SPLINE_CURVE((1.,1.,1.,1.,1.,1.,1.,1.,1.,1.,1.,1.,1.,1.,1.,1.,
1.,1.,1.,1.,1.,1.,1.,1.,1.,1.,1.,1.,1.,1.,1.,1.,1.,1.,1.,1.,1.,1.,1.,1.,
1.,1.,1.,1.,1.,1.,1.,1.,1.,1.,1.,1.,1.,1.,1.))
REPRESENTATION_ITEM('')
);
#88=(
BOUNDED_CURVE()
B_SPLINE_CURVE(5,(#4788,#4789,#4790,#4791,#4792,#4793,#4794,#4795,#4796,
#4797,#4798,#4799,#4800,#4801,#4802,#4803,#4804,#4805,#4806,#4807,#4808,
#4809,#4810,#4811,#4812,#4813,#4814,#4815,#4816,#4817,#4818,#4819,#4820,
#4821,#4822,#4823,#4824,#4825,#4826,#4827,#4828,#4829,#4830,#4831,#4832,
#4833,#4834,#4835,#4836,#4837,#4838,#4839,#4840,#4841,#4842),
 .UNSPECIFIED.,.F.,.F.)
B_SPLINE_CURVE_WITH_KNOTS((6,1,1,1,1,1,1,1,1,1,1,1,1,1,1,1,1,1,1,1,1,1,
1,1,1,1,1,1,1,1,1,1,1,1,1,1,1,1,1,1,1,1,1,1,1,1,1,1,1,1,6),(0.,0.02,0.04,
0.06,0.08,0.1,0.12,0.14,0.16,0.18,0.2,0.22,0.24,0.26,0.28,0.3,0.32,0.34,
0.36,0.38,0.4,0.42,0.44,0.46,0.48,0.5,0.52,0.54,0.56,0.58,0.6,0.62,0.64,
0.66,0.68,0.7,0.72,0.74,0.76,0.78,0.8,0.82,0.84,0.86,0.88,0.9,0.92,0.940000000000001,
0.960000000000001,0.980000000000001,1.),.UNSPECIFIED.)
CURVE()
GEOMETRIC_REPRESENTATION_ITEM()
RATIONAL_B_SPLINE_CURVE((1.,1.,1.,1.,1.,1.,1.,1.,1.,1.,1.,1.,1.,1.,1.,1.,
1.,1.,1.,1.,1.,1.,1.,1.,1.,1.,1.,1.,1.,1.,1.,1.,1.,1.,1.,1.,1.,1.,1.,1.,
1.,1.,1.,1.,1.,1.,1.,1.,1.,1.,1.,1.,1.,1.,1.))
REPRESENTATION_ITEM('')
);
#89=(
BOUNDED_CURVE()
B_SPLINE_CURVE(5,(#4959,#4960,#4961,#4962,#4963,#4964,#4965,#4966,#4967,
#4968,#4969,#4970,#4971,#4972,#4973,#4974,#4975,#4976,#4977,#4978,#4979,
#4980,#4981,#4982,#4983,#4984,#4985,#4986,#4987,#4988,#4989,#4990,#4991,
#4992,#4993,#4994,#4995,#4996,#4997,#4998,#4999,#5000,#5001,#5002,#5003,
#5004,#5005,#5006,#5007,#5008,#5009,#5010,#5011,#5012,#5013),
 .UNSPECIFIED.,.F.,.F.)
B_SPLINE_CURVE_WITH_KNOTS((6,1,1,1,1,1,1,1,1,1,1,1,1,1,1,1,1,1,1,1,1,1,
1,1,1,1,1,1,1,1,1,1,1,1,1,1,1,1,1,1,1,1,1,1,1,1,1,1,1,1,6),(0.,0.02,0.04,
0.06,0.08,0.1,0.12,0.14,0.16,0.18,0.2,0.22,0.24,0.26,0.28,0.3,0.32,0.34,
0.36,0.38,0.4,0.42,0.44,0.46,0.48,0.5,0.52,0.54,0.56,0.58,0.6,0.62,0.64,
0.66,0.68,0.7,0.72,0.74,0.76,0.78,0.8,0.82,0.84,0.86,0.88,0.9,0.92,0.940000000000001,
0.960000000000001,0.980000000000001,1.),.UNSPECIFIED.)
CURVE()
GEOMETRIC_REPRESENTATION_ITEM()
RATIONAL_B_SPLINE_CURVE((1.,1.,1.,1.,1.,1.,1.,1.,1.,1.,1.,1.,1.,1.,1.,1.,
1.,1.,1.,1.,1.,1.,1.,1.,1.,1.,1.,1.,1.,1.,1.,1.,1.,1.,1.,1.,1.,1.,1.,1.,
1.,1.,1.,1.,1.,1.,1.,1.,1.,1.,1.,1.,1.,1.,1.))
REPRESENTATION_ITEM('')
);
#90=(
BOUNDED_CURVE()
B_SPLINE_CURVE(5,(#5126,#5127,#5128,#5129,#5130,#5131,#5132,#5133,#5134,
#5135,#5136,#5137,#5138,#5139,#5140,#5141,#5142,#5143,#5144,#5145,#5146,
#5147,#5148,#5149,#5150,#5151,#5152,#5153,#5154,#5155,#5156,#5157,#5158,
#5159,#5160,#5161,#5162,#5163,#5164,#5165,#5166,#5167,#5168,#5169,#5170,
#5171,#5172,#5173,#5174,#5175,#5176,#5177,#5178,#5179,#5180),
 .UNSPECIFIED.,.F.,.F.)
B_SPLINE_CURVE_WITH_KNOTS((6,1,1,1,1,1,1,1,1,1,1,1,1,1,1,1,1,1,1,1,1,1,
1,1,1,1,1,1,1,1,1,1,1,1,1,1,1,1,1,1,1,1,1,1,1,1,1,1,1,1,6),(0.,0.02,0.04,
0.06,0.08,0.1,0.12,0.14,0.16,0.18,0.2,0.22,0.24,0.26,0.28,0.3,0.32,0.34,
0.36,0.38,0.4,0.42,0.44,0.46,0.48,0.5,0.52,0.54,0.56,0.58,0.6,0.62,0.64,
0.66,0.68,0.7,0.72,0.74,0.76,0.78,0.8,0.82,0.84,0.86,0.88,0.9,0.92,0.940000000000001,
0.960000000000001,0.980000000000001,1.),.UNSPECIFIED.)
CURVE()
GEOMETRIC_REPRESENTATION_ITEM()
RATIONAL_B_SPLINE_CURVE((1.,1.,1.,1.,1.,1.,1.,1.,1.,1.,1.,1.,1.,1.,1.,1.,
1.,1.,1.,1.,1.,1.,1.,1.,1.,1.,1.,1.,1.,1.,1.,1.,1.,1.,1.,1.,1.,1.,1.,1.,
1.,1.,1.,1.,1.,1.,1.,1.,1.,1.,1.,1.,1.,1.,1.))
REPRESENTATION_ITEM('')
);
#91=(
BOUNDED_CURVE()
B_SPLINE_CURVE(5,(#5297,#5298,#5299,#5300,#5301,#5302,#5303,#5304,#5305,
#5306,#5307,#5308,#5309,#5310,#5311,#5312,#5313,#5314,#5315,#5316,#5317,
#5318,#5319,#5320,#5321,#5322,#5323,#5324,#5325,#5326,#5327,#5328,#5329,
#5330,#5331,#5332,#5333,#5334,#5335,#5336,#5337,#5338,#5339,#5340,#5341,
#5342,#5343,#5344,#5345,#5346,#5347,#5348,#5349,#5350,#5351),
 .UNSPECIFIED.,.F.,.F.)
B_SPLINE_CURVE_WITH_KNOTS((6,1,1,1,1,1,1,1,1,1,1,1,1,1,1,1,1,1,1,1,1,1,
1,1,1,1,1,1,1,1,1,1,1,1,1,1,1,1,1,1,1,1,1,1,1,1,1,1,1,1,6),(0.,0.02,0.04,
0.06,0.08,0.1,0.12,0.14,0.16,0.18,0.2,0.22,0.24,0.26,0.28,0.3,0.32,0.34,
0.36,0.38,0.4,0.42,0.44,0.46,0.48,0.5,0.52,0.54,0.56,0.58,0.6,0.62,0.64,
0.66,0.68,0.7,0.72,0.74,0.76,0.78,0.8,0.82,0.84,0.86,0.88,0.9,0.92,0.940000000000001,
0.960000000000001,0.980000000000001,1.),.UNSPECIFIED.)
CURVE()
GEOMETRIC_REPRESENTATION_ITEM()
RATIONAL_B_SPLINE_CURVE((1.,1.,1.,1.,1.,1.,1.,1.,1.,1.,1.,1.,1.,1.,1.,1.,
1.,1.,1.,1.,1.,1.,1.,1.,1.,1.,1.,1.,1.,1.,1.,1.,1.,1.,1.,1.,1.,1.,1.,1.,
1.,1.,1.,1.,1.,1.,1.,1.,1.,1.,1.,1.,1.,1.,1.))
REPRESENTATION_ITEM('')
);
#92=(
BOUNDED_CURVE()
B_SPLINE_CURVE(5,(#5464,#5465,#5466,#5467,#5468,#5469,#5470,#5471,#5472,
#5473,#5474,#5475,#5476,#5477,#5478,#5479,#5480,#5481,#5482,#5483,#5484,
#5485,#5486,#5487,#5488,#5489,#5490,#5491,#5492,#5493,#5494,#5495,#5496,
#5497,#5498,#5499,#5500,#5501,#5502,#5503,#5504,#5505,#5506,#5507,#5508,
#5509,#5510,#5511,#5512,#5513,#5514,#5515,#5516,#5517,#5518),
 .UNSPECIFIED.,.F.,.F.)
B_SPLINE_CURVE_WITH_KNOTS((6,1,1,1,1,1,1,1,1,1,1,1,1,1,1,1,1,1,1,1,1,1,
1,1,1,1,1,1,1,1,1,1,1,1,1,1,1,1,1,1,1,1,1,1,1,1,1,1,1,1,6),(0.,0.02,0.04,
0.06,0.08,0.1,0.12,0.14,0.16,0.18,0.2,0.22,0.24,0.26,0.28,0.3,0.32,0.34,
0.36,0.38,0.4,0.42,0.44,0.46,0.48,0.5,0.52,0.54,0.56,0.58,0.6,0.62,0.64,
0.66,0.68,0.7,0.72,0.74,0.76,0.78,0.8,0.82,0.84,0.86,0.88,0.9,0.92,0.940000000000001,
0.960000000000001,0.980000000000001,1.),.UNSPECIFIED.)
CURVE()
GEOMETRIC_REPRESENTATION_ITEM()
RATIONAL_B_SPLINE_CURVE((1.,1.,1.,1.,1.,1.,1.,1.,1.,1.,1.,1.,1.,1.,1.,1.,
1.,1.,1.,1.,1.,1.,1.,1.,1.,1.,1.,1.,1.,1.,1.,1.,1.,1.,1.,1.,1.,1.,1.,1.,
1.,1.,1.,1.,1.,1.,1.,1.,1.,1.,1.,1.,1.,1.,1.))
REPRESENTATION_ITEM('')
);
#93=(
BOUNDED_CURVE()
B_SPLINE_CURVE(5,(#5635,#5636,#5637,#5638,#5639,#5640,#5641,#5642,#5643,
#5644,#5645,#5646,#5647,#5648,#5649,#5650,#5651,#5652,#5653,#5654,#5655,
#5656,#5657,#5658,#5659,#5660,#5661,#5662,#5663,#5664,#5665,#5666,#5667,
#5668,#5669,#5670,#5671,#5672,#5673,#5674,#5675,#5676,#5677,#5678,#5679,
#5680,#5681,#5682,#5683,#5684,#5685,#5686,#5687,#5688,#5689),
 .UNSPECIFIED.,.F.,.F.)
B_SPLINE_CURVE_WITH_KNOTS((6,1,1,1,1,1,1,1,1,1,1,1,1,1,1,1,1,1,1,1,1,1,
1,1,1,1,1,1,1,1,1,1,1,1,1,1,1,1,1,1,1,1,1,1,1,1,1,1,1,1,6),(0.,0.02,0.04,
0.06,0.08,0.1,0.12,0.14,0.16,0.18,0.2,0.22,0.24,0.26,0.28,0.3,0.32,0.34,
0.36,0.38,0.4,0.42,0.44,0.46,0.48,0.5,0.52,0.54,0.56,0.58,0.6,0.62,0.64,
0.66,0.68,0.7,0.72,0.74,0.76,0.78,0.8,0.82,0.84,0.86,0.88,0.9,0.92,0.940000000000001,
0.960000000000001,0.980000000000001,1.),.UNSPECIFIED.)
CURVE()
GEOMETRIC_REPRESENTATION_ITEM()
RATIONAL_B_SPLINE_CURVE((1.,1.,1.,1.,1.,1.,1.,1.,1.,1.,1.,1.,1.,1.,1.,1.,
1.,1.,1.,1.,1.,1.,1.,1.,1.,1.,1.,1.,1.,1.,1.,1.,1.,1.,1.,1.,1.,1.,1.,1.,
1.,1.,1.,1.,1.,1.,1.,1.,1.,1.,1.,1.,1.,1.,1.))
REPRESENTATION_ITEM('')
);
#94=(
BOUNDED_CURVE()
B_SPLINE_CURVE(5,(#5802,#5803,#5804,#5805,#5806,#5807,#5808,#5809,#5810,
#5811,#5812,#5813,#5814,#5815,#5816,#5817,#5818,#5819,#5820,#5821,#5822,
#5823,#5824,#5825,#5826,#5827,#5828,#5829,#5830,#5831,#5832,#5833,#5834,
#5835,#5836,#5837,#5838,#5839,#5840,#5841,#5842,#5843,#5844,#5845,#5846,
#5847,#5848,#5849,#5850,#5851,#5852,#5853,#5854,#5855,#5856),
 .UNSPECIFIED.,.F.,.F.)
B_SPLINE_CURVE_WITH_KNOTS((6,1,1,1,1,1,1,1,1,1,1,1,1,1,1,1,1,1,1,1,1,1,
1,1,1,1,1,1,1,1,1,1,1,1,1,1,1,1,1,1,1,1,1,1,1,1,1,1,1,1,6),(0.,0.02,0.04,
0.06,0.08,0.1,0.12,0.14,0.16,0.18,0.2,0.22,0.24,0.26,0.28,0.3,0.32,0.34,
0.36,0.38,0.4,0.42,0.44,0.46,0.48,0.5,0.52,0.54,0.56,0.58,0.6,0.62,0.64,
0.66,0.68,0.7,0.72,0.74,0.76,0.78,0.8,0.82,0.84,0.86,0.88,0.9,0.92,0.940000000000001,
0.960000000000001,0.980000000000001,1.),.UNSPECIFIED.)
CURVE()
GEOMETRIC_REPRESENTATION_ITEM()
RATIONAL_B_SPLINE_CURVE((1.,1.,1.,1.,1.,1.,1.,1.,1.,1.,1.,1.,1.,1.,1.,1.,
1.,1.,1.,1.,1.,1.,1.,1.,1.,1.,1.,1.,1.,1.,1.,1.,1.,1.,1.,1.,1.,1.,1.,1.,
1.,1.,1.,1.,1.,1.,1.,1.,1.,1.,1.,1.,1.,1.,1.))
REPRESENTATION_ITEM('')
);
#95=(
BOUNDED_CURVE()
B_SPLINE_CURVE(5,(#5973,#5974,#5975,#5976,#5977,#5978,#5979,#5980,#5981,
#5982,#5983,#5984,#5985,#5986,#5987,#5988,#5989,#5990,#5991,#5992,#5993,
#5994,#5995,#5996,#5997,#5998,#5999,#6000,#6001,#6002,#6003,#6004,#6005,
#6006,#6007,#6008,#6009,#6010,#6011,#6012,#6013,#6014,#6015,#6016,#6017,
#6018,#6019,#6020,#6021,#6022,#6023,#6024,#6025,#6026,#6027),
 .UNSPECIFIED.,.F.,.F.)
B_SPLINE_CURVE_WITH_KNOTS((6,1,1,1,1,1,1,1,1,1,1,1,1,1,1,1,1,1,1,1,1,1,
1,1,1,1,1,1,1,1,1,1,1,1,1,1,1,1,1,1,1,1,1,1,1,1,1,1,1,1,6),(0.,0.02,0.04,
0.06,0.08,0.1,0.12,0.14,0.16,0.18,0.2,0.22,0.24,0.26,0.28,0.3,0.32,0.34,
0.36,0.38,0.4,0.42,0.44,0.46,0.48,0.5,0.52,0.54,0.56,0.58,0.6,0.62,0.64,
0.66,0.68,0.7,0.72,0.74,0.76,0.78,0.8,0.82,0.84,0.86,0.88,0.9,0.92,0.940000000000001,
0.960000000000001,0.980000000000001,1.),.UNSPECIFIED.)
CURVE()
GEOMETRIC_REPRESENTATION_ITEM()
RATIONAL_B_SPLINE_CURVE((1.,1.,1.,1.,1.,1.,1.,1.,1.,1.,1.,1.,1.,1.,1.,1.,
1.,1.,1.,1.,1.,1.,1.,1.,1.,1.,1.,1.,1.,1.,1.,1.,1.,1.,1.,1.,1.,1.,1.,1.,
1.,1.,1.,1.,1.,1.,1.,1.,1.,1.,1.,1.,1.,1.,1.))
REPRESENTATION_ITEM('')
);
#96=(
BOUNDED_CURVE()
B_SPLINE_CURVE(5,(#6144,#6145,#6146,#6147,#6148,#6149,#6150,#6151,#6152,
#6153,#6154,#6155,#6156,#6157,#6158,#6159,#6160,#6161,#6162,#6163,#6164,
#6165,#6166,#6167,#6168,#6169,#6170,#6171,#6172,#6173,#6174,#6175,#6176,
#6177,#6178,#6179,#6180,#6181,#6182,#6183,#6184,#6185,#6186,#6187,#6188,
#6189,#6190,#6191,#6192,#6193,#6194,#6195,#6196,#6197,#6198),
 .UNSPECIFIED.,.F.,.F.)
B_SPLINE_CURVE_WITH_KNOTS((6,1,1,1,1,1,1,1,1,1,1,1,1,1,1,1,1,1,1,1,1,1,
1,1,1,1,1,1,1,1,1,1,1,1,1,1,1,1,1,1,1,1,1,1,1,1,1,1,1,1,6),(0.,0.02,0.04,
0.06,0.08,0.1,0.12,0.14,0.16,0.18,0.2,0.22,0.24,0.26,0.28,0.3,0.32,0.34,
0.36,0.38,0.4,0.42,0.44,0.46,0.48,0.5,0.52,0.54,0.56,0.58,0.6,0.62,0.64,
0.66,0.68,0.7,0.72,0.74,0.76,0.78,0.8,0.82,0.84,0.86,0.88,0.9,0.92,0.940000000000001,
0.960000000000001,0.980000000000001,1.),.UNSPECIFIED.)
CURVE()
GEOMETRIC_REPRESENTATION_ITEM()
RATIONAL_B_SPLINE_CURVE((1.,1.,1.,1.,1.,1.,1.,1.,1.,1.,1.,1.,1.,1.,1.,1.,
1.,1.,1.,1.,1.,1.,1.,1.,1.,1.,1.,1.,1.,1.,1.,1.,1.,1.,1.,1.,1.,1.,1.,1.,
1.,1.,1.,1.,1.,1.,1.,1.,1.,1.,1.,1.,1.,1.,1.))
REPRESENTATION_ITEM('')
);
#97=(
BOUNDED_CURVE()
B_SPLINE_CURVE(5,(#6311,#6312,#6313,#6314,#6315,#6316,#6317,#6318,#6319,
#6320,#6321,#6322,#6323,#6324,#6325,#6326,#6327,#6328,#6329,#6330,#6331,
#6332,#6333,#6334,#6335,#6336,#6337,#6338,#6339,#6340,#6341,#6342,#6343,
#6344,#6345,#6346,#6347,#6348,#6349,#6350,#6351,#6352,#6353,#6354,#6355,
#6356,#6357,#6358,#6359,#6360,#6361,#6362,#6363,#6364,#6365),
 .UNSPECIFIED.,.F.,.F.)
B_SPLINE_CURVE_WITH_KNOTS((6,1,1,1,1,1,1,1,1,1,1,1,1,1,1,1,1,1,1,1,1,1,
1,1,1,1,1,1,1,1,1,1,1,1,1,1,1,1,1,1,1,1,1,1,1,1,1,1,1,1,6),(0.,0.02,0.04,
0.06,0.08,0.1,0.12,0.14,0.16,0.18,0.2,0.22,0.24,0.26,0.28,0.3,0.32,0.34,
0.36,0.38,0.4,0.42,0.44,0.46,0.48,0.5,0.52,0.54,0.56,0.58,0.6,0.62,0.64,
0.66,0.68,0.7,0.72,0.74,0.76,0.78,0.8,0.82,0.84,0.86,0.88,0.9,0.92,0.940000000000001,
0.960000000000001,0.980000000000001,1.),.UNSPECIFIED.)
CURVE()
GEOMETRIC_REPRESENTATION_ITEM()
RATIONAL_B_SPLINE_CURVE((1.,1.,1.,1.,1.,1.,1.,1.,1.,1.,1.,1.,1.,1.,1.,1.,
1.,1.,1.,1.,1.,1.,1.,1.,1.,1.,1.,1.,1.,1.,1.,1.,1.,1.,1.,1.,1.,1.,1.,1.,
1.,1.,1.,1.,1.,1.,1.,1.,1.,1.,1.,1.,1.,1.,1.))
REPRESENTATION_ITEM('')
);
#98=(
BOUNDED_CURVE()
B_SPLINE_CURVE(5,(#6482,#6483,#6484,#6485,#6486,#6487,#6488,#6489,#6490,
#6491,#6492,#6493,#6494,#6495,#6496,#6497,#6498,#6499,#6500,#6501,#6502,
#6503,#6504,#6505,#6506,#6507,#6508,#6509,#6510,#6511,#6512,#6513,#6514,
#6515,#6516,#6517,#6518,#6519,#6520,#6521,#6522,#6523,#6524,#6525,#6526,
#6527,#6528,#6529,#6530,#6531,#6532,#6533,#6534,#6535,#6536),
 .UNSPECIFIED.,.F.,.F.)
B_SPLINE_CURVE_WITH_KNOTS((6,1,1,1,1,1,1,1,1,1,1,1,1,1,1,1,1,1,1,1,1,1,
1,1,1,1,1,1,1,1,1,1,1,1,1,1,1,1,1,1,1,1,1,1,1,1,1,1,1,1,6),(0.,0.02,0.04,
0.06,0.08,0.1,0.12,0.14,0.16,0.18,0.2,0.22,0.24,0.26,0.28,0.3,0.32,0.34,
0.36,0.38,0.4,0.42,0.44,0.46,0.48,0.5,0.52,0.54,0.56,0.58,0.6,0.62,0.64,
0.66,0.68,0.7,0.72,0.74,0.76,0.78,0.8,0.82,0.84,0.86,0.88,0.9,0.92,0.940000000000001,
0.960000000000001,0.980000000000001,1.),.UNSPECIFIED.)
CURVE()
GEOMETRIC_REPRESENTATION_ITEM()
RATIONAL_B_SPLINE_CURVE((1.,1.,1.,1.,1.,1.,1.,1.,1.,1.,1.,1.,1.,1.,1.,1.,
1.,1.,1.,1.,1.,1.,1.,1.,1.,1.,1.,1.,1.,1.,1.,1.,1.,1.,1.,1.,1.,1.,1.,1.,
1.,1.,1.,1.,1.,1.,1.,1.,1.,1.,1.,1.,1.,1.,1.))
REPRESENTATION_ITEM('')
);
#99=(
BOUNDED_CURVE()
B_SPLINE_CURVE(5,(#6657,#6658,#6659,#6660,#6661,#6662,#6663,#6664,#6665,
#6666,#6667,#6668,#6669,#6670,#6671,#6672,#6673,#6674,#6675,#6676,#6677,
#6678,#6679,#6680,#6681,#6682,#6683,#6684,#6685,#6686,#6687,#6688,#6689,
#6690,#6691,#6692,#6693,#6694,#6695,#6696,#6697,#6698,#6699,#6700,#6701,
#6702,#6703,#6704,#6705,#6706,#6707,#6708,#6709,#6710,#6711),
 .UNSPECIFIED.,.F.,.F.)
B_SPLINE_CURVE_WITH_KNOTS((6,1,1,1,1,1,1,1,1,1,1,1,1,1,1,1,1,1,1,1,1,1,
1,1,1,1,1,1,1,1,1,1,1,1,1,1,1,1,1,1,1,1,1,1,1,1,1,1,1,1,6),(0.,0.02,0.04,
0.06,0.08,0.1,0.12,0.14,0.16,0.18,0.2,0.22,0.24,0.26,0.28,0.3,0.32,0.34,
0.36,0.38,0.4,0.42,0.44,0.46,0.48,0.5,0.52,0.54,0.56,0.58,0.6,0.62,0.64,
0.66,0.68,0.7,0.72,0.74,0.76,0.78,0.8,0.82,0.84,0.86,0.88,0.9,0.92,0.940000000000001,
0.960000000000001,0.980000000000001,1.),.UNSPECIFIED.)
CURVE()
GEOMETRIC_REPRESENTATION_ITEM()
RATIONAL_B_SPLINE_CURVE((1.,1.,1.,1.,1.,1.,1.,1.,1.,1.,1.,1.,1.,1.,1.,1.,
1.,1.,1.,1.,1.,1.,1.,1.,1.,1.,1.,1.,1.,1.,1.,1.,1.,1.,1.,1.,1.,1.,1.,1.,
1.,1.,1.,1.,1.,1.,1.,1.,1.,1.,1.,1.,1.,1.,1.))
REPRESENTATION_ITEM('')
);
#100=PLANE('',#1094);
#101=PLANE('',#1103);
#102=PLANE('',#1104);
#103=PLANE('',#1129);
#104=PLANE('',#1132);
#105=PLANE('',#1137);
#106=PLANE('',#1160);
#107=PLANE('',#1169);
#108=FACE_OUTER_BOUND('',#164,.T.);
#109=FACE_OUTER_BOUND('',#165,.T.);
#110=FACE_OUTER_BOUND('',#166,.T.);
#111=FACE_OUTER_BOUND('',#167,.T.);
#112=FACE_OUTER_BOUND('',#168,.T.);
#113=FACE_OUTER_BOUND('',#169,.T.);
#114=FACE_OUTER_BOUND('',#170,.T.);
#115=FACE_OUTER_BOUND('',#172,.T.);
#116=FACE_OUTER_BOUND('',#179,.T.);
#117=FACE_OUTER_BOUND('',#180,.T.);
#118=FACE_OUTER_BOUND('',#181,.T.);
#119=FACE_OUTER_BOUND('',#182,.T.);
#120=FACE_OUTER_BOUND('',#183,.T.);
#121=FACE_OUTER_BOUND('',#184,.T.);
#122=FACE_OUTER_BOUND('',#185,.T.);
#123=FACE_OUTER_BOUND('',#186,.T.);
#124=FACE_OUTER_BOUND('',#187,.T.);
#125=FACE_OUTER_BOUND('',#188,.T.);
#126=FACE_OUTER_BOUND('',#189,.T.);
#127=FACE_OUTER_BOUND('',#190,.T.);
#128=FACE_OUTER_BOUND('',#191,.T.);
#129=FACE_OUTER_BOUND('',#192,.T.);
#130=FACE_OUTER_BOUND('',#193,.T.);
#131=FACE_OUTER_BOUND('',#194,.T.);
#132=FACE_OUTER_BOUND('',#195,.T.);
#133=FACE_OUTER_BOUND('',#196,.T.);
#134=FACE_OUTER_BOUND('',#197,.T.);
#135=FACE_OUTER_BOUND('',#198,.T.);
#136=FACE_OUTER_BOUND('',#199,.T.);
#137=FACE_OUTER_BOUND('',#200,.T.);
#138=FACE_OUTER_BOUND('',#201,.T.);
#139=FACE_OUTER_BOUND('',#202,.T.);
#140=FACE_OUTER_BOUND('',#203,.T.);
#141=FACE_OUTER_BOUND('',#204,.T.);
#142=FACE_OUTER_BOUND('',#205,.T.);
#143=FACE_OUTER_BOUND('',#206,.T.);
#144=FACE_OUTER_BOUND('',#207,.T.);
#145=FACE_OUTER_BOUND('',#208,.T.);
#146=FACE_OUTER_BOUND('',#209,.T.);
#147=FACE_OUTER_BOUND('',#210,.T.);
#148=FACE_OUTER_BOUND('',#211,.T.);
#149=FACE_OUTER_BOUND('',#212,.T.);
#150=FACE_OUTER_BOUND('',#213,.T.);
#151=FACE_OUTER_BOUND('',#214,.T.);
#152=FACE_OUTER_BOUND('',#215,.T.);
#153=FACE_OUTER_BOUND('',#216,.T.);
#154=FACE_OUTER_BOUND('',#217,.T.);
#155=FACE_OUTER_BOUND('',#218,.T.);
#156=FACE_OUTER_BOUND('',#219,.T.);
#157=FACE_OUTER_BOUND('',#220,.T.);
#158=FACE_OUTER_BOUND('',#221,.T.);
#159=FACE_OUTER_BOUND('',#222,.T.);
#160=FACE_OUTER_BOUND('',#223,.T.);
#161=FACE_OUTER_BOUND('',#224,.T.);
#162=FACE_OUTER_BOUND('',#225,.T.);
#163=FACE_OUTER_BOUND('',#226,.T.);
#164=EDGE_LOOP('',(#670,#671,#672,#673));
#165=EDGE_LOOP('',(#674,#675,#676,#677));
#166=EDGE_LOOP('',(#678,#679,#680,#681));
#167=EDGE_LOOP('',(#682,#683));
#168=EDGE_LOOP('',(#684,#685,#686,#687));
#169=EDGE_LOOP('',(#688,#689,#690,#691,#692,#693));
#170=EDGE_LOOP('',(#694));
#171=EDGE_LOOP('',(#695));
#172=EDGE_LOOP('',(#696));
#173=EDGE_LOOP('',(#697,#698,#699,#700,#701,#702,#703,#704,#705,#706,#707,
#708,#709,#710,#711,#712,#713,#714,#715,#716,#717,#718,#719,#720,#721,#722,
#723,#724,#725,#726,#727,#728,#729,#730,#731,#732));
#174=EDGE_LOOP('',(#733,#734,#735,#736,#737,#738,#739,#740,#741));
#175=EDGE_LOOP('',(#742,#743,#744,#745));
#176=EDGE_LOOP('',(#746));
#177=EDGE_LOOP('',(#747));
#178=EDGE_LOOP('',(#748));
#179=EDGE_LOOP('',(#749,#750,#751,#752));
#180=EDGE_LOOP('',(#753,#754,#755,#756));
#181=EDGE_LOOP('',(#757,#758,#759,#760));
#182=EDGE_LOOP('',(#761,#762,#763,#764));
#183=EDGE_LOOP('',(#765,#766,#767,#768));
#184=EDGE_LOOP('',(#769,#770,#771,#772,#773,#774));
#185=EDGE_LOOP('',(#775,#776,#777,#778));
#186=EDGE_LOOP('',(#779,#780,#781,#782));
#187=EDGE_LOOP('',(#783,#784,#785,#786));
#188=EDGE_LOOP('',(#787,#788,#789,#790));
#189=EDGE_LOOP('',(#791,#792,#793,#794));
#190=EDGE_LOOP('',(#795,#796,#797,#798));
#191=EDGE_LOOP('',(#799,#800,#801,#802));
#192=EDGE_LOOP('',(#803,#804,#805,#806));
#193=EDGE_LOOP('',(#807,#808,#809,#810));
#194=EDGE_LOOP('',(#811,#812,#813,#814));
#195=EDGE_LOOP('',(#815,#816,#817,#818));
#196=EDGE_LOOP('',(#819,#820,#821,#822));
#197=EDGE_LOOP('',(#823,#824,#825,#826));
#198=EDGE_LOOP('',(#827,#828,#829,#830));
#199=EDGE_LOOP('',(#831,#832,#833,#834));
#200=EDGE_LOOP('',(#835,#836,#837,#838));
#201=EDGE_LOOP('',(#839,#840,#841,#842));
#202=EDGE_LOOP('',(#843,#844,#845,#846));
#203=EDGE_LOOP('',(#847,#848,#849,#850));
#204=EDGE_LOOP('',(#851,#852,#853,#854));
#205=EDGE_LOOP('',(#855,#856,#857,#858));
#206=EDGE_LOOP('',(#859,#860,#861,#862));
#207=EDGE_LOOP('',(#863,#864,#865,#866));
#208=EDGE_LOOP('',(#867,#868,#869,#870));
#209=EDGE_LOOP('',(#871,#872,#873,#874));
#210=EDGE_LOOP('',(#875,#876,#877,#878));
#211=EDGE_LOOP('',(#879,#880,#881,#882));
#212=EDGE_LOOP('',(#883,#884,#885,#886));
#213=EDGE_LOOP('',(#887,#888,#889,#890));
#214=EDGE_LOOP('',(#891,#892,#893,#894));
#215=EDGE_LOOP('',(#895,#896,#897,#898));
#216=EDGE_LOOP('',(#899,#900,#901,#902));
#217=EDGE_LOOP('',(#903,#904,#905,#906));
#218=EDGE_LOOP('',(#907,#908,#909,#910));
#219=EDGE_LOOP('',(#911,#912,#913,#914));
#220=EDGE_LOOP('',(#915,#916,#917,#918));
#221=EDGE_LOOP('',(#919,#920,#921,#922));
#222=EDGE_LOOP('',(#923,#924,#925,#926));
#223=EDGE_LOOP('',(#927,#928,#929,#930));
#224=EDGE_LOOP('',(#931,#932,#933,#934));
#225=EDGE_LOOP('',(#935,#936,#937,#938));
#226=EDGE_LOOP('',(#939));
#227=EDGE_LOOP('',(#940,#941,#942,#943));
#228=EDGE_LOOP('',(#944,#945,#946,#947,#948,#949));
#229=EDGE_LOOP('',(#950,#951,#952,#953,#954,#955,#956,#957,#958,#959,#960,
#961,#962,#963,#964,#965,#966,#967,#968,#969,#970,#971,#972,#973,#974,#975,
#976,#977,#978,#979,#980,#981,#982,#983,#984,#985));
#230=EDGE_LOOP('',(#986));
#231=EDGE_LOOP('',(#987));
#232=EDGE_LOOP('',(#988));
#233=EDGE_LOOP('',(#989));
#234=LINE('',#1407,#294);
#235=LINE('',#1413,#295);
#236=LINE('',#1419,#296);
#237=LINE('',#1446,#297);
#238=LINE('',#1452,#298);
#239=LINE('',#1523,#299);
#240=LINE('',#2554,#300);
#241=LINE('',#2583,#301);
#242=LINE('',#2587,#302);
#243=LINE('',#2791,#303);
#244=LINE('',#2792,#304);
#245=LINE('',#2959,#305);
#246=LINE('',#2963,#306);
#247=LINE('',#3132,#307);
#248=LINE('',#3133,#308);
#249=LINE('',#3134,#309);
#250=LINE('',#3301,#310);
#251=LINE('',#3305,#311);
#252=LINE('',#3472,#312);
#253=LINE('',#3475,#313);
#254=LINE('',#3476,#314);
#255=LINE('',#3483,#315);
#256=LINE('',#3484,#316);
#257=LINE('',#3487,#317);
#258=LINE('',#3488,#318);
#259=LINE('',#3492,#319);
#260=LINE('',#3659,#320);
#261=LINE('',#3663,#321);
#262=LINE('',#3830,#322);
#263=LINE('',#3996,#323);
#264=LINE('',#4000,#324);
#265=LINE('',#4167,#325);
#266=LINE('',#4334,#326);
#267=LINE('',#4338,#327);
#268=LINE('',#4505,#328);
#269=LINE('',#4509,#329);
#270=LINE('',#4676,#330);
#271=LINE('',#4843,#331);
#272=LINE('',#4847,#332);
#273=LINE('',#5014,#333);
#274=LINE('',#5181,#334);
#275=LINE('',#5185,#335);
#276=LINE('',#5352,#336);
#277=LINE('',#5519,#337);
#278=LINE('',#5523,#338);
#279=LINE('',#5690,#339);
#280=LINE('',#5857,#340);
#281=LINE('',#5861,#341);
#282=LINE('',#6028,#342);
#283=LINE('',#6032,#343);
#284=LINE('',#6199,#344);
#285=LINE('',#6366,#345);
#286=LINE('',#6370,#346);
#287=LINE('',#6537,#347);
#288=LINE('',#6540,#348);
#289=LINE('',#6541,#349);
#290=LINE('',#6545,#350);
#291=LINE('',#6712,#351);
#292=LINE('',#6716,#352);
#293=LINE('',#6721,#353);
#294=VECTOR('',#1176,1.3);
#295=VECTOR('',#1183,1.3);
#296=VECTOR('',#1190,1.1);
#297=VECTOR('',#1201,1.6);
#298=VECTOR('',#1208,10.15);
#299=VECTOR('',#1225,10.);
#300=VECTOR('',#1248,10.);
#301=VECTOR('',#1251,10.);
#302=VECTOR('',#1254,10.);
#303=VECTOR('',#1265,10.);
#304=VECTOR('',#1266,10.);
#305=VECTOR('',#1267,10.);
#306=VECTOR('',#1272,10.);
#307=VECTOR('',#1275,10.);
#308=VECTOR('',#1276,10.);
#309=VECTOR('',#1277,10.);
#310=VECTOR('',#1278,10.);
#311=VECTOR('',#1283,10.);
#312=VECTOR('',#1284,10.);
#313=VECTOR('',#1287,10.);
#314=VECTOR('',#1288,10.);
#315=VECTOR('',#1297,10.);
#316=VECTOR('',#1298,10.);
#317=VECTOR('',#1301,10.);
#318=VECTOR('',#1302,10.);
#319=VECTOR('',#1307,10.);
#320=VECTOR('',#1308,10.);
#321=VECTOR('',#1313,10.);
#322=VECTOR('',#1314,10.);
#323=VECTOR('',#1315,10.);
#324=VECTOR('',#1320,10.);
#325=VECTOR('',#1321,10.);
#326=VECTOR('',#1322,10.);
#327=VECTOR('',#1327,10.);
#328=VECTOR('',#1328,10.);
#329=VECTOR('',#1333,10.);
#330=VECTOR('',#1334,10.);
#331=VECTOR('',#1335,10.);
#332=VECTOR('',#1340,10.);
#333=VECTOR('',#1341,10.);
#334=VECTOR('',#1342,10.);
#335=VECTOR('',#1347,10.);
#336=VECTOR('',#1348,10.);
#337=VECTOR('',#1349,10.);
#338=VECTOR('',#1354,10.);
#339=VECTOR('',#1355,10.);
#340=VECTOR('',#1356,10.);
#341=VECTOR('',#1361,10.);
#342=VECTOR('',#1362,10.);
#343=VECTOR('',#1367,10.);
#344=VECTOR('',#1368,10.);
#345=VECTOR('',#1369,10.);
#346=VECTOR('',#1374,10.);
#347=VECTOR('',#1375,10.);
#348=VECTOR('',#1378,10.);
#349=VECTOR('',#1379,10.);
#350=VECTOR('',#1384,10.);
#351=VECTOR('',#1385,10.);
#352=VECTOR('',#1390,10.);
#353=VECTOR('',#1397,25.1);
#354=CIRCLE('',#1086,1.3);
#355=CIRCLE('',#1087,1.3);
#356=CIRCLE('',#1089,1.3);
#357=CIRCLE('',#1090,1.3);
#358=CIRCLE('',#1092,1.1);
#359=CIRCLE('',#1093,1.1);
#360=CIRCLE('',#1095,10.15);
#361=CIRCLE('',#1097,1.6);
#362=CIRCLE('',#1098,1.6);
#363=CIRCLE('',#1100,10.15);
#364=CIRCLE('',#1101,10.15);
#365=CIRCLE('',#1102,10.15);
#366=CIRCLE('',#1105,25.1);
#367=CIRCLE('',#1106,22.0045285233499);
#368=CIRCLE('',#1107,22.049167890891);
#369=CIRCLE('',#1108,13.8005376798763);
#370=CIRCLE('',#1109,21.9938638100879);
#371=CIRCLE('',#1110,22.0208112236496);
#372=CIRCLE('',#1111,13.8070503492535);
#373=CIRCLE('',#1112,22.0360031308447);
#374=CIRCLE('',#1113,21.9326104030139);
#375=CIRCLE('',#1114,22.0813541749452);
#376=CIRCLE('',#1115,13.8005025157659);
#377=CIRCLE('',#1116,21.9866727365843);
#378=CIRCLE('',#1117,22.1853612815096);
#379=CIRCLE('',#1118,13.775086796739);
#380=CIRCLE('',#1119,22.0134771568613);
#381=CIRCLE('',#1120,22.0044605995499);
#382=CIRCLE('',#1121,13.8136846642038);
#383=CIRCLE('',#1122,12.6927111210833);
#384=CIRCLE('',#1123,13.8001847693954);
#385=CIRCLE('',#1124,22.0044425851294);
#386=CIRCLE('',#1126,22.0044425851294);
#387=CIRCLE('',#1128,13.8001847693954);
#388=CIRCLE('',#1131,12.6927111210833);
#389=CIRCLE('',#1134,13.8136846642038);
#390=CIRCLE('',#1136,22.0044605995499);
#391=CIRCLE('',#1139,22.0134771568613);
#392=CIRCLE('',#1141,13.775086796739);
#393=CIRCLE('',#1143,22.1853612815096);
#394=CIRCLE('',#1145,21.9866727365843);
#395=CIRCLE('',#1147,13.8005025157659);
#396=CIRCLE('',#1149,22.0813541749452);
#397=CIRCLE('',#1151,21.9326104030139);
#398=CIRCLE('',#1153,22.0360031308447);
#399=CIRCLE('',#1155,13.8070503492535);
#400=CIRCLE('',#1157,22.0208112236496);
#401=CIRCLE('',#1159,21.9938638100879);
#402=CIRCLE('',#1162,13.8005376798763);
#403=CIRCLE('',#1164,22.049167890891);
#404=CIRCLE('',#1166,22.0045285233499);
#405=CIRCLE('',#1168,25.1);
#406=VERTEX_POINT('',#1404);
#407=VERTEX_POINT('',#1406);
#408=VERTEX_POINT('',#1410);
#409=VERTEX_POINT('',#1412);
#410=VERTEX_POINT('',#1416);
#411=VERTEX_POINT('',#1418);
#412=VERTEX_POINT('',#1422);
#413=VERTEX_POINT('',#1423);
#414=VERTEX_POINT('',#1443);
#415=VERTEX_POINT('',#1445);
#416=VERTEX_POINT('',#1449);
#417=VERTEX_POINT('',#1451);
#418=VERTEX_POINT('',#1457);
#419=VERTEX_POINT('',#1459);
#420=VERTEX_POINT('',#1460);
#421=VERTEX_POINT('',#1462);
#422=VERTEX_POINT('',#1464);
#423=VERTEX_POINT('',#1520);
#424=VERTEX_POINT('',#1522);
#425=VERTEX_POINT('',#1524);
#426=VERTEX_POINT('',#1580);
#427=VERTEX_POINT('',#1582);
#428=VERTEX_POINT('',#1638);
#429=VERTEX_POINT('',#1694);
#430=VERTEX_POINT('',#1696);
#431=VERTEX_POINT('',#1752);
#432=VERTEX_POINT('',#1754);
#433=VERTEX_POINT('',#1810);
#434=VERTEX_POINT('',#1866);
#435=VERTEX_POINT('',#1868);
#436=VERTEX_POINT('',#1924);
#437=VERTEX_POINT('',#1980);
#438=VERTEX_POINT('',#1982);
#439=VERTEX_POINT('',#2038);
#440=VERTEX_POINT('',#2094);
#441=VERTEX_POINT('',#2096);
#442=VERTEX_POINT('',#2152);
#443=VERTEX_POINT('',#2208);
#444=VERTEX_POINT('',#2210);
#445=VERTEX_POINT('',#2266);
#446=VERTEX_POINT('',#2268);
#447=VERTEX_POINT('',#2324);
#448=VERTEX_POINT('',#2380);
#449=VERTEX_POINT('',#2382);
#450=VERTEX_POINT('',#2438);
#451=VERTEX_POINT('',#2494);
#452=VERTEX_POINT('',#2496);
#453=VERTEX_POINT('',#2553);
#454=VERTEX_POINT('',#2556);
#455=VERTEX_POINT('',#2582);
#456=VERTEX_POINT('',#2584);
#457=VERTEX_POINT('',#2586);
#458=VERTEX_POINT('',#2588);
#459=VERTEX_POINT('',#2644);
#460=VERTEX_POINT('',#2671);
#461=VERTEX_POINT('',#2672);
#462=VERTEX_POINT('',#2728);
#463=VERTEX_POINT('',#2730);
#464=VERTEX_POINT('',#2788);
#465=VERTEX_POINT('',#2789);
#466=VERTEX_POINT('',#2903);
#467=VERTEX_POINT('',#2961);
#468=VERTEX_POINT('',#3130);
#469=VERTEX_POINT('',#3131);
#470=VERTEX_POINT('',#3245);
#471=VERTEX_POINT('',#3303);
#472=VERTEX_POINT('',#3416);
#473=VERTEX_POINT('',#3474);
#474=VERTEX_POINT('',#3480);
#475=VERTEX_POINT('',#3481);
#476=VERTEX_POINT('',#3486);
#477=VERTEX_POINT('',#3490);
#478=VERTEX_POINT('',#3603);
#479=VERTEX_POINT('',#3661);
#480=VERTEX_POINT('',#3774);
#481=VERTEX_POINT('',#3998);
#482=VERTEX_POINT('',#4111);
#483=VERTEX_POINT('',#4278);
#484=VERTEX_POINT('',#4336);
#485=VERTEX_POINT('',#4449);
#486=VERTEX_POINT('',#4507);
#487=VERTEX_POINT('',#4620);
#488=VERTEX_POINT('',#4787);
#489=VERTEX_POINT('',#4845);
#490=VERTEX_POINT('',#4958);
#491=VERTEX_POINT('',#5125);
#492=VERTEX_POINT('',#5183);
#493=VERTEX_POINT('',#5296);
#494=VERTEX_POINT('',#5463);
#495=VERTEX_POINT('',#5521);
#496=VERTEX_POINT('',#5634);
#497=VERTEX_POINT('',#5801);
#498=VERTEX_POINT('',#5859);
#499=VERTEX_POINT('',#5972);
#500=VERTEX_POINT('',#6030);
#501=VERTEX_POINT('',#6143);
#502=VERTEX_POINT('',#6310);
#503=VERTEX_POINT('',#6368);
#504=VERTEX_POINT('',#6481);
#505=VERTEX_POINT('',#6539);
#506=VERTEX_POINT('',#6543);
#507=VERTEX_POINT('',#6656);
#508=VERTEX_POINT('',#6714);
#509=VERTEX_POINT('',#6720);
#510=EDGE_CURVE('',#406,#406,#354,.T.);
#511=EDGE_CURVE('',#406,#407,#234,.T.);
#512=EDGE_CURVE('',#407,#407,#355,.T.);
#513=EDGE_CURVE('',#408,#408,#356,.T.);
#514=EDGE_CURVE('',#408,#409,#235,.T.);
#515=EDGE_CURVE('',#409,#409,#357,.T.);
#516=EDGE_CURVE('',#410,#410,#358,.T.);
#517=EDGE_CURVE('',#410,#411,#236,.T.);
#518=EDGE_CURVE('',#411,#411,#359,.T.);
#519=EDGE_CURVE('',#412,#413,#52,.T.);
#520=EDGE_CURVE('',#412,#413,#360,.T.);
#521=EDGE_CURVE('',#414,#414,#361,.T.);
#522=EDGE_CURVE('',#414,#415,#237,.T.);
#523=EDGE_CURVE('',#415,#415,#362,.T.);
#524=EDGE_CURVE('',#416,#416,#363,.T.);
#525=EDGE_CURVE('',#416,#417,#238,.T.);
#526=EDGE_CURVE('',#412,#417,#364,.T.);
#527=EDGE_CURVE('',#417,#413,#365,.T.);
#528=EDGE_CURVE('',#418,#418,#366,.T.);
#529=EDGE_CURVE('',#419,#420,#367,.T.);
#530=EDGE_CURVE('',#420,#421,#368,.T.);
#531=EDGE_CURVE('',#421,#422,#53,.T.);
#532=EDGE_CURVE('',#422,#423,#369,.T.);
#533=EDGE_CURVE('',#423,#424,#239,.T.);
#534=EDGE_CURVE('',#424,#425,#54,.T.);
#535=EDGE_CURVE('',#425,#426,#370,.T.);
#536=EDGE_CURVE('',#426,#427,#55,.T.);
#537=EDGE_CURVE('',#427,#428,#56,.T.);
#538=EDGE_CURVE('',#428,#429,#371,.T.);
#539=EDGE_CURVE('',#429,#430,#57,.T.);
#540=EDGE_CURVE('',#430,#431,#372,.T.);
#541=EDGE_CURVE('',#431,#432,#58,.T.);
#542=EDGE_CURVE('',#432,#433,#59,.T.);
#543=EDGE_CURVE('',#433,#434,#373,.T.);
#544=EDGE_CURVE('',#434,#435,#60,.T.);
#545=EDGE_CURVE('',#435,#436,#61,.T.);
#546=EDGE_CURVE('',#436,#437,#374,.T.);
#547=EDGE_CURVE('',#437,#438,#62,.T.);
#548=EDGE_CURVE('',#438,#439,#63,.T.);
#549=EDGE_CURVE('',#439,#440,#375,.T.);
#550=EDGE_CURVE('',#440,#441,#64,.T.);
#551=EDGE_CURVE('',#441,#442,#65,.T.);
#552=EDGE_CURVE('',#442,#443,#376,.T.);
#553=EDGE_CURVE('',#443,#444,#66,.T.);
#554=EDGE_CURVE('',#444,#445,#377,.T.);
#555=EDGE_CURVE('',#445,#446,#67,.T.);
#556=EDGE_CURVE('',#446,#447,#68,.T.);
#557=EDGE_CURVE('',#447,#448,#378,.T.);
#558=EDGE_CURVE('',#448,#449,#69,.T.);
#559=EDGE_CURVE('',#449,#450,#70,.T.);
#560=EDGE_CURVE('',#450,#451,#379,.T.);
#561=EDGE_CURVE('',#451,#452,#71,.T.);
#562=EDGE_CURVE('',#452,#448,#380,.T.);
#563=EDGE_CURVE('',#448,#453,#240,.T.);
#564=EDGE_CURVE('',#453,#419,#381,.T.);
#565=EDGE_CURVE('',#413,#454,#72,.T.);
#566=EDGE_CURVE('',#454,#455,#241,.T.);
#567=EDGE_CURVE('',#455,#456,#382,.T.);
#568=EDGE_CURVE('',#456,#457,#242,.T.);
#569=EDGE_CURVE('',#457,#458,#73,.T.);
#570=EDGE_CURVE('',#458,#459,#383,.T.);
#571=EDGE_CURVE('',#459,#412,#74,.T.);
#572=EDGE_CURVE('',#460,#461,#75,.T.);
#573=EDGE_CURVE('',#461,#462,#384,.T.);
#574=EDGE_CURVE('',#462,#463,#76,.T.);
#575=EDGE_CURVE('',#463,#460,#385,.T.);
#576=EDGE_CURVE('',#464,#465,#386,.T.);
#577=EDGE_CURVE('',#465,#460,#243,.T.);
#578=EDGE_CURVE('',#464,#463,#244,.T.);
#579=EDGE_CURVE('',#466,#464,#77,.T.);
#580=EDGE_CURVE('',#466,#462,#245,.T.);
#581=EDGE_CURVE('',#467,#466,#387,.T.);
#582=EDGE_CURVE('',#467,#461,#246,.T.);
#583=EDGE_CURVE('',#465,#467,#78,.T.);
#584=EDGE_CURVE('',#468,#469,#247,.T.);
#585=EDGE_CURVE('',#469,#455,#248,.T.);
#586=EDGE_CURVE('',#468,#454,#249,.T.);
#587=EDGE_CURVE('',#470,#468,#79,.T.);
#588=EDGE_CURVE('',#470,#459,#250,.T.);
#589=EDGE_CURVE('',#471,#470,#388,.T.);
#590=EDGE_CURVE('',#471,#458,#251,.T.);
#591=EDGE_CURVE('',#472,#471,#80,.T.);
#592=EDGE_CURVE('',#472,#457,#252,.T.);
#593=EDGE_CURVE('',#473,#472,#253,.T.);
#594=EDGE_CURVE('',#473,#456,#254,.T.);
#595=EDGE_CURVE('',#469,#473,#389,.T.);
#596=EDGE_CURVE('',#474,#475,#390,.T.);
#597=EDGE_CURVE('',#475,#419,#255,.T.);
#598=EDGE_CURVE('',#474,#453,#256,.T.);
#599=EDGE_CURVE('',#476,#474,#257,.T.);
#600=EDGE_CURVE('',#476,#448,#258,.T.);
#601=EDGE_CURVE('',#477,#476,#391,.T.);
#602=EDGE_CURVE('',#477,#452,#259,.T.);
#603=EDGE_CURVE('',#478,#477,#81,.T.);
#604=EDGE_CURVE('',#478,#451,#260,.T.);
#605=EDGE_CURVE('',#479,#478,#392,.T.);
#606=EDGE_CURVE('',#479,#450,#261,.T.);
#607=EDGE_CURVE('',#480,#479,#82,.T.);
#608=EDGE_CURVE('',#480,#449,#262,.T.);
#609=EDGE_CURVE('',#476,#480,#83,.T.);
#610=EDGE_CURVE('',#476,#448,#263,.T.);
#611=EDGE_CURVE('',#481,#476,#393,.T.);
#612=EDGE_CURVE('',#481,#447,#264,.T.);
#613=EDGE_CURVE('',#482,#481,#84,.T.);
#614=EDGE_CURVE('',#482,#446,#265,.T.);
#615=EDGE_CURVE('',#483,#482,#85,.T.);
#616=EDGE_CURVE('',#483,#445,#266,.T.);
#617=EDGE_CURVE('',#484,#483,#394,.T.);
#618=EDGE_CURVE('',#484,#444,#267,.T.);
#619=EDGE_CURVE('',#485,#484,#86,.T.);
#620=EDGE_CURVE('',#485,#443,#268,.T.);
#621=EDGE_CURVE('',#486,#485,#395,.T.);
#622=EDGE_CURVE('',#486,#442,#269,.T.);
#623=EDGE_CURVE('',#487,#486,#87,.T.);
#624=EDGE_CURVE('',#487,#441,#270,.T.);
#625=EDGE_CURVE('',#488,#487,#88,.T.);
#626=EDGE_CURVE('',#488,#440,#271,.T.);
#627=EDGE_CURVE('',#489,#488,#396,.T.);
#628=EDGE_CURVE('',#489,#439,#272,.T.);
#629=EDGE_CURVE('',#490,#489,#89,.T.);
#630=EDGE_CURVE('',#490,#438,#273,.T.);
#631=EDGE_CURVE('',#491,#490,#90,.T.);
#632=EDGE_CURVE('',#491,#437,#274,.T.);
#633=EDGE_CURVE('',#492,#491,#397,.T.);
#634=EDGE_CURVE('',#492,#436,#275,.T.);
#635=EDGE_CURVE('',#493,#492,#91,.T.);
#636=EDGE_CURVE('',#493,#435,#276,.T.);
#637=EDGE_CURVE('',#494,#493,#92,.T.);
#638=EDGE_CURVE('',#494,#434,#277,.T.);
#639=EDGE_CURVE('',#495,#494,#398,.T.);
#640=EDGE_CURVE('',#495,#433,#278,.T.);
#641=EDGE_CURVE('',#496,#495,#93,.T.);
#642=EDGE_CURVE('',#496,#432,#279,.T.);
#643=EDGE_CURVE('',#497,#496,#94,.T.);
#644=EDGE_CURVE('',#497,#431,#280,.T.);
#645=EDGE_CURVE('',#498,#497,#399,.T.);
#646=EDGE_CURVE('',#498,#430,#281,.T.);
#647=EDGE_CURVE('',#499,#498,#95,.T.);
#648=EDGE_CURVE('',#499,#429,#282,.T.);
#649=EDGE_CURVE('',#500,#499,#400,.T.);
#650=EDGE_CURVE('',#500,#428,#283,.T.);
#651=EDGE_CURVE('',#501,#500,#96,.T.);
#652=EDGE_CURVE('',#501,#427,#284,.T.);
#653=EDGE_CURVE('',#502,#501,#97,.T.);
#654=EDGE_CURVE('',#502,#426,#285,.T.);
#655=EDGE_CURVE('',#503,#502,#401,.T.);
#656=EDGE_CURVE('',#503,#425,#286,.T.);
#657=EDGE_CURVE('',#504,#503,#98,.T.);
#658=EDGE_CURVE('',#504,#424,#287,.T.);
#659=EDGE_CURVE('',#505,#504,#288,.T.);
#660=EDGE_CURVE('',#505,#423,#289,.T.);
#661=EDGE_CURVE('',#506,#505,#402,.T.);
#662=EDGE_CURVE('',#506,#422,#290,.T.);
#663=EDGE_CURVE('',#507,#506,#99,.T.);
#664=EDGE_CURVE('',#507,#421,#291,.T.);
#665=EDGE_CURVE('',#508,#507,#403,.T.);
#666=EDGE_CURVE('',#508,#420,#292,.T.);
#667=EDGE_CURVE('',#475,#508,#404,.T.);
#668=EDGE_CURVE('',#418,#509,#293,.T.);
#669=EDGE_CURVE('',#509,#509,#405,.T.);
#670=ORIENTED_EDGE('',*,*,#510,.F.);
#671=ORIENTED_EDGE('',*,*,#511,.T.);
#672=ORIENTED_EDGE('',*,*,#512,.F.);
#673=ORIENTED_EDGE('',*,*,#511,.F.);
#674=ORIENTED_EDGE('',*,*,#513,.F.);
#675=ORIENTED_EDGE('',*,*,#514,.T.);
#676=ORIENTED_EDGE('',*,*,#515,.F.);
#677=ORIENTED_EDGE('',*,*,#514,.F.);
#678=ORIENTED_EDGE('',*,*,#516,.F.);
#679=ORIENTED_EDGE('',*,*,#517,.T.);
#680=ORIENTED_EDGE('',*,*,#518,.F.);
#681=ORIENTED_EDGE('',*,*,#517,.F.);
#682=ORIENTED_EDGE('',*,*,#519,.T.);
#683=ORIENTED_EDGE('',*,*,#520,.F.);
#684=ORIENTED_EDGE('',*,*,#521,.F.);
#685=ORIENTED_EDGE('',*,*,#522,.T.);
#686=ORIENTED_EDGE('',*,*,#523,.F.);
#687=ORIENTED_EDGE('',*,*,#522,.F.);
#688=ORIENTED_EDGE('',*,*,#524,.F.);
#689=ORIENTED_EDGE('',*,*,#525,.T.);
#690=ORIENTED_EDGE('',*,*,#526,.F.);
#691=ORIENTED_EDGE('',*,*,#520,.T.);
#692=ORIENTED_EDGE('',*,*,#527,.F.);
#693=ORIENTED_EDGE('',*,*,#525,.F.);
#694=ORIENTED_EDGE('',*,*,#524,.T.);
#695=ORIENTED_EDGE('',*,*,#521,.T.);
#696=ORIENTED_EDGE('',*,*,#528,.T.);
#697=ORIENTED_EDGE('',*,*,#529,.T.);
#698=ORIENTED_EDGE('',*,*,#530,.T.);
#699=ORIENTED_EDGE('',*,*,#531,.T.);
#700=ORIENTED_EDGE('',*,*,#532,.T.);
#701=ORIENTED_EDGE('',*,*,#533,.T.);
#702=ORIENTED_EDGE('',*,*,#534,.T.);
#703=ORIENTED_EDGE('',*,*,#535,.T.);
#704=ORIENTED_EDGE('',*,*,#536,.T.);
#705=ORIENTED_EDGE('',*,*,#537,.T.);
#706=ORIENTED_EDGE('',*,*,#538,.T.);
#707=ORIENTED_EDGE('',*,*,#539,.T.);
#708=ORIENTED_EDGE('',*,*,#540,.T.);
#709=ORIENTED_EDGE('',*,*,#541,.T.);
#710=ORIENTED_EDGE('',*,*,#542,.T.);
#711=ORIENTED_EDGE('',*,*,#543,.T.);
#712=ORIENTED_EDGE('',*,*,#544,.T.);
#713=ORIENTED_EDGE('',*,*,#545,.T.);
#714=ORIENTED_EDGE('',*,*,#546,.T.);
#715=ORIENTED_EDGE('',*,*,#547,.T.);
#716=ORIENTED_EDGE('',*,*,#548,.T.);
#717=ORIENTED_EDGE('',*,*,#549,.T.);
#718=ORIENTED_EDGE('',*,*,#550,.T.);
#719=ORIENTED_EDGE('',*,*,#551,.T.);
#720=ORIENTED_EDGE('',*,*,#552,.T.);
#721=ORIENTED_EDGE('',*,*,#553,.T.);
#722=ORIENTED_EDGE('',*,*,#554,.T.);
#723=ORIENTED_EDGE('',*,*,#555,.T.);
#724=ORIENTED_EDGE('',*,*,#556,.T.);
#725=ORIENTED_EDGE('',*,*,#557,.T.);
#726=ORIENTED_EDGE('',*,*,#558,.T.);
#727=ORIENTED_EDGE('',*,*,#559,.T.);
#728=ORIENTED_EDGE('',*,*,#560,.T.);
#729=ORIENTED_EDGE('',*,*,#561,.T.);
#730=ORIENTED_EDGE('',*,*,#562,.T.);
#731=ORIENTED_EDGE('',*,*,#563,.T.);
#732=ORIENTED_EDGE('',*,*,#564,.T.);
#733=ORIENTED_EDGE('',*,*,#526,.T.);
#734=ORIENTED_EDGE('',*,*,#527,.T.);
#735=ORIENTED_EDGE('',*,*,#565,.T.);
#736=ORIENTED_EDGE('',*,*,#566,.T.);
#737=ORIENTED_EDGE('',*,*,#567,.T.);
#738=ORIENTED_EDGE('',*,*,#568,.T.);
#739=ORIENTED_EDGE('',*,*,#569,.T.);
#740=ORIENTED_EDGE('',*,*,#570,.T.);
#741=ORIENTED_EDGE('',*,*,#571,.T.);
#742=ORIENTED_EDGE('',*,*,#572,.T.);
#743=ORIENTED_EDGE('',*,*,#573,.T.);
#744=ORIENTED_EDGE('',*,*,#574,.T.);
#745=ORIENTED_EDGE('',*,*,#575,.T.);
#746=ORIENTED_EDGE('',*,*,#516,.T.);
#747=ORIENTED_EDGE('',*,*,#513,.T.);
#748=ORIENTED_EDGE('',*,*,#510,.T.);
#749=ORIENTED_EDGE('',*,*,#576,.T.);
#750=ORIENTED_EDGE('',*,*,#577,.T.);
#751=ORIENTED_EDGE('',*,*,#575,.F.);
#752=ORIENTED_EDGE('',*,*,#578,.F.);
#753=ORIENTED_EDGE('',*,*,#579,.T.);
#754=ORIENTED_EDGE('',*,*,#578,.T.);
#755=ORIENTED_EDGE('',*,*,#574,.F.);
#756=ORIENTED_EDGE('',*,*,#580,.F.);
#757=ORIENTED_EDGE('',*,*,#581,.T.);
#758=ORIENTED_EDGE('',*,*,#580,.T.);
#759=ORIENTED_EDGE('',*,*,#573,.F.);
#760=ORIENTED_EDGE('',*,*,#582,.F.);
#761=ORIENTED_EDGE('',*,*,#583,.T.);
#762=ORIENTED_EDGE('',*,*,#582,.T.);
#763=ORIENTED_EDGE('',*,*,#572,.F.);
#764=ORIENTED_EDGE('',*,*,#577,.F.);
#765=ORIENTED_EDGE('',*,*,#584,.T.);
#766=ORIENTED_EDGE('',*,*,#585,.T.);
#767=ORIENTED_EDGE('',*,*,#566,.F.);
#768=ORIENTED_EDGE('',*,*,#586,.F.);
#769=ORIENTED_EDGE('',*,*,#587,.T.);
#770=ORIENTED_EDGE('',*,*,#586,.T.);
#771=ORIENTED_EDGE('',*,*,#565,.F.);
#772=ORIENTED_EDGE('',*,*,#519,.F.);
#773=ORIENTED_EDGE('',*,*,#571,.F.);
#774=ORIENTED_EDGE('',*,*,#588,.F.);
#775=ORIENTED_EDGE('',*,*,#589,.T.);
#776=ORIENTED_EDGE('',*,*,#588,.T.);
#777=ORIENTED_EDGE('',*,*,#570,.F.);
#778=ORIENTED_EDGE('',*,*,#590,.F.);
#779=ORIENTED_EDGE('',*,*,#591,.T.);
#780=ORIENTED_EDGE('',*,*,#590,.T.);
#781=ORIENTED_EDGE('',*,*,#569,.F.);
#782=ORIENTED_EDGE('',*,*,#592,.F.);
#783=ORIENTED_EDGE('',*,*,#593,.T.);
#784=ORIENTED_EDGE('',*,*,#592,.T.);
#785=ORIENTED_EDGE('',*,*,#568,.F.);
#786=ORIENTED_EDGE('',*,*,#594,.F.);
#787=ORIENTED_EDGE('',*,*,#595,.T.);
#788=ORIENTED_EDGE('',*,*,#594,.T.);
#789=ORIENTED_EDGE('',*,*,#567,.F.);
#790=ORIENTED_EDGE('',*,*,#585,.F.);
#791=ORIENTED_EDGE('',*,*,#596,.T.);
#792=ORIENTED_EDGE('',*,*,#597,.T.);
#793=ORIENTED_EDGE('',*,*,#564,.F.);
#794=ORIENTED_EDGE('',*,*,#598,.F.);
#795=ORIENTED_EDGE('',*,*,#599,.T.);
#796=ORIENTED_EDGE('',*,*,#598,.T.);
#797=ORIENTED_EDGE('',*,*,#563,.F.);
#798=ORIENTED_EDGE('',*,*,#600,.F.);
#799=ORIENTED_EDGE('',*,*,#601,.T.);
#800=ORIENTED_EDGE('',*,*,#600,.T.);
#801=ORIENTED_EDGE('',*,*,#562,.F.);
#802=ORIENTED_EDGE('',*,*,#602,.F.);
#803=ORIENTED_EDGE('',*,*,#603,.T.);
#804=ORIENTED_EDGE('',*,*,#602,.T.);
#805=ORIENTED_EDGE('',*,*,#561,.F.);
#806=ORIENTED_EDGE('',*,*,#604,.F.);
#807=ORIENTED_EDGE('',*,*,#605,.T.);
#808=ORIENTED_EDGE('',*,*,#604,.T.);
#809=ORIENTED_EDGE('',*,*,#560,.F.);
#810=ORIENTED_EDGE('',*,*,#606,.F.);
#811=ORIENTED_EDGE('',*,*,#607,.T.);
#812=ORIENTED_EDGE('',*,*,#606,.T.);
#813=ORIENTED_EDGE('',*,*,#559,.F.);
#814=ORIENTED_EDGE('',*,*,#608,.F.);
#815=ORIENTED_EDGE('',*,*,#609,.T.);
#816=ORIENTED_EDGE('',*,*,#608,.T.);
#817=ORIENTED_EDGE('',*,*,#558,.F.);
#818=ORIENTED_EDGE('',*,*,#610,.F.);
#819=ORIENTED_EDGE('',*,*,#611,.T.);
#820=ORIENTED_EDGE('',*,*,#610,.T.);
#821=ORIENTED_EDGE('',*,*,#557,.F.);
#822=ORIENTED_EDGE('',*,*,#612,.F.);
#823=ORIENTED_EDGE('',*,*,#613,.T.);
#824=ORIENTED_EDGE('',*,*,#612,.T.);
#825=ORIENTED_EDGE('',*,*,#556,.F.);
#826=ORIENTED_EDGE('',*,*,#614,.F.);
#827=ORIENTED_EDGE('',*,*,#615,.T.);
#828=ORIENTED_EDGE('',*,*,#614,.T.);
#829=ORIENTED_EDGE('',*,*,#555,.F.);
#830=ORIENTED_EDGE('',*,*,#616,.F.);
#831=ORIENTED_EDGE('',*,*,#617,.T.);
#832=ORIENTED_EDGE('',*,*,#616,.T.);
#833=ORIENTED_EDGE('',*,*,#554,.F.);
#834=ORIENTED_EDGE('',*,*,#618,.F.);
#835=ORIENTED_EDGE('',*,*,#619,.T.);
#836=ORIENTED_EDGE('',*,*,#618,.T.);
#837=ORIENTED_EDGE('',*,*,#553,.F.);
#838=ORIENTED_EDGE('',*,*,#620,.F.);
#839=ORIENTED_EDGE('',*,*,#621,.T.);
#840=ORIENTED_EDGE('',*,*,#620,.T.);
#841=ORIENTED_EDGE('',*,*,#552,.F.);
#842=ORIENTED_EDGE('',*,*,#622,.F.);
#843=ORIENTED_EDGE('',*,*,#623,.T.);
#844=ORIENTED_EDGE('',*,*,#622,.T.);
#845=ORIENTED_EDGE('',*,*,#551,.F.);
#846=ORIENTED_EDGE('',*,*,#624,.F.);
#847=ORIENTED_EDGE('',*,*,#625,.T.);
#848=ORIENTED_EDGE('',*,*,#624,.T.);
#849=ORIENTED_EDGE('',*,*,#550,.F.);
#850=ORIENTED_EDGE('',*,*,#626,.F.);
#851=ORIENTED_EDGE('',*,*,#627,.T.);
#852=ORIENTED_EDGE('',*,*,#626,.T.);
#853=ORIENTED_EDGE('',*,*,#549,.F.);
#854=ORIENTED_EDGE('',*,*,#628,.F.);
#855=ORIENTED_EDGE('',*,*,#629,.T.);
#856=ORIENTED_EDGE('',*,*,#628,.T.);
#857=ORIENTED_EDGE('',*,*,#548,.F.);
#858=ORIENTED_EDGE('',*,*,#630,.F.);
#859=ORIENTED_EDGE('',*,*,#631,.T.);
#860=ORIENTED_EDGE('',*,*,#630,.T.);
#861=ORIENTED_EDGE('',*,*,#547,.F.);
#862=ORIENTED_EDGE('',*,*,#632,.F.);
#863=ORIENTED_EDGE('',*,*,#633,.T.);
#864=ORIENTED_EDGE('',*,*,#632,.T.);
#865=ORIENTED_EDGE('',*,*,#546,.F.);
#866=ORIENTED_EDGE('',*,*,#634,.F.);
#867=ORIENTED_EDGE('',*,*,#635,.T.);
#868=ORIENTED_EDGE('',*,*,#634,.T.);
#869=ORIENTED_EDGE('',*,*,#545,.F.);
#870=ORIENTED_EDGE('',*,*,#636,.F.);
#871=ORIENTED_EDGE('',*,*,#637,.T.);
#872=ORIENTED_EDGE('',*,*,#636,.T.);
#873=ORIENTED_EDGE('',*,*,#544,.F.);
#874=ORIENTED_EDGE('',*,*,#638,.F.);
#875=ORIENTED_EDGE('',*,*,#639,.T.);
#876=ORIENTED_EDGE('',*,*,#638,.T.);
#877=ORIENTED_EDGE('',*,*,#543,.F.);
#878=ORIENTED_EDGE('',*,*,#640,.F.);
#879=ORIENTED_EDGE('',*,*,#641,.T.);
#880=ORIENTED_EDGE('',*,*,#640,.T.);
#881=ORIENTED_EDGE('',*,*,#542,.F.);
#882=ORIENTED_EDGE('',*,*,#642,.F.);
#883=ORIENTED_EDGE('',*,*,#643,.T.);
#884=ORIENTED_EDGE('',*,*,#642,.T.);
#885=ORIENTED_EDGE('',*,*,#541,.F.);
#886=ORIENTED_EDGE('',*,*,#644,.F.);
#887=ORIENTED_EDGE('',*,*,#645,.T.);
#888=ORIENTED_EDGE('',*,*,#644,.T.);
#889=ORIENTED_EDGE('',*,*,#540,.F.);
#890=ORIENTED_EDGE('',*,*,#646,.F.);
#891=ORIENTED_EDGE('',*,*,#647,.T.);
#892=ORIENTED_EDGE('',*,*,#646,.T.);
#893=ORIENTED_EDGE('',*,*,#539,.F.);
#894=ORIENTED_EDGE('',*,*,#648,.F.);
#895=ORIENTED_EDGE('',*,*,#649,.T.);
#896=ORIENTED_EDGE('',*,*,#648,.T.);
#897=ORIENTED_EDGE('',*,*,#538,.F.);
#898=ORIENTED_EDGE('',*,*,#650,.F.);
#899=ORIENTED_EDGE('',*,*,#651,.T.);
#900=ORIENTED_EDGE('',*,*,#650,.T.);
#901=ORIENTED_EDGE('',*,*,#537,.F.);
#902=ORIENTED_EDGE('',*,*,#652,.F.);
#903=ORIENTED_EDGE('',*,*,#653,.T.);
#904=ORIENTED_EDGE('',*,*,#652,.T.);
#905=ORIENTED_EDGE('',*,*,#536,.F.);
#906=ORIENTED_EDGE('',*,*,#654,.F.);
#907=ORIENTED_EDGE('',*,*,#655,.T.);
#908=ORIENTED_EDGE('',*,*,#654,.T.);
#909=ORIENTED_EDGE('',*,*,#535,.F.);
#910=ORIENTED_EDGE('',*,*,#656,.F.);
#911=ORIENTED_EDGE('',*,*,#657,.T.);
#912=ORIENTED_EDGE('',*,*,#656,.T.);
#913=ORIENTED_EDGE('',*,*,#534,.F.);
#914=ORIENTED_EDGE('',*,*,#658,.F.);
#915=ORIENTED_EDGE('',*,*,#659,.T.);
#916=ORIENTED_EDGE('',*,*,#658,.T.);
#917=ORIENTED_EDGE('',*,*,#533,.F.);
#918=ORIENTED_EDGE('',*,*,#660,.F.);
#919=ORIENTED_EDGE('',*,*,#661,.T.);
#920=ORIENTED_EDGE('',*,*,#660,.T.);
#921=ORIENTED_EDGE('',*,*,#532,.F.);
#922=ORIENTED_EDGE('',*,*,#662,.F.);
#923=ORIENTED_EDGE('',*,*,#663,.T.);
#924=ORIENTED_EDGE('',*,*,#662,.T.);
#925=ORIENTED_EDGE('',*,*,#531,.F.);
#926=ORIENTED_EDGE('',*,*,#664,.F.);
#927=ORIENTED_EDGE('',*,*,#665,.T.);
#928=ORIENTED_EDGE('',*,*,#664,.T.);
#929=ORIENTED_EDGE('',*,*,#530,.F.);
#930=ORIENTED_EDGE('',*,*,#666,.F.);
#931=ORIENTED_EDGE('',*,*,#667,.T.);
#932=ORIENTED_EDGE('',*,*,#666,.T.);
#933=ORIENTED_EDGE('',*,*,#529,.F.);
#934=ORIENTED_EDGE('',*,*,#597,.F.);
#935=ORIENTED_EDGE('',*,*,#528,.F.);
#936=ORIENTED_EDGE('',*,*,#668,.T.);
#937=ORIENTED_EDGE('',*,*,#669,.T.);
#938=ORIENTED_EDGE('',*,*,#668,.F.);
#939=ORIENTED_EDGE('',*,*,#669,.F.);
#940=ORIENTED_EDGE('',*,*,#583,.F.);
#941=ORIENTED_EDGE('',*,*,#576,.F.);
#942=ORIENTED_EDGE('',*,*,#579,.F.);
#943=ORIENTED_EDGE('',*,*,#581,.F.);
#944=ORIENTED_EDGE('',*,*,#595,.F.);
#945=ORIENTED_EDGE('',*,*,#584,.F.);
#946=ORIENTED_EDGE('',*,*,#587,.F.);
#947=ORIENTED_EDGE('',*,*,#589,.F.);
#948=ORIENTED_EDGE('',*,*,#591,.F.);
#949=ORIENTED_EDGE('',*,*,#593,.F.);
#950=ORIENTED_EDGE('',*,*,#667,.F.);
#951=ORIENTED_EDGE('',*,*,#596,.F.);
#952=ORIENTED_EDGE('',*,*,#599,.F.);
#953=ORIENTED_EDGE('',*,*,#601,.F.);
#954=ORIENTED_EDGE('',*,*,#603,.F.);
#955=ORIENTED_EDGE('',*,*,#605,.F.);
#956=ORIENTED_EDGE('',*,*,#607,.F.);
#957=ORIENTED_EDGE('',*,*,#609,.F.);
#958=ORIENTED_EDGE('',*,*,#611,.F.);
#959=ORIENTED_EDGE('',*,*,#613,.F.);
#960=ORIENTED_EDGE('',*,*,#615,.F.);
#961=ORIENTED_EDGE('',*,*,#617,.F.);
#962=ORIENTED_EDGE('',*,*,#619,.F.);
#963=ORIENTED_EDGE('',*,*,#621,.F.);
#964=ORIENTED_EDGE('',*,*,#623,.F.);
#965=ORIENTED_EDGE('',*,*,#625,.F.);
#966=ORIENTED_EDGE('',*,*,#627,.F.);
#967=ORIENTED_EDGE('',*,*,#629,.F.);
#968=ORIENTED_EDGE('',*,*,#631,.F.);
#969=ORIENTED_EDGE('',*,*,#633,.F.);
#970=ORIENTED_EDGE('',*,*,#635,.F.);
#971=ORIENTED_EDGE('',*,*,#637,.F.);
#972=ORIENTED_EDGE('',*,*,#639,.F.);
#973=ORIENTED_EDGE('',*,*,#641,.F.);
#974=ORIENTED_EDGE('',*,*,#643,.F.);
#975=ORIENTED_EDGE('',*,*,#645,.F.);
#976=ORIENTED_EDGE('',*,*,#647,.F.);
#977=ORIENTED_EDGE('',*,*,#649,.F.);
#978=ORIENTED_EDGE('',*,*,#651,.F.);
#979=ORIENTED_EDGE('',*,*,#653,.F.);
#980=ORIENTED_EDGE('',*,*,#655,.F.);
#981=ORIENTED_EDGE('',*,*,#657,.F.);
#982=ORIENTED_EDGE('',*,*,#659,.F.);
#983=ORIENTED_EDGE('',*,*,#661,.F.);
#984=ORIENTED_EDGE('',*,*,#663,.F.);
#985=ORIENTED_EDGE('',*,*,#665,.F.);
#986=ORIENTED_EDGE('',*,*,#518,.T.);
#987=ORIENTED_EDGE('',*,*,#523,.T.);
#988=ORIENTED_EDGE('',*,*,#515,.T.);
#989=ORIENTED_EDGE('',*,*,#512,.T.);
#990=CYLINDRICAL_SURFACE('',#1085,1.3);
#991=CYLINDRICAL_SURFACE('',#1088,1.3);
#992=CYLINDRICAL_SURFACE('',#1091,1.1);
#993=CYLINDRICAL_SURFACE('',#1096,1.6);
#994=CYLINDRICAL_SURFACE('',#1099,10.15);
#995=CYLINDRICAL_SURFACE('',#1125,22.0044425851294);
#996=CYLINDRICAL_SURFACE('',#1127,13.8001847693954);
#997=CYLINDRICAL_SURFACE('',#1130,12.6927111210833);
#998=CYLINDRICAL_SURFACE('',#1133,13.8136846642038);
#999=CYLINDRICAL_SURFACE('',#1135,22.0044605995499);
#1000=CYLINDRICAL_SURFACE('',#1138,22.0134771568613);
#1001=CYLINDRICAL_SURFACE('',#1140,13.775086796739);
#1002=CYLINDRICAL_SURFACE('',#1142,22.1853612815096);
#1003=CYLINDRICAL_SURFACE('',#1144,21.9866727365843);
#1004=CYLINDRICAL_SURFACE('',#1146,13.8005025157659);
#1005=CYLINDRICAL_SURFACE('',#1148,22.0813541749452);
#1006=CYLINDRICAL_SURFACE('',#1150,21.9326104030139);
#1007=CYLINDRICAL_SURFACE('',#1152,22.0360031308447);
#1008=CYLINDRICAL_SURFACE('',#1154,13.8070503492535);
#1009=CYLINDRICAL_SURFACE('',#1156,22.0208112236496);
#1010=CYLINDRICAL_SURFACE('',#1158,21.9938638100879);
#1011=CYLINDRICAL_SURFACE('',#1161,13.8005376798763);
#1012=CYLINDRICAL_SURFACE('',#1163,22.049167890891);
#1013=CYLINDRICAL_SURFACE('',#1165,22.0045285233499);
#1014=CYLINDRICAL_SURFACE('',#1167,25.1);
#1015=ADVANCED_FACE('',(#108),#990,.F.);
#1016=ADVANCED_FACE('',(#109),#991,.F.);
#1017=ADVANCED_FACE('',(#110),#992,.F.);
#1018=ADVANCED_FACE('',(#111),#100,.F.);
#1019=ADVANCED_FACE('',(#112),#993,.F.);
#1020=ADVANCED_FACE('',(#113),#994,.T.);
#1021=ADVANCED_FACE('',(#114,#38),#101,.T.);
#1022=ADVANCED_FACE('',(#115,#39,#40,#41,#42,#43,#44),#102,.T.);
#1023=ADVANCED_FACE('',(#116),#995,.F.);
#1024=ADVANCED_FACE('',(#117),#15,.T.);
#1025=ADVANCED_FACE('',(#118),#996,.T.);
#1026=ADVANCED_FACE('',(#119),#16,.T.);
#1027=ADVANCED_FACE('',(#120),#103,.T.);
#1028=ADVANCED_FACE('',(#121),#17,.T.);
#1029=ADVANCED_FACE('',(#122),#997,.F.);
#1030=ADVANCED_FACE('',(#123),#18,.T.);
#1031=ADVANCED_FACE('',(#124),#104,.T.);
#1032=ADVANCED_FACE('',(#125),#998,.F.);
#1033=ADVANCED_FACE('',(#126),#999,.F.);
#1034=ADVANCED_FACE('',(#127),#105,.T.);
#1035=ADVANCED_FACE('',(#128),#1000,.F.);
#1036=ADVANCED_FACE('',(#129),#19,.T.);
#1037=ADVANCED_FACE('',(#130),#1001,.T.);
#1038=ADVANCED_FACE('',(#131),#20,.T.);
#1039=ADVANCED_FACE('',(#132),#21,.T.);
#1040=ADVANCED_FACE('',(#133),#1002,.T.);
#1041=ADVANCED_FACE('',(#134),#22,.T.);
#1042=ADVANCED_FACE('',(#135),#23,.T.);
#1043=ADVANCED_FACE('',(#136),#1003,.T.);
#1044=ADVANCED_FACE('',(#137),#24,.T.);
#1045=ADVANCED_FACE('',(#138),#1004,.T.);
#1046=ADVANCED_FACE('',(#139),#25,.T.);
#1047=ADVANCED_FACE('',(#140),#26,.T.);
#1048=ADVANCED_FACE('',(#141),#1005,.T.);
#1049=ADVANCED_FACE('',(#142),#27,.T.);
#1050=ADVANCED_FACE('',(#143),#28,.T.);
#1051=ADVANCED_FACE('',(#144),#1006,.T.);
#1052=ADVANCED_FACE('',(#145),#29,.T.);
#1053=ADVANCED_FACE('',(#146),#30,.T.);
#1054=ADVANCED_FACE('',(#147),#1007,.T.);
#1055=ADVANCED_FACE('',(#148),#31,.T.);
#1056=ADVANCED_FACE('',(#149),#32,.T.);
#1057=ADVANCED_FACE('',(#150),#1008,.T.);
#1058=ADVANCED_FACE('',(#151),#33,.T.);
#1059=ADVANCED_FACE('',(#152),#1009,.T.);
#1060=ADVANCED_FACE('',(#153),#34,.T.);
#1061=ADVANCED_FACE('',(#154),#35,.T.);
#1062=ADVANCED_FACE('',(#155),#1010,.T.);
#1063=ADVANCED_FACE('',(#156),#36,.T.);
#1064=ADVANCED_FACE('',(#157),#106,.T.);
#1065=ADVANCED_FACE('',(#158),#1011,.T.);
#1066=ADVANCED_FACE('',(#159),#37,.T.);
#1067=ADVANCED_FACE('',(#160),#1012,.T.);
#1068=ADVANCED_FACE('',(#161),#1013,.F.);
#1069=ADVANCED_FACE('',(#162),#1014,.T.);
#1070=ADVANCED_FACE('',(#163,#45,#46,#47,#48,#49,#50,#51),#107,.F.);
#1071=CLOSED_SHELL('',(#1015,#1016,#1017,#1018,#1019,#1020,#1021,#1022,
#1023,#1024,#1025,#1026,#1027,#1028,#1029,#1030,#1031,#1032,#1033,#1034,
#1035,#1036,#1037,#1038,#1039,#1040,#1041,#1042,#1043,#1044,#1045,#1046,
#1047,#1048,#1049,#1050,#1051,#1052,#1053,#1054,#1055,#1056,#1057,#1058,
#1059,#1060,#1061,#1062,#1063,#1064,#1065,#1066,#1067,#1068,#1069,#1070));
#1072=DERIVED_UNIT_ELEMENT(#1074,1.);
#1073=DERIVED_UNIT_ELEMENT(#6729,-3.);
#1074=(
MASS_UNIT()
NAMED_UNIT(*)
SI_UNIT(.KILO.,.GRAM.)
);
#1075=DERIVED_UNIT((#1072,#1073));
#1076=MEASURE_REPRESENTATION_ITEM('density measure',
POSITIVE_RATIO_MEASURE(7850.),#1075);
#1077=PROPERTY_DEFINITION_REPRESENTATION(#1082,#1079);
#1078=PROPERTY_DEFINITION_REPRESENTATION(#1083,#1080);
#1079=REPRESENTATION('material name',(#1081),#6726);
#1080=REPRESENTATION('density',(#1076),#6726);
#1081=DESCRIPTIVE_REPRESENTATION_ITEM('Steel','Steel');
#1082=PROPERTY_DEFINITION('material property','material name',#6736);
#1083=PROPERTY_DEFINITION('material property','density of part',#6736);
#1084=AXIS2_PLACEMENT_3D('',#1402,#1170,#1171);
#1085=AXIS2_PLACEMENT_3D('',#1403,#1172,#1173);
#1086=AXIS2_PLACEMENT_3D('',#1405,#1174,#1175);
#1087=AXIS2_PLACEMENT_3D('',#1408,#1177,#1178);
#1088=AXIS2_PLACEMENT_3D('',#1409,#1179,#1180);
#1089=AXIS2_PLACEMENT_3D('',#1411,#1181,#1182);
#1090=AXIS2_PLACEMENT_3D('',#1414,#1184,#1185);
#1091=AXIS2_PLACEMENT_3D('',#1415,#1186,#1187);
#1092=AXIS2_PLACEMENT_3D('',#1417,#1188,#1189);
#1093=AXIS2_PLACEMENT_3D('',#1420,#1191,#1192);
#1094=AXIS2_PLACEMENT_3D('',#1421,#1193,#1194);
#1095=AXIS2_PLACEMENT_3D('',#1441,#1195,#1196);
#1096=AXIS2_PLACEMENT_3D('',#1442,#1197,#1198);
#1097=AXIS2_PLACEMENT_3D('',#1444,#1199,#1200);
#1098=AXIS2_PLACEMENT_3D('',#1447,#1202,#1203);
#1099=AXIS2_PLACEMENT_3D('',#1448,#1204,#1205);
#1100=AXIS2_PLACEMENT_3D('',#1450,#1206,#1207);
#1101=AXIS2_PLACEMENT_3D('',#1453,#1209,#1210);
#1102=AXIS2_PLACEMENT_3D('',#1454,#1211,#1212);
#1103=AXIS2_PLACEMENT_3D('',#1455,#1213,#1214);
#1104=AXIS2_PLACEMENT_3D('',#1456,#1215,#1216);
#1105=AXIS2_PLACEMENT_3D('',#1458,#1217,#1218);
#1106=AXIS2_PLACEMENT_3D('',#1461,#1219,#1220);
#1107=AXIS2_PLACEMENT_3D('',#1463,#1221,#1222);
#1108=AXIS2_PLACEMENT_3D('',#1521,#1223,#1224);
#1109=AXIS2_PLACEMENT_3D('',#1581,#1226,#1227);
#1110=AXIS2_PLACEMENT_3D('',#1695,#1228,#1229);
#1111=AXIS2_PLACEMENT_3D('',#1753,#1230,#1231);
#1112=AXIS2_PLACEMENT_3D('',#1867,#1232,#1233);
#1113=AXIS2_PLACEMENT_3D('',#1981,#1234,#1235);
#1114=AXIS2_PLACEMENT_3D('',#2095,#1236,#1237);
#1115=AXIS2_PLACEMENT_3D('',#2209,#1238,#1239);
#1116=AXIS2_PLACEMENT_3D('',#2267,#1240,#1241);
#1117=AXIS2_PLACEMENT_3D('',#2381,#1242,#1243);
#1118=AXIS2_PLACEMENT_3D('',#2495,#1244,#1245);
#1119=AXIS2_PLACEMENT_3D('',#2552,#1246,#1247);
#1120=AXIS2_PLACEMENT_3D('',#2555,#1249,#1250);
#1121=AXIS2_PLACEMENT_3D('',#2585,#1252,#1253);
#1122=AXIS2_PLACEMENT_3D('',#2645,#1255,#1256);
#1123=AXIS2_PLACEMENT_3D('',#2729,#1257,#1258);
#1124=AXIS2_PLACEMENT_3D('',#2786,#1259,#1260);
#1125=AXIS2_PLACEMENT_3D('',#2787,#1261,#1262);
#1126=AXIS2_PLACEMENT_3D('',#2790,#1263,#1264);
#1127=AXIS2_PLACEMENT_3D('',#2960,#1268,#1269);
#1128=AXIS2_PLACEMENT_3D('',#2962,#1270,#1271);
#1129=AXIS2_PLACEMENT_3D('',#3129,#1273,#1274);
#1130=AXIS2_PLACEMENT_3D('',#3302,#1279,#1280);
#1131=AXIS2_PLACEMENT_3D('',#3304,#1281,#1282);
#1132=AXIS2_PLACEMENT_3D('',#3473,#1285,#1286);
#1133=AXIS2_PLACEMENT_3D('',#3477,#1289,#1290);
#1134=AXIS2_PLACEMENT_3D('',#3478,#1291,#1292);
#1135=AXIS2_PLACEMENT_3D('',#3479,#1293,#1294);
#1136=AXIS2_PLACEMENT_3D('',#3482,#1295,#1296);
#1137=AXIS2_PLACEMENT_3D('',#3485,#1299,#1300);
#1138=AXIS2_PLACEMENT_3D('',#3489,#1303,#1304);
#1139=AXIS2_PLACEMENT_3D('',#3491,#1305,#1306);
#1140=AXIS2_PLACEMENT_3D('',#3660,#1309,#1310);
#1141=AXIS2_PLACEMENT_3D('',#3662,#1311,#1312);
#1142=AXIS2_PLACEMENT_3D('',#3997,#1316,#1317);
#1143=AXIS2_PLACEMENT_3D('',#3999,#1318,#1319);
#1144=AXIS2_PLACEMENT_3D('',#4335,#1323,#1324);
#1145=AXIS2_PLACEMENT_3D('',#4337,#1325,#1326);
#1146=AXIS2_PLACEMENT_3D('',#4506,#1329,#1330);
#1147=AXIS2_PLACEMENT_3D('',#4508,#1331,#1332);
#1148=AXIS2_PLACEMENT_3D('',#4844,#1336,#1337);
#1149=AXIS2_PLACEMENT_3D('',#4846,#1338,#1339);
#1150=AXIS2_PLACEMENT_3D('',#5182,#1343,#1344);
#1151=AXIS2_PLACEMENT_3D('',#5184,#1345,#1346);
#1152=AXIS2_PLACEMENT_3D('',#5520,#1350,#1351);
#1153=AXIS2_PLACEMENT_3D('',#5522,#1352,#1353);
#1154=AXIS2_PLACEMENT_3D('',#5858,#1357,#1358);
#1155=AXIS2_PLACEMENT_3D('',#5860,#1359,#1360);
#1156=AXIS2_PLACEMENT_3D('',#6029,#1363,#1364);
#1157=AXIS2_PLACEMENT_3D('',#6031,#1365,#1366);
#1158=AXIS2_PLACEMENT_3D('',#6367,#1370,#1371);
#1159=AXIS2_PLACEMENT_3D('',#6369,#1372,#1373);
#1160=AXIS2_PLACEMENT_3D('',#6538,#1376,#1377);
#1161=AXIS2_PLACEMENT_3D('',#6542,#1380,#1381);
#1162=AXIS2_PLACEMENT_3D('',#6544,#1382,#1383);
#1163=AXIS2_PLACEMENT_3D('',#6713,#1386,#1387);
#1164=AXIS2_PLACEMENT_3D('',#6715,#1388,#1389);
#1165=AXIS2_PLACEMENT_3D('',#6717,#1391,#1392);
#1166=AXIS2_PLACEMENT_3D('',#6718,#1393,#1394);
#1167=AXIS2_PLACEMENT_3D('',#6719,#1395,#1396);
#1168=AXIS2_PLACEMENT_3D('',#6722,#1398,#1399);
#1169=AXIS2_PLACEMENT_3D('',#6723,#1400,#1401);
#1170=DIRECTION('axis',(0.,0.,1.));
#1171=DIRECTION('refdir',(1.,0.,0.));
#1172=DIRECTION('center_axis',(0.,0.,-1.));
#1173=DIRECTION('ref_axis',(1.,0.,0.));
#1174=DIRECTION('center_axis',(0.,0.,-1.));
#1175=DIRECTION('ref_axis',(1.,0.,0.));
#1176=DIRECTION('',(0.,0.,-1.));
#1177=DIRECTION('center_axis',(0.,0.,1.));
#1178=DIRECTION('ref_axis',(1.,0.,0.));
#1179=DIRECTION('center_axis',(0.,0.,-1.));
#1180=DIRECTION('ref_axis',(1.,0.,0.));
#1181=DIRECTION('center_axis',(0.,0.,-1.));
#1182=DIRECTION('ref_axis',(1.,0.,0.));
#1183=DIRECTION('',(0.,0.,-1.));
#1184=DIRECTION('center_axis',(0.,0.,1.));
#1185=DIRECTION('ref_axis',(1.,0.,0.));
#1186=DIRECTION('center_axis',(0.,0.,-1.));
#1187=DIRECTION('ref_axis',(1.,0.,0.));
#1188=DIRECTION('center_axis',(0.,0.,-1.));
#1189=DIRECTION('ref_axis',(1.,0.,0.));
#1190=DIRECTION('',(0.,0.,-1.));
#1191=DIRECTION('center_axis',(0.,0.,1.));
#1192=DIRECTION('ref_axis',(1.,0.,0.));
#1193=DIRECTION('center_axis',(0.,0.,1.));
#1194=DIRECTION('ref_axis',(1.,0.,0.));
#1195=DIRECTION('center_axis',(0.,0.,1.));
#1196=DIRECTION('ref_axis',(1.,0.,0.));
#1197=DIRECTION('center_axis',(0.,0.,1.));
#1198=DIRECTION('ref_axis',(1.,0.,0.));
#1199=DIRECTION('center_axis',(0.,0.,-1.));
#1200=DIRECTION('ref_axis',(1.,0.,0.));
#1201=DIRECTION('',(0.,0.,-1.));
#1202=DIRECTION('center_axis',(0.,0.,1.));
#1203=DIRECTION('ref_axis',(1.,0.,0.));
#1204=DIRECTION('center_axis',(0.,0.,1.));
#1205=DIRECTION('ref_axis',(1.,0.,0.));
#1206=DIRECTION('center_axis',(0.,0.,1.));
#1207=DIRECTION('ref_axis',(1.,0.,0.));
#1208=DIRECTION('',(0.,0.,-1.));
#1209=DIRECTION('center_axis',(0.,0.,-1.));
#1210=DIRECTION('ref_axis',(1.,0.,0.));
#1211=DIRECTION('center_axis',(0.,0.,-1.));
#1212=DIRECTION('ref_axis',(1.,0.,0.));
#1213=DIRECTION('center_axis',(0.,0.,1.));
#1214=DIRECTION('ref_axis',(1.,0.,0.));
#1215=DIRECTION('center_axis',(0.,0.,1.));
#1216=DIRECTION('ref_axis',(1.,0.,0.));
#1217=DIRECTION('center_axis',(0.,0.,1.));
#1218=DIRECTION('ref_axis',(1.,0.,0.));
#1219=DIRECTION('center_axis',(0.,0.,-1.));
#1220=DIRECTION('ref_axis',(-0.521695708797649,0.853131635459686,0.));
#1221=DIRECTION('center_axis',(0.,0.,1.));
#1222=DIRECTION('ref_axis',(-0.525639944380729,0.850707146362027,0.));
#1223=DIRECTION('center_axis',(0.,0.,1.));
#1224=DIRECTION('ref_axis',(-0.844807391543321,0.535070529177015,0.));
#1225=DIRECTION('',(-0.710319451443745,-0.703879447704404,0.));
#1226=DIRECTION('center_axis',(0.,0.,1.));
#1227=DIRECTION('ref_axis',(-0.748321211606906,-0.663336539216085,0.));
#1228=DIRECTION('center_axis',(0.,0.,1.));
#1229=DIRECTION('ref_axis',(-0.514979260298052,-0.857202637340128,0.));
#1230=DIRECTION('center_axis',(0.,0.,1.));
#1231=DIRECTION('ref_axis',(-0.0409203898302796,-0.999162410069623,0.));
#1232=DIRECTION('center_axis',(0.,0.,1.));
#1233=DIRECTION('ref_axis',(-0.397967893535123,-0.917399343642242,0.));
#1234=DIRECTION('center_axis',(0.,0.,1.));
#1235=DIRECTION('ref_axis',(-0.110878876472853,-0.993833927148856,0.));
#1236=DIRECTION('center_axis',(0.,0.,1.));
#1237=DIRECTION('ref_axis',(0.925183920327804,-0.379519055604426,0.));
#1238=DIRECTION('center_axis',(0.,0.,1.));
#1239=DIRECTION('ref_axis',(0.292275666097775,-0.956334112644269,0.));
#1240=DIRECTION('center_axis',(0.,0.,1.));
#1241=DIRECTION('ref_axis',(0.999884259363901,-0.0152140683679125,0.));
#1242=DIRECTION('center_axis',(0.,0.,1.));
#1243=DIRECTION('ref_axis',(0.926494238122309,0.376308951164016,0.));
#1244=DIRECTION('center_axis',(0.,0.,1.));
#1245=DIRECTION('ref_axis',(0.885811089148377,0.464046026102763,0.));
#1246=DIRECTION('center_axis',(0.,0.,-1.));
#1247=DIRECTION('ref_axis',(0.905867078836016,0.423562079843207,0.));
#1248=DIRECTION('',(0.633775464518024,0.773517071935043,0.));
#1249=DIRECTION('center_axis',(0.,0.,-1.));
#1250=DIRECTION('ref_axis',(0.5216978720781,-0.853130312595434,0.));
#1251=DIRECTION('',(0.614393248755505,0.788999959368602,0.));
#1252=DIRECTION('center_axis',(0.,0.,-1.));
#1253=DIRECTION('ref_axis',(0.999884978784271,0.0151667136050288,0.));
#1254=DIRECTION('',(-0.614745105457303,-0.788725842936752,0.));
#1255=DIRECTION('center_axis',(0.,0.,-1.));
#1256=DIRECTION('ref_axis',(0.287412363672493,-0.957806939423697,0.));
#1257=DIRECTION('center_axis',(0.,0.,1.));
#1258=DIRECTION('ref_axis',(0.741341000085453,0.671128543270438,0.));
#1259=DIRECTION('center_axis',(0.,0.,-1.));
#1260=DIRECTION('ref_axis',(0.767400980767068,0.641167477900854,0.));
#1261=DIRECTION('center_axis',(0.,0.,1.));
#1262=DIRECTION('ref_axis',(0.767400980767068,0.641167477900854,0.));
#1263=DIRECTION('center_axis',(0.,0.,-1.));
#1264=DIRECTION('ref_axis',(0.767400980767068,0.641167477900854,0.));
#1265=DIRECTION('',(0.,0.,1.));
#1266=DIRECTION('',(0.,0.,1.));
#1267=DIRECTION('',(0.,0.,1.));
#1268=DIRECTION('center_axis',(0.,0.,1.));
#1269=DIRECTION('ref_axis',(0.741341000085453,0.671128543270438,0.));
#1270=DIRECTION('center_axis',(0.,0.,1.));
#1271=DIRECTION('ref_axis',(0.741341000085453,0.671128543270438,0.));
#1272=DIRECTION('',(0.,0.,1.));
#1273=DIRECTION('center_axis',(0.788999959368603,-0.614393248755505,0.));
#1274=DIRECTION('ref_axis',(0.614393248755505,0.788999959368602,0.));
#1275=DIRECTION('',(0.614393248755505,0.788999959368602,0.));
#1276=DIRECTION('',(0.,0.,1.));
#1277=DIRECTION('',(0.,0.,1.));
#1278=DIRECTION('',(0.,0.,1.));
#1279=DIRECTION('center_axis',(0.,0.,1.));
#1280=DIRECTION('ref_axis',(0.287412363672493,-0.957806939423697,0.));
#1281=DIRECTION('center_axis',(0.,0.,-1.));
#1282=DIRECTION('ref_axis',(0.287412363672493,-0.957806939423697,0.));
#1283=DIRECTION('',(0.,0.,1.));
#1284=DIRECTION('',(0.,0.,1.));
#1285=DIRECTION('center_axis',(-0.788725842936752,0.614745105457303,0.));
#1286=DIRECTION('ref_axis',(-0.614745105457303,-0.788725842936752,0.));
#1287=DIRECTION('',(-0.614745105457303,-0.788725842936752,0.));
#1288=DIRECTION('',(0.,0.,1.));
#1289=DIRECTION('center_axis',(0.,0.,1.));
#1290=DIRECTION('ref_axis',(0.999884978784271,0.0151667136050288,0.));
#1291=DIRECTION('center_axis',(0.,0.,-1.));
#1292=DIRECTION('ref_axis',(0.999884978784271,0.0151667136050288,0.));
#1293=DIRECTION('center_axis',(0.,0.,1.));
#1294=DIRECTION('ref_axis',(0.5216978720781,-0.853130312595434,0.));
#1295=DIRECTION('center_axis',(0.,0.,-1.));
#1296=DIRECTION('ref_axis',(0.5216978720781,-0.853130312595434,0.));
#1297=DIRECTION('',(0.,0.,1.));
#1298=DIRECTION('',(0.,0.,1.));
#1299=DIRECTION('center_axis',(0.773517071935044,-0.633775464518024,0.));
#1300=DIRECTION('ref_axis',(0.633775464518024,0.773517071935043,0.));
#1301=DIRECTION('',(0.633775464518024,0.773517071935043,0.));
#1302=DIRECTION('',(0.,0.,1.));
#1303=DIRECTION('center_axis',(0.,0.,1.));
#1304=DIRECTION('ref_axis',(0.905867078836016,0.423562079843207,0.));
#1305=DIRECTION('center_axis',(0.,0.,-1.));
#1306=DIRECTION('ref_axis',(0.905867078836016,0.423562079843207,0.));
#1307=DIRECTION('',(0.,0.,1.));
#1308=DIRECTION('',(0.,0.,1.));
#1309=DIRECTION('center_axis',(0.,0.,1.));
#1310=DIRECTION('ref_axis',(0.885811089148377,0.464046026102763,0.));
#1311=DIRECTION('center_axis',(0.,0.,1.));
#1312=DIRECTION('ref_axis',(0.885811089148377,0.464046026102763,0.));
#1313=DIRECTION('',(0.,0.,1.));
#1314=DIRECTION('',(0.,0.,1.));
#1315=DIRECTION('',(0.,0.,1.));
#1316=DIRECTION('center_axis',(0.,0.,1.));
#1317=DIRECTION('ref_axis',(0.926494238122309,0.376308951164016,0.));
#1318=DIRECTION('center_axis',(0.,0.,1.));
#1319=DIRECTION('ref_axis',(0.926494238122309,0.376308951164016,0.));
#1320=DIRECTION('',(0.,0.,1.));
#1321=DIRECTION('',(0.,0.,1.));
#1322=DIRECTION('',(0.,0.,1.));
#1323=DIRECTION('center_axis',(0.,0.,1.));
#1324=DIRECTION('ref_axis',(0.999884259363901,-0.0152140683679125,0.));
#1325=DIRECTION('center_axis',(0.,0.,1.));
#1326=DIRECTION('ref_axis',(0.999884259363901,-0.0152140683679125,0.));
#1327=DIRECTION('',(0.,0.,1.));
#1328=DIRECTION('',(0.,0.,1.));
#1329=DIRECTION('center_axis',(0.,0.,1.));
#1330=DIRECTION('ref_axis',(0.292275666097775,-0.956334112644269,0.));
#1331=DIRECTION('center_axis',(0.,0.,1.));
#1332=DIRECTION('ref_axis',(0.292275666097775,-0.956334112644269,0.));
#1333=DIRECTION('',(0.,0.,1.));
#1334=DIRECTION('',(0.,0.,1.));
#1335=DIRECTION('',(0.,0.,1.));
#1336=DIRECTION('center_axis',(0.,0.,1.));
#1337=DIRECTION('ref_axis',(0.925183920327804,-0.379519055604426,0.));
#1338=DIRECTION('center_axis',(0.,0.,1.));
#1339=DIRECTION('ref_axis',(0.925183920327804,-0.379519055604426,0.));
#1340=DIRECTION('',(0.,0.,1.));
#1341=DIRECTION('',(0.,0.,1.));
#1342=DIRECTION('',(0.,0.,1.));
#1343=DIRECTION('center_axis',(0.,0.,1.));
#1344=DIRECTION('ref_axis',(-0.110878876472853,-0.993833927148856,0.));
#1345=DIRECTION('center_axis',(0.,0.,1.));
#1346=DIRECTION('ref_axis',(-0.110878876472853,-0.993833927148856,0.));
#1347=DIRECTION('',(0.,0.,1.));
#1348=DIRECTION('',(0.,0.,1.));
#1349=DIRECTION('',(0.,0.,1.));
#1350=DIRECTION('center_axis',(0.,0.,1.));
#1351=DIRECTION('ref_axis',(-0.397967893535123,-0.917399343642242,0.));
#1352=DIRECTION('center_axis',(0.,0.,1.));
#1353=DIRECTION('ref_axis',(-0.397967893535123,-0.917399343642242,0.));
#1354=DIRECTION('',(0.,0.,1.));
#1355=DIRECTION('',(0.,0.,1.));
#1356=DIRECTION('',(0.,0.,1.));
#1357=DIRECTION('center_axis',(0.,0.,1.));
#1358=DIRECTION('ref_axis',(-0.0409203898302796,-0.999162410069623,0.));
#1359=DIRECTION('center_axis',(0.,0.,1.));
#1360=DIRECTION('ref_axis',(-0.0409203898302796,-0.999162410069623,0.));
#1361=DIRECTION('',(0.,0.,1.));
#1362=DIRECTION('',(0.,0.,1.));
#1363=DIRECTION('center_axis',(0.,0.,1.));
#1364=DIRECTION('ref_axis',(-0.514979260298052,-0.857202637340128,0.));
#1365=DIRECTION('center_axis',(0.,0.,1.));
#1366=DIRECTION('ref_axis',(-0.514979260298052,-0.857202637340128,0.));
#1367=DIRECTION('',(0.,0.,1.));
#1368=DIRECTION('',(0.,0.,1.));
#1369=DIRECTION('',(0.,0.,1.));
#1370=DIRECTION('center_axis',(0.,0.,1.));
#1371=DIRECTION('ref_axis',(-0.748321211606906,-0.663336539216085,0.));
#1372=DIRECTION('center_axis',(0.,0.,1.));
#1373=DIRECTION('ref_axis',(-0.748321211606906,-0.663336539216085,0.));
#1374=DIRECTION('',(0.,0.,1.));
#1375=DIRECTION('',(0.,0.,1.));
#1376=DIRECTION('center_axis',(-0.703879447704404,0.710319451443745,0.));
#1377=DIRECTION('ref_axis',(-0.710319451443745,-0.703879447704404,0.));
#1378=DIRECTION('',(-0.710319451443745,-0.703879447704404,0.));
#1379=DIRECTION('',(0.,0.,1.));
#1380=DIRECTION('center_axis',(0.,0.,1.));
#1381=DIRECTION('ref_axis',(-0.844807391543321,0.535070529177015,0.));
#1382=DIRECTION('center_axis',(0.,0.,1.));
#1383=DIRECTION('ref_axis',(-0.844807391543321,0.535070529177015,0.));
#1384=DIRECTION('',(0.,0.,1.));
#1385=DIRECTION('',(0.,0.,1.));
#1386=DIRECTION('center_axis',(0.,0.,1.));
#1387=DIRECTION('ref_axis',(-0.525639944380729,0.850707146362027,0.));
#1388=DIRECTION('center_axis',(0.,0.,1.));
#1389=DIRECTION('ref_axis',(-0.525639944380729,0.850707146362027,0.));
#1390=DIRECTION('',(0.,0.,1.));
#1391=DIRECTION('center_axis',(0.,0.,1.));
#1392=DIRECTION('ref_axis',(-0.851939285327517,-0.523640577224148,0.));
#1393=DIRECTION('center_axis',(0.,0.,-1.));
#1394=DIRECTION('ref_axis',(-0.521695708797649,0.853131635459686,0.));
#1395=DIRECTION('center_axis',(0.,0.,1.));
#1396=DIRECTION('ref_axis',(1.,0.,0.));
#1397=DIRECTION('',(0.,0.,-1.));
#1398=DIRECTION('center_axis',(0.,0.,1.));
#1399=DIRECTION('ref_axis',(1.,0.,0.));
#1400=DIRECTION('center_axis',(0.,0.,1.));
#1401=DIRECTION('ref_axis',(1.,0.,0.));
#1402=CARTESIAN_POINT('',(0.,0.,0.));
#1403=CARTESIAN_POINT('Origin',(-8.30607114464672,12.3476763862707,1.6));
#1404=CARTESIAN_POINT('',(-9.60607114464672,12.3476763862707,0.8));
#1405=CARTESIAN_POINT('Origin',(-8.30607114464672,12.3476763862707,0.8));
#1406=CARTESIAN_POINT('',(-9.60607114464672,12.3476763862707,0.));
#1407=CARTESIAN_POINT('',(-9.60607114464672,12.3476763862707,1.6));
#1408=CARTESIAN_POINT('Origin',(-8.30607114464672,12.3476763862707,0.));
#1409=CARTESIAN_POINT('Origin',(-7.03477852884833,-13.8231307615191,1.6));
#1410=CARTESIAN_POINT('',(-8.33477852884833,-13.8231307615191,0.8));
#1411=CARTESIAN_POINT('Origin',(-7.03477852884833,-13.8231307615191,0.8));
#1412=CARTESIAN_POINT('',(-8.33477852884833,-13.8231307615191,0.));
#1413=CARTESIAN_POINT('',(-8.33477852884833,-13.8231307615191,1.6));
#1414=CARTESIAN_POINT('Origin',(-7.03477852884833,-13.8231307615191,0.));
#1415=CARTESIAN_POINT('Origin',(15.6841796228685,0.896575461182862,1.6));
#1416=CARTESIAN_POINT('',(14.5841796228685,0.896575461182862,0.8));
#1417=CARTESIAN_POINT('Origin',(15.6841796228685,0.896575461182862,0.8));
#1418=CARTESIAN_POINT('',(14.5841796228685,0.896575461182862,0.));
#1419=CARTESIAN_POINT('',(14.5841796228685,0.896575461182862,1.6));
#1420=CARTESIAN_POINT('Origin',(15.6841796228685,0.896575461182862,0.));
#1421=CARTESIAN_POINT('Origin',(0.,0.,0.800000000000001));
#1422=CARTESIAN_POINT('',(6.98843152243216,-7.36100026193972,0.800000000000001));
#1423=CARTESIAN_POINT('',(9.11321553315561,-4.46898228305408,0.800000000000001));
#1424=CARTESIAN_POINT('Ctrl Pts',(6.98843152243216,-7.36100026193972,0.8));
#1425=CARTESIAN_POINT('Ctrl Pts',(7.02195150745635,-7.31464630593028,0.8));
#1426=CARTESIAN_POINT('Ctrl Pts',(7.09133695477007,-7.21875939800885,0.8));
#1427=CARTESIAN_POINT('Ctrl Pts',(7.19666830510892,-7.07339782908544,0.8));
#1428=CARTESIAN_POINT('Ctrl Pts',(7.33807296932804,-6.87865459486896,0.8));
#1429=CARTESIAN_POINT('Ctrl Pts',(7.51572297520704,-6.63465633472401,0.8));
#1430=CARTESIAN_POINT('Ctrl Pts',(7.6960174169353,-6.38769944461123,0.8));
#1431=CARTESIAN_POINT('Ctrl Pts',(7.87662838016711,-6.14097637828108,0.8));
#1432=CARTESIAN_POINT('Ctrl Pts',(8.05755342422631,-5.89448607622704,0.8));
#1433=CARTESIAN_POINT('Ctrl Pts',(8.23878941772561,-5.64822696578024,0.8));
#1434=CARTESIAN_POINT('Ctrl Pts',(8.4203315511202,-5.40219636212308,0.8));
#1435=CARTESIAN_POINT('Ctrl Pts',(8.6021738340303,-5.15639079460094,0.8));
#1436=CARTESIAN_POINT('Ctrl Pts',(8.77707897359513,-4.92055579422547,0.8));
#1437=CARTESIAN_POINT('Ctrl Pts',(8.91576404027781,-4.73399449872134,0.8));
#1438=CARTESIAN_POINT('Ctrl Pts',(9.01807752166013,-4.5965925729738,0.8));
#1439=CARTESIAN_POINT('Ctrl Pts',(9.0839150245528,-4.50827068559461,0.8));
#1440=CARTESIAN_POINT('Ctrl Pts',(9.11321553315561,-4.46898228305408,0.8));
#1441=CARTESIAN_POINT('Origin',(0.,0.,0.800000000000001));
#1442=CARTESIAN_POINT('Origin',(0.,0.,0.800000000000001));
#1443=CARTESIAN_POINT('',(-1.6,-1.95943487863577E-16,1.6));
#1444=CARTESIAN_POINT('Origin',(0.,0.,1.6));
#1445=CARTESIAN_POINT('',(-1.6,-1.95943487863577E-16,0.));
#1446=CARTESIAN_POINT('',(-1.6,-1.95943487863577E-16,0.800000000000001));
#1447=CARTESIAN_POINT('Origin',(0.,0.,0.));
#1448=CARTESIAN_POINT('Origin',(0.,0.,0.800000000000001));
#1449=CARTESIAN_POINT('',(-10.15,-1.24301650113456E-15,1.6));
#1450=CARTESIAN_POINT('Origin',(0.,0.,1.6));
#1451=CARTESIAN_POINT('',(-10.15,-1.24301650113456E-15,0.8));
#1452=CARTESIAN_POINT('',(-10.15,-1.24301650113456E-15,0.800000000000001));
#1453=CARTESIAN_POINT('Origin',(0.,0.,0.8));
#1454=CARTESIAN_POINT('Origin',(0.,0.,0.8));
#1455=CARTESIAN_POINT('Origin',(0.,0.,1.6));
#1456=CARTESIAN_POINT('Origin',(0.,0.,0.8));
#1457=CARTESIAN_POINT('',(-25.1,-2.22044604925031E-15,0.8));
#1458=CARTESIAN_POINT('Origin',(0.,0.,0.8));
#1459=CARTESIAN_POINT('',(11.5700557756803,-18.724187153456,0.8));
#1460=CARTESIAN_POINT('',(-11.4748122939981,18.7687598939703,0.8));
#1461=CARTESIAN_POINT('Origin',(0.00485581074897989,-0.00399951267444409,
0.8));
#1462=CARTESIAN_POINT('',(-13.0591057671066,17.6920373711883,0.8));
#1463=CARTESIAN_POINT('Origin',(0.115111089811191,0.0113751978531851,0.8));
#1464=CARTESIAN_POINT('',(-11.6536841876988,7.38024121173409,0.8));
#1465=CARTESIAN_POINT('Ctrl Pts',(-13.0591057671066,17.6920373711883,0.8));
#1466=CARTESIAN_POINT('Ctrl Pts',(-13.0302047904804,17.6439753903877,0.8));
#1467=CARTESIAN_POINT('Ctrl Pts',(-12.9727413332749,17.5480446643611,0.8));
#1468=CARTESIAN_POINT('Ctrl Pts',(-12.8875616356686,17.4047282819841,0.8));
#1469=CARTESIAN_POINT('Ctrl Pts',(-12.7760210042061,17.2147999411647,0.8));
#1470=CARTESIAN_POINT('Ctrl Pts',(-12.6399937430301,16.979327369825,0.8));
#1471=CARTESIAN_POINT('Ctrl Pts',(-12.5073857996211,16.7457977900244,0.8));
#1472=CARTESIAN_POINT('Ctrl Pts',(-12.3782287595151,16.5142157299384,0.8));
#1473=CARTESIAN_POINT('Ctrl Pts',(-12.2525662112195,16.2845835970994,0.8));
#1474=CARTESIAN_POINT('Ctrl Pts',(-12.1304551807985,16.0569000435943,0.8));
#1475=CARTESIAN_POINT('Ctrl Pts',(-12.0119667340228,15.8311585130813,0.8));
#1476=CARTESIAN_POINT('Ctrl Pts',(-11.8971821794561,15.6073469380035,0.8));
#1477=CARTESIAN_POINT('Ctrl Pts',(-11.786189842688,15.3854472543455,0.8));
#1478=CARTESIAN_POINT('Ctrl Pts',(-11.6790813673146,15.1654348852155,0.8));
#1479=CARTESIAN_POINT('Ctrl Pts',(-11.5759485158627,14.947278239602,0.8));
#1480=CARTESIAN_POINT('Ctrl Pts',(-11.4768786538547,14.7309379434478,0.8));
#1481=CARTESIAN_POINT('Ctrl Pts',(-11.381955746299,14.5163670728763,0.8));
#1482=CARTESIAN_POINT('Ctrl Pts',(-11.2912640247108,14.3035118757393,0.8));
#1483=CARTESIAN_POINT('Ctrl Pts',(-11.2048908190104,14.0923122748648,0.8));
#1484=CARTESIAN_POINT('Ctrl Pts',(-11.1229293798261,13.8827023962836,0.8));
#1485=CARTESIAN_POINT('Ctrl Pts',(-11.0454821889767,13.6746110191563,0.8));
#1486=CARTESIAN_POINT('Ctrl Pts',(-10.9726617735885,13.4679620137555,0.8));
#1487=CARTESIAN_POINT('Ctrl Pts',(-10.904588337893,13.2626747858121,0.8));
#1488=CARTESIAN_POINT('Ctrl Pts',(-10.8413880109571,13.0586646324317,0.8));
#1489=CARTESIAN_POINT('Ctrl Pts',(-10.783190941089,12.8558431702503,0.8));
#1490=CARTESIAN_POINT('Ctrl Pts',(-10.7301288144432,12.6541184730244,0.8));
#1491=CARTESIAN_POINT('Ctrl Pts',(-10.6823344712779,12.45339610847,0.8));
#1492=CARTESIAN_POINT('Ctrl Pts',(-10.639943740392,12.2535811180369,0.8));
#1493=CARTESIAN_POINT('Ctrl Pts',(-10.6030966993135,12.054579742966,0.8));
#1494=CARTESIAN_POINT('Ctrl Pts',(-10.5719387067681,11.8563011733273,0.8));
#1495=CARTESIAN_POINT('Ctrl Pts',(-10.5466222073684,11.658659412315,0.8));
#1496=CARTESIAN_POINT('Ctrl Pts',(-10.5273031416475,11.4615742337856,0.8));
#1497=CARTESIAN_POINT('Ctrl Pts',(-10.5141351972897,11.2649717981963,0.8));
#1498=CARTESIAN_POINT('Ctrl Pts',(-10.5072646940848,11.0687853656185,0.8));
#1499=CARTESIAN_POINT('Ctrl Pts',(-10.5068248200099,10.8729560099344,0.8));
#1500=CARTESIAN_POINT('Ctrl Pts',(-10.5129304815642,10.6774332373698,0.8));
#1501=CARTESIAN_POINT('Ctrl Pts',(-10.5256807669951,10.4821740965513,0.8));
#1502=CARTESIAN_POINT('Ctrl Pts',(-10.5451609968234,10.2871423613281,0.8));
#1503=CARTESIAN_POINT('Ctrl Pts',(-10.5714442604936,10.0923077676191,0.8));
#1504=CARTESIAN_POINT('Ctrl Pts',(-10.6045940205889,9.89764506795491,0.8));
#1505=CARTESIAN_POINT('Ctrl Pts',(-10.6446619898023,9.70313381304825,0.8));
#1506=CARTESIAN_POINT('Ctrl Pts',(-10.6916808899262,9.50875893216755,0.8));
#1507=CARTESIAN_POINT('Ctrl Pts',(-10.7456579318964,9.31451116532882,0.8));
#1508=CARTESIAN_POINT('Ctrl Pts',(-10.8065686189168,9.12038745377267,0.8));
#1509=CARTESIAN_POINT('Ctrl Pts',(-10.8743478583339,8.92639165602811,0.8));
#1510=CARTESIAN_POINT('Ctrl Pts',(-10.9489003613994,8.73253274819058,0.8));
#1511=CARTESIAN_POINT('Ctrl Pts',(-11.030115264524,8.53882245687137,0.8));
#1512=CARTESIAN_POINT('Ctrl Pts',(-11.117879051422,8.34527309530277,0.8));
#1513=CARTESIAN_POINT('Ctrl Pts',(-11.2120890095235,8.15189530749229,0.8));
#1514=CARTESIAN_POINT('Ctrl Pts',(-11.3126662073603,7.95869586099915,0.8));
#1515=CARTESIAN_POINT('Ctrl Pts',(-11.4195533288592,7.76567851794135,0.8));
#1516=CARTESIAN_POINT('Ctrl Pts',(-11.510080638605,7.61141161064299,0.8));
#1517=CARTESIAN_POINT('Ctrl Pts',(-11.5807891641448,7.49579423160693,0.8));
#1518=CARTESIAN_POINT('Ctrl Pts',(-11.6291776086003,7.41875275558027,0.8));
#1519=CARTESIAN_POINT('Ctrl Pts',(-11.6536841876988,7.38024121173409,0.8));
#1520=CARTESIAN_POINT('',(-10.7094760712429,-8.70186099173479,0.8));
#1521=CARTESIAN_POINT('Origin',(0.00511205153278738,-0.00401978756465582,
0.8));
#1522=CARTESIAN_POINT('',(-10.7187831536634,-8.71108369290193,0.8));
#1523=CARTESIAN_POINT('',(-10.7094760712429,-8.70186099173479,0.8));
#1524=CARTESIAN_POINT('',(-16.3760029296618,-14.5481403532448,0.8));
#1525=CARTESIAN_POINT('Ctrl Pts',(-10.7187831536634,-8.71108369290193,0.8));
#1526=CARTESIAN_POINT('Ctrl Pts',(-10.7420843743492,-8.733933994653,0.8));
#1527=CARTESIAN_POINT('Ctrl Pts',(-10.7886741604381,-8.7796439533413,0.8));
#1528=CARTESIAN_POINT('Ctrl Pts',(-10.8585208737246,-8.84823695693178,0.8));
#1529=CARTESIAN_POINT('Ctrl Pts',(-10.9515738436062,-8.9397504627307,0.8));
#1530=CARTESIAN_POINT('Ctrl Pts',(-11.0677630929032,-9.05423626029267,0.8));
#1531=CARTESIAN_POINT('Ctrl Pts',(-11.1838248926154,-9.16881651341625,0.8));
#1532=CARTESIAN_POINT('Ctrl Pts',(-11.2997586451028,-9.28349202574308,0.8));
#1533=CARTESIAN_POINT('Ctrl Pts',(-11.4155636914692,-9.39826388754341,0.8));
#1534=CARTESIAN_POINT('Ctrl Pts',(-11.5312393641623,-9.51313350039098,0.8));
#1535=CARTESIAN_POINT('Ctrl Pts',(-11.6467850075535,-9.62810232008385,0.8));
#1536=CARTESIAN_POINT('Ctrl Pts',(-11.762200000664,-9.74317159595416,0.8));
#1537=CARTESIAN_POINT('Ctrl Pts',(-11.8774837829979,-9.85834210666802,0.8));
#1538=CARTESIAN_POINT('Ctrl Pts',(-11.9926358823064,-9.9736138976519,0.8));
#1539=CARTESIAN_POINT('Ctrl Pts',(-12.1076559471712,-10.0889860019633,0.8));
#1540=CARTESIAN_POINT('Ctrl Pts',(-12.22254366448,-10.2044569455718,0.8));
#1541=CARTESIAN_POINT('Ctrl Pts',(-12.3372986779707,-10.3200252612581,0.8));
#1542=CARTESIAN_POINT('Ctrl Pts',(-12.4519205092295,-10.4356899999967,0.8));
#1543=CARTESIAN_POINT('Ctrl Pts',(-12.5664084827982,-10.5514512330636,0.8));
#1544=CARTESIAN_POINT('Ctrl Pts',(-12.680761648344,-10.6673105811859,0.8));
#1545=CARTESIAN_POINT('Ctrl Pts',(-12.794978947811,-10.7832704707412,0.8));
#1546=CARTESIAN_POINT('Ctrl Pts',(-12.9090593897833,-10.8993333636281,0.8));
#1547=CARTESIAN_POINT('Ctrl Pts',(-13.0230022265416,-11.0155009885807,0.8));
#1548=CARTESIAN_POINT('Ctrl Pts',(-13.1368071307545,-11.1317735817194,0.8));
#1549=CARTESIAN_POINT('Ctrl Pts',(-13.2504743872238,-11.2481490779899,0.8));
#1550=CARTESIAN_POINT('Ctrl Pts',(-13.3640046094638,-11.3646241559237,0.8));
#1551=CARTESIAN_POINT('Ctrl Pts',(-13.4773984481063,-11.4811953226583,0.8));
#1552=CARTESIAN_POINT('Ctrl Pts',(-13.5906563044737,-11.5978599880061,0.8));
#1553=CARTESIAN_POINT('Ctrl Pts',(-13.7037780497612,-11.7146175239987,0.8));
#1554=CARTESIAN_POINT('Ctrl Pts',(-13.8167627325386,-11.8314703817298,0.8));
#1555=CARTESIAN_POINT('Ctrl Pts',(-13.9296088437978,-11.9484229255788,0.8));
#1556=CARTESIAN_POINT('Ctrl Pts',(-14.0423145983417,-12.0654802102587,0.8));
#1557=CARTESIAN_POINT('Ctrl Pts',(-14.1548782141289,-12.1826467717297,0.8));
#1558=CARTESIAN_POINT('Ctrl Pts',(-14.2672981936579,-12.2999254253783,0.8));
#1559=CARTESIAN_POINT('Ctrl Pts',(-14.379573616163,-12.4173160090646,0.8));
#1560=CARTESIAN_POINT('Ctrl Pts',(-14.4917040825783,-12.5348163282542,0.8));
#1561=CARTESIAN_POINT('Ctrl Pts',(-14.6036896548502,-12.6524231504304,0.8));
#1562=CARTESIAN_POINT('Ctrl Pts',(-14.7155308031724,-12.7701331792991,0.8));
#1563=CARTESIAN_POINT('Ctrl Pts',(-14.8272283537909,-12.8879440232979,0.8));
#1564=CARTESIAN_POINT('Ctrl Pts',(-14.9387834454956,-13.0058551932273,0.8));
#1565=CARTESIAN_POINT('Ctrl Pts',(-15.0501972826216,-13.1238675374927,0.8));
#1566=CARTESIAN_POINT('Ctrl Pts',(-15.1614708871449,-13.2419826431476,0.8));
#1567=CARTESIAN_POINT('Ctrl Pts',(-15.2726048534487,-13.3602022473267,0.8));
#1568=CARTESIAN_POINT('Ctrl Pts',(-15.3835991077816,-13.4785276465716,0.8));
#1569=CARTESIAN_POINT('Ctrl Pts',(-15.4944526603459,-13.5969590915479,0.8));
#1570=CARTESIAN_POINT('Ctrl Pts',(-15.605163922045,-13.7154960460236,0.8));
#1571=CARTESIAN_POINT('Ctrl Pts',(-15.7157310320672,-13.8341374570887,0.8));
#1572=CARTESIAN_POINT('Ctrl Pts',(-15.8261521850693,-13.9528820170703,0.8));
#1573=CARTESIAN_POINT('Ctrl Pts',(-15.9364259609532,-14.0717284243,0.8));
#1574=CARTESIAN_POINT('Ctrl Pts',(-16.04655166275,-14.1906756432989,0.8));
#1575=CARTESIAN_POINT('Ctrl Pts',(-16.1565291104093,-14.3097228950604,0.8));
#1576=CARTESIAN_POINT('Ctrl Pts',(-16.2443925686874,-14.405040293477,0.8));
#1577=CARTESIAN_POINT('Ctrl Pts',(-16.310223612747,-14.4765729767999,0.8));
#1578=CARTESIAN_POINT('Ctrl Pts',(-16.354081417085,-14.5242812569894,0.8));
#1579=CARTESIAN_POINT('Ctrl Pts',(-16.3760029296618,-14.5481403532448,0.8));
#1580=CARTESIAN_POINT('',(-14.8657335993978,-16.0920395727744,0.8));
#1581=CARTESIAN_POINT('Origin',(0.0824718846204964,0.0411931505288288,0.8));
#1582=CARTESIAN_POINT('',(-9.90270387121608,-10.7440886448783,0.8));
#1583=CARTESIAN_POINT('Ctrl Pts',(-14.8657335993978,-16.0920395727744,0.8));
#1584=CARTESIAN_POINT('Ctrl Pts',(-14.8484772203038,-16.0709424700324,0.8));
#1585=CARTESIAN_POINT('Ctrl Pts',(-14.813907858795,-16.0287411117581,0.8));
#1586=CARTESIAN_POINT('Ctrl Pts',(-14.7618840065446,-15.965417615929,0.8));
#1587=CARTESIAN_POINT('Ctrl Pts',(-14.6921790292465,-15.8809433437757,0.8));
#1588=CARTESIAN_POINT('Ctrl Pts',(-14.6044802234011,-15.7752789298452,0.8));
#1589=CARTESIAN_POINT('Ctrl Pts',(-14.5162125135209,-15.6695432318173,0.8));
#1590=CARTESIAN_POINT('Ctrl Pts',(-14.42737493117,-15.5637370285306,0.8));
#1591=CARTESIAN_POINT('Ctrl Pts',(-14.3379673952288,-15.457861841254,0.8));
#1592=CARTESIAN_POINT('Ctrl Pts',(-14.2479911583745,-15.3519200440748,0.8));
#1593=CARTESIAN_POINT('Ctrl Pts',(-14.1574487495524,-15.245914313797,0.8));
#1594=CARTESIAN_POINT('Ctrl Pts',(-14.0663440208814,-15.1398471490879,0.8));
#1595=CARTESIAN_POINT('Ctrl Pts',(-13.974682129492,-15.0337204086215,0.8));
#1596=CARTESIAN_POINT('Ctrl Pts',(-13.8824696705956,-14.9275347365284,0.8));
#1597=CARTESIAN_POINT('Ctrl Pts',(-13.7897144263606,-14.8212893803917,0.8));
#1598=CARTESIAN_POINT('Ctrl Pts',(-13.6964243269187,-14.714982858856,0.8));
#1599=CARTESIAN_POINT('Ctrl Pts',(-13.6026065313789,-14.6086134756543,0.8));
#1600=CARTESIAN_POINT('Ctrl Pts',(-13.508266591889,-14.5021798486949,0.8));
#1601=CARTESIAN_POINT('Ctrl Pts',(-13.4134073110945,-14.3956815480966,0.8));
#1602=CARTESIAN_POINT('Ctrl Pts',(-13.3180287530976,-14.2891192840746,0.8));
#1603=CARTESIAN_POINT('Ctrl Pts',(-13.2221298293685,-14.1824944538995,0.8));
#1604=CARTESIAN_POINT('Ctrl Pts',(-13.1257095788666,-14.0758088350259,0.8));
#1605=CARTESIAN_POINT('Ctrl Pts',(-13.0287684325353,-13.9690642547269,0.8));
#1606=CARTESIAN_POINT('Ctrl Pts',(-12.9313098754432,-13.8622621924905,0.8));
#1607=CARTESIAN_POINT('Ctrl Pts',(-12.8333405313337,-13.7554037155904,0.8));
#1608=CARTESIAN_POINT('Ctrl Pts',(-12.7348685185021,-13.6484897821119,0.8));
#1609=CARTESIAN_POINT('Ctrl Pts',(-12.6359022177913,-13.5415214688917,0.8));
#1610=CARTESIAN_POINT('Ctrl Pts',(-12.5364490275961,-13.4345001844083,0.8));
#1611=CARTESIAN_POINT('Ctrl Pts',(-12.4365137970306,-13.3274280061127,0.8));
#1612=CARTESIAN_POINT('Ctrl Pts',(-12.3360987316826,-13.2203075186503,0.8));
#1613=CARTESIAN_POINT('Ctrl Pts',(-12.2352048183683,-13.1131411588098,0.8));
#1614=CARTESIAN_POINT('Ctrl Pts',(-12.1338329070558,-13.0059306523127,0.8));
#1615=CARTESIAN_POINT('Ctrl Pts',(-12.0319848145185,-12.8986765057689,0.8));
#1616=CARTESIAN_POINT('Ctrl Pts',(-11.9296647523478,-12.7913772471711,0.8));
#1617=CARTESIAN_POINT('Ctrl Pts',(-11.8268794275456,-12.6840296267644,0.8));
#1618=CARTESIAN_POINT('Ctrl Pts',(-11.7236366248316,-12.576629884731,0.8));
#1619=CARTESIAN_POINT('Ctrl Pts',(-11.6199441515412,-12.4691747925657,0.8));
#1620=CARTESIAN_POINT('Ctrl Pts',(-11.5158087610163,-12.3616626713823,0.8));
#1621=CARTESIAN_POINT('Ctrl Pts',(-11.4112348244562,-12.2540947085892,0.8));
#1622=CARTESIAN_POINT('Ctrl Pts',(-11.3062240825872,-12.1464751478801,0.8));
#1623=CARTESIAN_POINT('Ctrl Pts',(-11.2007770219754,-12.0388097954328,0.8));
#1624=CARTESIAN_POINT('Ctrl Pts',(-11.0948939051241,-11.9311049010476,0.8));
#1625=CARTESIAN_POINT('Ctrl Pts',(-10.9885758688983,-11.8233659685714,0.8));
#1626=CARTESIAN_POINT('Ctrl Pts',(-10.8818262046843,-11.715596411832,0.8));
#1627=CARTESIAN_POINT('Ctrl Pts',(-10.7746509351,-11.6077968764099,0.8));
#1628=CARTESIAN_POINT('Ctrl Pts',(-10.6670576539972,-11.4999662014056,0.8));
#1629=CARTESIAN_POINT('Ctrl Pts',(-10.5590547171434,-11.3921020586245,0.8));
#1630=CARTESIAN_POINT('Ctrl Pts',(-10.4506503310086,-11.2842016971674,0.8));
#1631=CARTESIAN_POINT('Ctrl Pts',(-10.3418516422075,-11.1762626899435,0.8));
#1632=CARTESIAN_POINT('Ctrl Pts',(-10.2326640003739,-11.0682835377304,0.8));
#1633=CARTESIAN_POINT('Ctrl Pts',(-10.1230912401787,-10.9602633926008,0.8));
#1634=CARTESIAN_POINT('Ctrl Pts',(-10.0351269169092,-10.873814197424,0.8));
#1635=CARTESIAN_POINT('Ctrl Pts',(-9.96898208137776,-10.8089586640462,0.8));
#1636=CARTESIAN_POINT('Ctrl Pts',(-9.9248093102782,-10.7657133642042,0.8));
#1637=CARTESIAN_POINT('Ctrl Pts',(-9.90270387121608,-10.7440886448783,0.8));
#1638=CARTESIAN_POINT('',(-11.2425948067531,-18.813286950216,0.8));
#1639=CARTESIAN_POINT('Ctrl Pts',(-9.90270387121608,-10.7440886448783,0.8));
#1640=CARTESIAN_POINT('Ctrl Pts',(-9.88825582683013,-10.7881845436536,0.8));
#1641=CARTESIAN_POINT('Ctrl Pts',(-9.85985859826896,-10.8761604884121,0.8));
#1642=CARTESIAN_POINT('Ctrl Pts',(-9.81875933597118,-11.0074768472384,0.8));
#1643=CARTESIAN_POINT('Ctrl Pts',(-9.76695543094242,-11.1812693649535,0.8));
#1644=CARTESIAN_POINT('Ctrl Pts',(-9.70720550569142,-11.3963429609156,0.8));
#1645=CARTESIAN_POINT('Ctrl Pts',(-9.65248026637125,-11.6092366212486,0.8));
#1646=CARTESIAN_POINT('Ctrl Pts',(-9.60280437264253,-11.8199309801695,0.8));
#1647=CARTESIAN_POINT('Ctrl Pts',(-9.55820564107065,-12.0283994737808,0.8));
#1648=CARTESIAN_POINT('Ctrl Pts',(-9.51871314455321,-12.2346077327444,0.8));
#1649=CARTESIAN_POINT('Ctrl Pts',(-9.48435529791543,-12.4385127956254,0.8));
#1650=CARTESIAN_POINT('Ctrl Pts',(-9.4551565867053,-12.6400655838633,0.8));
#1651=CARTESIAN_POINT('Ctrl Pts',(-9.43113412817659,-12.8392136321992,0.8));
#1652=CARTESIAN_POINT('Ctrl Pts',(-9.4122940628513,-13.0359038280238,0.8));
#1653=CARTESIAN_POINT('Ctrl Pts',(-9.39862800689718,-13.23008510171,0.8));
#1654=CARTESIAN_POINT('Ctrl Pts',(-9.3901089004203,-13.4217114726457,0.8));
#1655=CARTESIAN_POINT('Ctrl Pts',(-9.38668813994722,-13.610744211093,0.8));
#1656=CARTESIAN_POINT('Ctrl Pts',(-9.38829740639027,-13.7971508236162,0.8));
#1657=CARTESIAN_POINT('Ctrl Pts',(-9.39484956175983,-13.9809046436065,0.8));
#1658=CARTESIAN_POINT('Ctrl Pts',(-9.40623971178933,-14.1619842555489,0.8));
#1659=CARTESIAN_POINT('Ctrl Pts',(-9.42234602314168,-14.340373121294,0.8));
#1660=CARTESIAN_POINT('Ctrl Pts',(-9.44303041232804,-14.5160591026888,0.8));
#1661=CARTESIAN_POINT('Ctrl Pts',(-9.4681396623122,-14.6890352876166,0.8));
#1662=CARTESIAN_POINT('Ctrl Pts',(-9.49750653051204,-14.8593010123585,0.8));
#1663=CARTESIAN_POINT('Ctrl Pts',(-9.5309506610259,-15.0268629631505,0.8));
#1664=CARTESIAN_POINT('Ctrl Pts',(-9.56827950904653,-15.191736207341,0.8));
#1665=CARTESIAN_POINT('Ctrl Pts',(-9.60928887842505,-15.3539456974121,0.8));
#1666=CARTESIAN_POINT('Ctrl Pts',(-9.65376492584515,-15.5135254906263,0.8));
#1667=CARTESIAN_POINT('Ctrl Pts',(-9.70148656441056,-15.670517260749,0.8));
#1668=CARTESIAN_POINT('Ctrl Pts',(-9.75222766238939,-15.8249691301441,0.8));
#1669=CARTESIAN_POINT('Ctrl Pts',(-9.80575912471891,-15.9769344724268,0.8));
#1670=CARTESIAN_POINT('Ctrl Pts',(-9.86185116821272,-16.1264707855383,0.8));
#1671=CARTESIAN_POINT('Ctrl Pts',(-9.92027358248726,-16.2736388541961,0.8));
#1672=CARTESIAN_POINT('Ctrl Pts',(-9.98079545263082,-16.4185020370133,0.8));
#1673=CARTESIAN_POINT('Ctrl Pts',(-10.0431849975966,-16.5611255823745,0.8));
#1674=CARTESIAN_POINT('Ctrl Pts',(-10.1072093021055,-16.7015760020805,0.8));
#1675=CARTESIAN_POINT('Ctrl Pts',(-10.1726340152578,-16.8399204935109,0.8));
#1676=CARTESIAN_POINT('Ctrl Pts',(-10.239226497603,-16.9762263373527,0.8));
#1677=CARTESIAN_POINT('Ctrl Pts',(-10.3067591678826,-17.1105603618036,0.8));
#1678=CARTESIAN_POINT('Ctrl Pts',(-10.3750124340139,-17.2429883869035,0.8));
#1679=CARTESIAN_POINT('Ctrl Pts',(-10.4437785392763,-17.3735748509232,0.8));
#1680=CARTESIAN_POINT('Ctrl Pts',(-10.5128626365779,-17.5023820301019,0.8));
#1681=CARTESIAN_POINT('Ctrl Pts',(-10.5820773032806,-17.6294682505081,0.8));
#1682=CARTESIAN_POINT('Ctrl Pts',(-10.6512379090531,-17.7548862540204,0.8));
#1683=CARTESIAN_POINT('Ctrl Pts',(-10.7201585336309,-17.8786816934186,0.8));
#1684=CARTESIAN_POINT('Ctrl Pts',(-10.7886454099249,-18.0008912077017,0.8));
#1685=CARTESIAN_POINT('Ctrl Pts',(-10.8565052677425,-18.1215431076329,0.8));
#1686=CARTESIAN_POINT('Ctrl Pts',(-10.9235597191674,-18.2406590630277,0.8));
#1687=CARTESIAN_POINT('Ctrl Pts',(-10.9896567204877,-18.3582554213904,0.8));
#1688=CARTESIAN_POINT('Ctrl Pts',(-11.0546856061741,-18.4743448532456,0.8));
#1689=CARTESIAN_POINT('Ctrl Pts',(-11.1185834417606,-18.588937424231,0.8));
#1690=CARTESIAN_POINT('Ctrl Pts',(-11.1687726939918,-18.6794197527058,0.8));
#1691=CARTESIAN_POINT('Ctrl Pts',(-11.2058883079561,-18.7466131113315,0.8));
#1692=CARTESIAN_POINT('Ctrl Pts',(-11.2303982701602,-18.7911118153058,0.8));
#1693=CARTESIAN_POINT('Ctrl Pts',(-11.2425948067531,-18.813286950216,0.8));
#1694=CARTESIAN_POINT('',(-8.75236986258086,-20.1011405394964,0.8));
#1695=CARTESIAN_POINT('Origin',(0.097666268365022,0.0630105070655085,0.8));
#1696=CARTESIAN_POINT('',(-0.560732651752134,-13.7928110961203,0.8));
#1697=CARTESIAN_POINT('Ctrl Pts',(-8.75236986258086,-20.1011405394964,0.8));
#1698=CARTESIAN_POINT('Ctrl Pts',(-8.72533923677436,-20.0525356782244,0.8));
#1699=CARTESIAN_POINT('Ctrl Pts',(-8.67127563143062,-19.955712759944,0.8));
#1700=CARTESIAN_POINT('Ctrl Pts',(-8.59017316213667,-19.8116387953368,0.8));
#1701=CARTESIAN_POINT('Ctrl Pts',(-8.4820224054162,-19.6218625128912,0.8));
#1702=CARTESIAN_POINT('Ctrl Pts',(-8.34680837955295,-19.3885245768152,0.8));
#1703=CARTESIAN_POINT('Ctrl Pts',(-8.21156279137485,-19.15908942928,0.8));
#1704=CARTESIAN_POINT('Ctrl Pts',(-8.07627370994988,-18.9335863733117,0.8));
#1705=CARTESIAN_POINT('Ctrl Pts',(-7.9409213399768,-18.7120539153498,0.8));
#1706=CARTESIAN_POINT('Ctrl Pts',(-7.80547587990218,-18.494540171937,0.8));
#1707=CARTESIAN_POINT('Ctrl Pts',(-7.66989597331444,-18.2811026483827,0.8));
#1708=CARTESIAN_POINT('Ctrl Pts',(-7.53413023103008,-18.0718050194276,0.8));
#1709=CARTESIAN_POINT('Ctrl Pts',(-7.39811831526564,-17.8667142868006,0.8));
#1710=CARTESIAN_POINT('Ctrl Pts',(-7.26179221492499,-17.6658975524441,0.8));
#1711=CARTESIAN_POINT('Ctrl Pts',(-7.12507732830225,-17.4694191487756,0.8));
#1712=CARTESIAN_POINT('Ctrl Pts',(-6.98789385933344,-17.2773367025693,0.8));
#1713=CARTESIAN_POINT('Ctrl Pts',(-6.85015679686184,-17.0897016846806,0.8));
#1714=CARTESIAN_POINT('Ctrl Pts',(-6.71177525571494,-16.9065619854764,0.8));
#1715=CARTESIAN_POINT('Ctrl Pts',(-6.57265199305452,-16.7279637476581,0.8));
#1716=CARTESIAN_POINT('Ctrl Pts',(-6.43268290916593,-16.5539533166988,0.8));
#1717=CARTESIAN_POINT('Ctrl Pts',(-6.29175641737868,-16.3845791517197,0.8));
#1718=CARTESIAN_POINT('Ctrl Pts',(-6.14975340373766,-16.2198930886354,0.8));
#1719=CARTESIAN_POINT('Ctrl Pts',(-6.00654791249165,-16.0599507735344,0.8));
#1720=CARTESIAN_POINT('Ctrl Pts',(-5.8620076269955,-15.9048122260576,0.8));
#1721=CARTESIAN_POINT('Ctrl Pts',(-5.71599450126202,-15.754542186401,0.8));
#1722=CARTESIAN_POINT('Ctrl Pts',(-5.56836521932495,-15.6092105333595,0.8));
#1723=CARTESIAN_POINT('Ctrl Pts',(-5.41897226928524,-15.4688921362094,0.8));
#1724=CARTESIAN_POINT('Ctrl Pts',(-5.26766560742472,-15.3336661657156,0.8));
#1725=CARTESIAN_POINT('Ctrl Pts',(-5.11429418102591,-15.2036154524673,0.8));
#1726=CARTESIAN_POINT('Ctrl Pts',(-4.95870759635898,-15.0788256573722,0.8));
#1727=CARTESIAN_POINT('Ctrl Pts',(-4.80075768335504,-14.9593844768382,0.8));
#1728=CARTESIAN_POINT('Ctrl Pts',(-4.64030082460882,-14.8453800833531,0.8));
#1729=CARTESIAN_POINT('Ctrl Pts',(-4.47720059869574,-14.7368992269468,0.8));
#1730=CARTESIAN_POINT('Ctrl Pts',(-4.3113303462461,-14.6340253413138,0.8));
#1731=CARTESIAN_POINT('Ctrl Pts',(-4.14257599505637,-14.5368363951865,0.8));
#1732=CARTESIAN_POINT('Ctrl Pts',(-3.97083852184671,-14.4454029304458,0.8));
#1733=CARTESIAN_POINT('Ctrl Pts',(-3.79603244765991,-14.3597886055597,0.8));
#1734=CARTESIAN_POINT('Ctrl Pts',(-3.61808461901422,-14.280050555822,0.8));
#1735=CARTESIAN_POINT('Ctrl Pts',(-3.4369332315437,-14.2062393432014,0.8));
#1736=CARTESIAN_POINT('Ctrl Pts',(-3.25252631092371,-14.13839962215,0.8));
#1737=CARTESIAN_POINT('Ctrl Pts',(-3.06482269541317,-14.0765675311988,0.8));
#1738=CARTESIAN_POINT('Ctrl Pts',(-2.87379555329893,-14.0207648069749,0.8));
#1739=CARTESIAN_POINT('Ctrl Pts',(-2.67943555872499,-13.9709932747242,0.8));
#1740=CARTESIAN_POINT('Ctrl Pts',(-2.48175386728036,-13.92722965155,0.8));
#1741=CARTESIAN_POINT('Ctrl Pts',(-2.28078657012572,-13.8894181954179,0.8));
#1742=CARTESIAN_POINT('Ctrl Pts',(-2.07658809290095,-13.8574791936131,0.8));
#1743=CARTESIAN_POINT('Ctrl Pts',(-1.86922233723297,-13.8313206626302,0.8));
#1744=CARTESIAN_POINT('Ctrl Pts',(-1.65875473531143,-13.8108487215113,0.8));
#1745=CARTESIAN_POINT('Ctrl Pts',(-1.44524399012377,-13.7959783831074,0.8));
#1746=CARTESIAN_POINT('Ctrl Pts',(-1.22873411686985,-13.7866439090122,0.8));
#1747=CARTESIAN_POINT('Ctrl Pts',(-1.00925620584594,-13.7827971856028,0.8));
#1748=CARTESIAN_POINT('Ctrl Pts',(-0.831315356608155,-13.7840843262402,
0.8));
#1749=CARTESIAN_POINT('Ctrl Pts',(-0.696537763562001,-13.7874967089939,
0.8));
#1750=CARTESIAN_POINT('Ctrl Pts',(-0.606098881287082,-13.7908584904662,
0.8));
#1751=CARTESIAN_POINT('Ctrl Pts',(-0.560732651752134,-13.7928110961203,
0.8));
#1752=CARTESIAN_POINT('',(2.70408878848758,-13.5378404833997,0.8));
#1753=CARTESIAN_POINT('Origin',(0.00425723094561875,0.0026746067925143,
0.8));
#1754=CARTESIAN_POINT('',(0.412231519273218,-17.1203804465473,0.8));
#1755=CARTESIAN_POINT('Ctrl Pts',(2.70408878848758,-13.5378404833997,0.8));
#1756=CARTESIAN_POINT('Ctrl Pts',(2.69470475220743,-13.5520331288489,0.8));
#1757=CARTESIAN_POINT('Ctrl Pts',(2.67594093276338,-13.5804206590364,0.8));
#1758=CARTESIAN_POINT('Ctrl Pts',(2.64780796294538,-13.6230086721848,0.8));
#1759=CARTESIAN_POINT('Ctrl Pts',(2.61032287184386,-13.6798061342028,0.8));
#1760=CARTESIAN_POINT('Ctrl Pts',(2.56350917436825,-13.750825521693,0.8));
#1761=CARTESIAN_POINT('Ctrl Pts',(2.51673829891601,-13.8218678389048,0.8));
#1762=CARTESIAN_POINT('Ctrl Pts',(2.47001043056024,-13.8929337594833,0.8));
#1763=CARTESIAN_POINT('Ctrl Pts',(2.4233257643884,-13.9640243477255,0.8));
#1764=CARTESIAN_POINT('Ctrl Pts',(2.3766844852235,-14.0351411456318,0.8));
#1765=CARTESIAN_POINT('Ctrl Pts',(2.33008673072559,-14.1062858658824,0.8));
#1766=CARTESIAN_POINT('Ctrl Pts',(2.2835325535317,-14.1774600846224,0.8));
#1767=CARTESIAN_POINT('Ctrl Pts',(2.23702188236436,-14.2486649334565,0.8));
#1768=CARTESIAN_POINT('Ctrl Pts',(2.19055448201453,-14.3199007898951,0.8));
#1769=CARTESIAN_POINT('Ctrl Pts',(2.14412991216801,-14.3911669659653,0.8));
#1770=CARTESIAN_POINT('Ctrl Pts',(2.09774758655074,-14.462462111112,0.8));
#1771=CARTESIAN_POINT('Ctrl Pts',(2.05140683088767,-14.5337846129423,0.8));
#1772=CARTESIAN_POINT('Ctrl Pts',(2.0051069398718,-14.60513299693,0.8));
#1773=CARTESIAN_POINT('Ctrl Pts',(1.95884723320654,-14.6765063259265,0.8));
#1774=CARTESIAN_POINT('Ctrl Pts',(1.9126271109575,-14.7479045998736,0.8));
#1775=CARTESIAN_POINT('Ctrl Pts',(1.86644623384693,-14.8193285199118,0.8));
#1776=CARTESIAN_POINT('Ctrl Pts',(1.82030470323131,-14.8907792537285,0.8));
#1777=CARTESIAN_POINT('Ctrl Pts',(1.7742032410857,-14.9622582011826,0.8));
#1778=CARTESIAN_POINT('Ctrl Pts',(1.72814337062359,-15.0337667598568,0.8));
#1779=CARTESIAN_POINT('Ctrl Pts',(1.68212759708141,-15.1053060901458,0.8));
#1780=CARTESIAN_POINT('Ctrl Pts',(1.63615878363039,-15.1768770607286,0.8));
#1781=CARTESIAN_POINT('Ctrl Pts',(1.59023952765831,-15.2484801926981,0.8));
#1782=CARTESIAN_POINT('Ctrl Pts',(1.54437153553728,-15.3201156024619,0.8));
#1783=CARTESIAN_POINT('Ctrl Pts',(1.49855499434313,-15.391782943124,0.8));
#1784=CARTESIAN_POINT('Ctrl Pts',(1.45278794067063,-15.4634813444965,0.8));
#1785=CARTESIAN_POINT('Ctrl Pts',(1.40706712180334,-15.5352095777097,0.8));
#1786=CARTESIAN_POINT('Ctrl Pts',(1.36138885225434,-15.6069662183233,0.8));
#1787=CARTESIAN_POINT('Ctrl Pts',(1.31574986881055,-15.6787498085261,0.8));
#1788=CARTESIAN_POINT('Ctrl Pts',(1.27014818576798,-15.7505590186731,0.8));
#1789=CARTESIAN_POINT('Ctrl Pts',(1.22458395085647,-15.8223928085472,0.8));
#1790=CARTESIAN_POINT('Ctrl Pts',(1.17905882961771,-15.894250581555,0.8));
#1791=CARTESIAN_POINT('Ctrl Pts',(1.13357539314211,-15.9661323393418,0.8));
#1792=CARTESIAN_POINT('Ctrl Pts',(1.08813650643073,-16.0380388370027,0.8));
#1793=CARTESIAN_POINT('Ctrl Pts',(1.0427447164919,-16.1099717394892,0.8));
#1794=CARTESIAN_POINT('Ctrl Pts',(0.997401639361025,-16.1819337787473,0.8));
#1795=CARTESIAN_POINT('Ctrl Pts',(0.952108097615165,-16.2539281274254,0.8));
#1796=CARTESIAN_POINT('Ctrl Pts',(0.90686425479835,-16.3259577733742,0.8));
#1797=CARTESIAN_POINT('Ctrl Pts',(0.861669747780399,-16.3980248930714,0.8));
#1798=CARTESIAN_POINT('Ctrl Pts',(0.81652381700942,-16.4701302225048,0.8));
#1799=CARTESIAN_POINT('Ctrl Pts',(0.771425435030642,-16.5422724253841,0.8));
#1800=CARTESIAN_POINT('Ctrl Pts',(0.726373416034737,-16.6144487278789,0.8));
#1801=CARTESIAN_POINT('Ctrl Pts',(0.681366524169261,-16.6866555488314,0.8));
#1802=CARTESIAN_POINT('Ctrl Pts',(0.63640358081158,-16.7588891280522,0.8));
#1803=CARTESIAN_POINT('Ctrl Pts',(0.591483571066894,-16.8311461535727,0.8));
#1804=CARTESIAN_POINT('Ctrl Pts',(0.546605749670711,-16.9034243891048,0.8));
#1805=CARTESIAN_POINT('Ctrl Pts',(0.501769604040987,-16.9757224643516,0.8));
#1806=CARTESIAN_POINT('Ctrl Pts',(0.465933774392527,-17.033576226342,0.8));
#1807=CARTESIAN_POINT('Ctrl Pts',(0.439075441703258,-17.0769750371812,0.8));
#1808=CARTESIAN_POINT('Ctrl Pts',(0.421178121010866,-17.1059113483274,0.8));
#1809=CARTESIAN_POINT('Ctrl Pts',(0.412231519273218,-17.1203804465473,0.8));
#1810=CARTESIAN_POINT('',(-8.66786537448857,-20.1379985303839,0.8));
#1811=CARTESIAN_POINT('Ctrl Pts',(0.412231519273218,-17.1203804465473,0.8));
#1812=CARTESIAN_POINT('Ctrl Pts',(0.376609514568261,-17.1339994115426,0.8));
#1813=CARTESIAN_POINT('Ctrl Pts',(0.305358308890746,-17.1612040800956,0.8));
#1814=CARTESIAN_POINT('Ctrl Pts',(0.198459911577467,-17.2019112986134,0.8));
#1815=CARTESIAN_POINT('Ctrl Pts',(0.0558855093951442,-17.2559878913541,
0.8));
#1816=CARTESIAN_POINT('Ctrl Pts',(-0.122405021443889,-17.3232502078169,
0.8));
#1817=CARTESIAN_POINT('Ctrl Pts',(-0.300769354807253,-17.3901786264987,
0.8));
#1818=CARTESIAN_POINT('Ctrl Pts',(-0.479209826672395,-17.4567731877372,
0.8));
#1819=CARTESIAN_POINT('Ctrl Pts',(-0.657730145763765,-17.5230348512257,
0.8));
#1820=CARTESIAN_POINT('Ctrl Pts',(-0.836335692718475,-17.5889658981108,
0.8));
#1821=CARTESIAN_POINT('Ctrl Pts',(-1.01503292965605,-17.6545695057244,0.8));
#1822=CARTESIAN_POINT('Ctrl Pts',(-1.19382881988516,-17.7198493412457,0.8));
#1823=CARTESIAN_POINT('Ctrl Pts',(-1.37273024805016,-17.7848091607396,0.8));
#1824=CARTESIAN_POINT('Ctrl Pts',(-1.55174342624201,-17.8494524115729,0.8));
#1825=CARTESIAN_POINT('Ctrl Pts',(-1.73087333347476,-17.9137818537524,0.8));
#1826=CARTESIAN_POINT('Ctrl Pts',(-1.91012428716384,-17.9777996219031,0.8));
#1827=CARTESIAN_POINT('Ctrl Pts',(-2.08950048153803,-18.0415072784128,0.8));
#1828=CARTESIAN_POINT('Ctrl Pts',(-2.26900652548672,-18.1049058784785,0.8));
#1829=CARTESIAN_POINT('Ctrl Pts',(-2.44864799849358,-18.1679960338578,0.8));
#1830=CARTESIAN_POINT('Ctrl Pts',(-2.62843193926486,-18.2307779948492,0.8));
#1831=CARTESIAN_POINT('Ctrl Pts',(-2.80836603284578,-18.2932519524877,0.8));
#1832=CARTESIAN_POINT('Ctrl Pts',(-2.98845784776749,-18.3554183413998,0.8));
#1833=CARTESIAN_POINT('Ctrl Pts',(-3.16871406614323,-18.417278142939,0.8));
#1834=CARTESIAN_POINT('Ctrl Pts',(-3.34913967425261,-18.4788332176457,0.8));
#1835=CARTESIAN_POINT('Ctrl Pts',(-3.52973726416999,-18.5400865810938,0.8));
#1836=CARTESIAN_POINT('Ctrl Pts',(-3.71050804930903,-18.6010417726603,0.8));
#1837=CARTESIAN_POINT('Ctrl Pts',(-3.89145278190588,-18.661702278358,0.8));
#1838=CARTESIAN_POINT('Ctrl Pts',(-4.07257268183651,-18.7220709551464,0.8));
#1839=CARTESIAN_POINT('Ctrl Pts',(-4.25387040058454,-18.7821494306558,0.8));
#1840=CARTESIAN_POINT('Ctrl Pts',(-4.4353508417208,-18.8419376075847,0.8));
#1841=CARTESIAN_POINT('Ctrl Pts',(-4.61702018521426,-18.9014344239708,0.8));
#1842=CARTESIAN_POINT('Ctrl Pts',(-4.79888502371758,-18.9606385404982,0.8));
#1843=CARTESIAN_POINT('Ctrl Pts',(-4.98095147100963,-19.0195490459631,0.8));
#1844=CARTESIAN_POINT('Ctrl Pts',(-5.16322423402739,-19.0781662019276,0.8));
#1845=CARTESIAN_POINT('Ctrl Pts',(-5.34570581217666,-19.1364920730439,0.8));
#1846=CARTESIAN_POINT('Ctrl Pts',(-5.52839730318285,-19.1945297165653,0.8));
#1847=CARTESIAN_POINT('Ctrl Pts',(-5.71129909250113,-19.2522824762698,0.8));
#1848=CARTESIAN_POINT('Ctrl Pts',(-5.89441156642088,-19.3097532599653,0.8));
#1849=CARTESIAN_POINT('Ctrl Pts',(-6.07773583737006,-19.3669437988978,0.8));
#1850=CARTESIAN_POINT('Ctrl Pts',(-6.26127437699048,-19.4238540134525,0.8));
#1851=CARTESIAN_POINT('Ctrl Pts',(-6.44503047059283,-19.4804827077065,0.8));
#1852=CARTESIAN_POINT('Ctrl Pts',(-6.62900774658414,-19.5368281810484,0.8));
#1853=CARTESIAN_POINT('Ctrl Pts',(-6.81320967867548,-19.5928888687049,0.8));
#1854=CARTESIAN_POINT('Ctrl Pts',(-6.9976390793947,-19.6486639978216,0.8));
#1855=CARTESIAN_POINT('Ctrl Pts',(-7.18229762919773,-19.7041541900588,0.8));
#1856=CARTESIAN_POINT('Ctrl Pts',(-7.36718611379275,-19.7593610552974,0.8));
#1857=CARTESIAN_POINT('Ctrl Pts',(-7.55230461434878,-19.8142868502121,0.8));
#1858=CARTESIAN_POINT('Ctrl Pts',(-7.73765270693199,-19.8689341235077,0.8));
#1859=CARTESIAN_POINT('Ctrl Pts',(-7.92322965052864,-19.9233053726323,0.8));
#1860=CARTESIAN_POINT('Ctrl Pts',(-8.10903457059464,-19.9774027130218,0.8));
#1861=CARTESIAN_POINT('Ctrl Pts',(-8.29506658111807,-20.0312278465533,0.8));
#1862=CARTESIAN_POINT('Ctrl Pts',(-8.44407323984527,-20.0740711883938,0.8));
#1863=CARTESIAN_POINT('Ctrl Pts',(-8.55592982516915,-20.1060821111378,0.8));
#1864=CARTESIAN_POINT('Ctrl Pts',(-8.63054600433467,-20.1273687243017,0.8));
#1865=CARTESIAN_POINT('Ctrl Pts',(-8.66786537448857,-20.1379985303839,0.8));
#1866=CARTESIAN_POINT('',(-7.1693982199068,-20.7240044319238,0.8));
#1867=CARTESIAN_POINT('Origin',(0.10175637342708,0.0778162783514924,0.8));
#1868=CARTESIAN_POINT('',(-0.378427404167589,-18.4180471513615,0.8));
#1869=CARTESIAN_POINT('Ctrl Pts',(-7.1693982199068,-20.7240044319238,0.8));
#1870=CARTESIAN_POINT('Ctrl Pts',(-7.14180644188965,-20.7153323304692,0.8));
#1871=CARTESIAN_POINT('Ctrl Pts',(-7.08663188488008,-20.6979780976002,0.8));
#1872=CARTESIAN_POINT('Ctrl Pts',(-7.00389704643709,-20.6719166584127,0.8));
#1873=CARTESIAN_POINT('Ctrl Pts',(-6.89363795784858,-20.6371078539038,0.8));
#1874=CARTESIAN_POINT('Ctrl Pts',(-6.75590433647333,-20.5934960553819,0.8));
#1875=CARTESIAN_POINT('Ctrl Pts',(-6.61826117275495,-20.549782574331,0.8));
#1876=CARTESIAN_POINT('Ctrl Pts',(-6.48070863566689,-20.5059659263079,0.8));
#1877=CARTESIAN_POINT('Ctrl Pts',(-6.34324676743892,-20.4620439060143,0.8));
#1878=CARTESIAN_POINT('Ctrl Pts',(-6.20587539977648,-20.418013445446,0.8));
#1879=CARTESIAN_POINT('Ctrl Pts',(-6.0685942788948,-20.3738712778236,0.8));
#1880=CARTESIAN_POINT('Ctrl Pts',(-5.93140319185611,-20.3296146154958,0.8));
#1881=CARTESIAN_POINT('Ctrl Pts',(-5.79430209199455,-20.2852418348729,0.8));
#1882=CARTESIAN_POINT('Ctrl Pts',(-5.65729121788153,-20.2407531451151,0.8));
#1883=CARTESIAN_POINT('Ctrl Pts',(-5.52037122576031,-20.1961513237573,0.8));
#1884=CARTESIAN_POINT('Ctrl Pts',(-5.38354288271495,-20.1514406168835,0.8));
#1885=CARTESIAN_POINT('Ctrl Pts',(-5.24680674510245,-20.1066255836758,0.8));
#1886=CARTESIAN_POINT('Ctrl Pts',(-5.11016283405779,-20.0617099536072,0.8));
#1887=CARTESIAN_POINT('Ctrl Pts',(-4.97361032100019,-20.0166955083664,0.8));
#1888=CARTESIAN_POINT('Ctrl Pts',(-4.83714716999802,-19.9715808744592,0.8));
#1889=CARTESIAN_POINT('Ctrl Pts',(-4.70077072937526,-19.9263624912352,0.8));
#1890=CARTESIAN_POINT('Ctrl Pts',(-4.56447836044596,-19.8810356753472,0.8));
#1891=CARTESIAN_POINT('Ctrl Pts',(-4.42826805950835,-19.8355956584064,0.8));
#1892=CARTESIAN_POINT('Ctrl Pts',(-4.29213905949835,-19.7900386164875,0.8));
#1893=CARTESIAN_POINT('Ctrl Pts',(-4.15609250051332,-19.7443627662223,0.8));
#1894=CARTESIAN_POINT('Ctrl Pts',(-4.02013057598363,-19.6985679588915,0.8));
#1895=CARTESIAN_POINT('Ctrl Pts',(-3.88425560585462,-19.6526552007635,0.8));
#1896=CARTESIAN_POINT('Ctrl Pts',(-3.74846912176017,-19.6066262053337,0.8));
#1897=CARTESIAN_POINT('Ctrl Pts',(-3.61277097374531,-19.5604829416413,0.8));
#1898=CARTESIAN_POINT('Ctrl Pts',(-3.47715833874668,-19.5142271781647,0.8));
#1899=CARTESIAN_POINT('Ctrl Pts',(-3.34162683266707,-19.4678603055222,0.8));
#1900=CARTESIAN_POINT('Ctrl Pts',(-3.20617172210155,-19.421383178136,0.8));
#1901=CARTESIAN_POINT('Ctrl Pts',(-3.07078911025551,-19.3747959472138,0.8));
#1902=CARTESIAN_POINT('Ctrl Pts',(-2.9354770995337,-19.3280979066256,0.8));
#1903=CARTESIAN_POINT('Ctrl Pts',(-2.80023705709602,-19.2812873127585,0.8));
#1904=CARTESIAN_POINT('Ctrl Pts',(-2.66507237783326,-19.234361795743,0.8));
#1905=CARTESIAN_POINT('Ctrl Pts',(-2.52998713398672,-19.1873187977895,0.8));
#1906=CARTESIAN_POINT('Ctrl Pts',(-2.3949847549804,-19.1401560080469,0.8));
#1907=CARTESIAN_POINT('Ctrl Pts',(-2.26006671891006,-19.0928717932146,0.8));
#1908=CARTESIAN_POINT('Ctrl Pts',(-2.12523115793824,-19.0454656603799,0.8));
#1909=CARTESIAN_POINT('Ctrl Pts',(-1.99047389787887,-18.9979378888422,0.8));
#1910=CARTESIAN_POINT('Ctrl Pts',(-1.8557895877957,-18.9502891333243,0.8));
#1911=CARTESIAN_POINT('Ctrl Pts',(-1.72117279624223,-18.9025200399961,0.8));
#1912=CARTESIAN_POINT('Ctrl Pts',(-1.58661910516109,-18.8546308660477,0.8));
#1913=CARTESIAN_POINT('Ctrl Pts',(-1.45212624079965,-18.8066210861398,0.8));
#1914=CARTESIAN_POINT('Ctrl Pts',(-1.31769357768089,-18.7584896438177,0.8));
#1915=CARTESIAN_POINT('Ctrl Pts',(-1.18332159790662,-18.7102352224916,0.8));
#1916=CARTESIAN_POINT('Ctrl Pts',(-1.04901136738724,-18.6618565124769,0.8));
#1917=CARTESIAN_POINT('Ctrl Pts',(-0.914764008073542,-18.6133524810703,
0.8));
#1918=CARTESIAN_POINT('Ctrl Pts',(-0.780580162947606,-18.5647226506882,
0.8));
#1919=CARTESIAN_POINT('Ctrl Pts',(-0.646460113791005,-18.5159669371133,
0.8));
#1920=CARTESIAN_POINT('Ctrl Pts',(-0.539215148524171,-18.4768617748409,
0.8));
#1921=CARTESIAN_POINT('Ctrl Pts',(-0.458810123075476,-18.4474764160171,
0.8));
#1922=CARTESIAN_POINT('Ctrl Pts',(-0.405219519371353,-18.4278610877544,
0.8));
#1923=CARTESIAN_POINT('Ctrl Pts',(-0.37842740416759,-18.4180471513615,0.8));
#1924=CARTESIAN_POINT('',(-2.34888631101068,-21.8204274279389,0.8));
#1925=CARTESIAN_POINT('Ctrl Pts',(-0.37842740416759,-18.4180471513615,0.8));
#1926=CARTESIAN_POINT('Ctrl Pts',(-0.386527930725105,-18.4315162599348,
0.8));
#1927=CARTESIAN_POINT('Ctrl Pts',(-0.402724633125436,-18.458457833649,0.8));
#1928=CARTESIAN_POINT('Ctrl Pts',(-0.427006634582406,-18.4988802639232,
0.8));
#1929=CARTESIAN_POINT('Ctrl Pts',(-0.459356515230396,-18.5527969901463,
0.8));
#1930=CARTESIAN_POINT('Ctrl Pts',(-0.49975025728601,-18.6202263689423,0.8));
#1931=CARTESIAN_POINT('Ctrl Pts',(-0.540100341685349,-18.687688736973,0.8));
#1932=CARTESIAN_POINT('Ctrl Pts',(-0.580406799885334,-18.7551830300359,
0.8));
#1933=CARTESIAN_POINT('Ctrl Pts',(-0.620669800808848,-18.8227073821735,
0.8));
#1934=CARTESIAN_POINT('Ctrl Pts',(-0.660889708872843,-18.8902589051475,
0.8));
#1935=CARTESIAN_POINT('Ctrl Pts',(-0.701066927270995,-18.9578344529312,
0.8));
#1936=CARTESIAN_POINT('Ctrl Pts',(-0.741201742362849,-19.0254313843885,
0.8));
#1937=CARTESIAN_POINT('Ctrl Pts',(-0.781294168730891,-19.0930483262539,
0.8));
#1938=CARTESIAN_POINT('Ctrl Pts',(-0.821343794297555,-19.1606859393666,
0.8));
#1939=CARTESIAN_POINT('Ctrl Pts',(-0.86134962623105,-19.2283476848594,0.8));
#1940=CARTESIAN_POINT('Ctrl Pts',(-0.90131040550811,-19.2960384083326,0.8));
#1941=CARTESIAN_POINT('Ctrl Pts',(-0.941224921152454,-19.3637629293821,
0.8));
#1942=CARTESIAN_POINT('Ctrl Pts',(-0.981092325504422,-19.4315246304218,
0.8));
#1943=CARTESIAN_POINT('Ctrl Pts',(-1.02091245160797,-19.4993240395524,0.8));
#1944=CARTESIAN_POINT('Ctrl Pts',(-1.06068613128204,-19.5671574150958,0.8));
#1945=CARTESIAN_POINT('Ctrl Pts',(-1.1004148474809,-19.635018648132,0.8));
#1946=CARTESIAN_POINT('Ctrl Pts',(-1.14010039043884,-19.7029011522237,0.8));
#1947=CARTESIAN_POINT('Ctrl Pts',(-1.1797445148706,-19.7707997529923,0.8));
#1948=CARTESIAN_POINT('Ctrl Pts',(-1.21934859781793,-19.8387125827966,0.8));
#1949=CARTESIAN_POINT('Ctrl Pts',(-1.25891329758269,-19.9066429711265,0.8));
#1950=CARTESIAN_POINT('Ctrl Pts',(-1.29843862942815,-19.9745973126625,0.8));
#1951=CARTESIAN_POINT('Ctrl Pts',(-1.33792403960486,-20.0425829510716,0.8));
#1952=CARTESIAN_POINT('Ctrl Pts',(-1.37736847961507,-20.1106060622332,0.8));
#1953=CARTESIAN_POINT('Ctrl Pts',(-1.41677047981799,-20.1786695311998,0.8));
#1954=CARTESIAN_POINT('Ctrl Pts',(-1.45612822394658,-20.2467708349955,0.8));
#1955=CARTESIAN_POINT('Ctrl Pts',(-1.49543987449249,-20.3149041692228,0.8));
#1956=CARTESIAN_POINT('Ctrl Pts',(-1.53470389831931,-20.383062554438,0.8));
#1957=CARTESIAN_POINT('Ctrl Pts',(-1.57391939366958,-20.451239942925,0.8));
#1958=CARTESIAN_POINT('Ctrl Pts',(-1.61308642021252,-20.5194333288961,0.8));
#1959=CARTESIAN_POINT('Ctrl Pts',(-1.65220632934813,-20.5876448536109,0.8));
#1960=CARTESIAN_POINT('Ctrl Pts',(-1.69128117284396,-20.6558798450648,0.8));
#1961=CARTESIAN_POINT('Ctrl Pts',(-1.73031311618057,-20.7241448745983,0.8));
#1962=CARTESIAN_POINT('Ctrl Pts',(-1.76930385259446,-20.7924458126775,0.8));
#1963=CARTESIAN_POINT('Ctrl Pts',(-1.80825401616617,-20.8607858808149,0.8));
#1964=CARTESIAN_POINT('Ctrl Pts',(-1.84716259701383,-20.9291637069109,0.8));
#1965=CARTESIAN_POINT('Ctrl Pts',(-1.8860275946173,-20.9975749317483,0.8));
#1966=CARTESIAN_POINT('Ctrl Pts',(-1.92484666661596,-21.066013798929,0.8));
#1967=CARTESIAN_POINT('Ctrl Pts',(-1.96361777880202,-21.1344747444921,0.8));
#1968=CARTESIAN_POINT('Ctrl Pts',(-2.0023398568652,-21.202953986517,0.8));
#1969=CARTESIAN_POINT('Ctrl Pts',(-2.04101343906911,-21.2714511136422,0.8));
#1970=CARTESIAN_POINT('Ctrl Pts',(-2.07964020510252,-21.3399681425721,0.8));
#1971=CARTESIAN_POINT('Ctrl Pts',(-2.11822251029921,-21.4085085848871,0.8));
#1972=CARTESIAN_POINT('Ctrl Pts',(-2.15676292140719,-21.477076514749,0.8));
#1973=CARTESIAN_POINT('Ctrl Pts',(-2.19526375371923,-21.5456756374317,0.8));
#1974=CARTESIAN_POINT('Ctrl Pts',(-2.2337266091861,-21.614308357854,0.8));
#1975=CARTESIAN_POINT('Ctrl Pts',(-2.27215250577795,-21.6829760600168,0.8));
#1976=CARTESIAN_POINT('Ctrl Pts',(-2.30286410565373,-21.7379387176335,0.8));
#1977=CARTESIAN_POINT('Ctrl Pts',(-2.32588153259013,-21.7791768143802,0.8));
#1978=CARTESIAN_POINT('Ctrl Pts',(-2.34121925615774,-21.8066760313419,0.8));
#1979=CARTESIAN_POINT('Ctrl Pts',(-2.34888631101068,-21.8204274279389,0.8));
#1980=CARTESIAN_POINT('',(-1.3302756824236,-21.9100858761154,0.8));
#1981=CARTESIAN_POINT('Origin',(0.0829768885923096,-0.0230550984857203,
0.8));
#1982=CARTESIAN_POINT('',(1.04592724415179,-17.8873204365534,0.8));
#1983=CARTESIAN_POINT('Ctrl Pts',(-1.3302756824236,-21.9100858761154,0.8));
#1984=CARTESIAN_POINT('Ctrl Pts',(-1.3209555755757,-21.8937208460078,0.8));
#1985=CARTESIAN_POINT('Ctrl Pts',(-1.3023123020952,-21.860996024513,0.8));
#1986=CARTESIAN_POINT('Ctrl Pts',(-1.27433821251616,-21.8119245084313,0.8));
#1987=CARTESIAN_POINT('Ctrl Pts',(-1.23702105577414,-21.7465272731188,0.8));
#1988=CARTESIAN_POINT('Ctrl Pts',(-1.19034374186304,-21.66483330487,0.8));
#1989=CARTESIAN_POINT('Ctrl Pts',(-1.14363492973852,-21.5831921705391,0.8));
#1990=CARTESIAN_POINT('Ctrl Pts',(-1.09689344737978,-21.5016042310127,0.8));
#1991=CARTESIAN_POINT('Ctrl Pts',(-1.05011742361827,-21.4200699481953,0.8));
#1992=CARTESIAN_POINT('Ctrl Pts',(-1.0033041171648,-21.3385898833257,0.8));
#1993=CARTESIAN_POINT('Ctrl Pts',(-0.956450533600239,-21.2571646316522,
0.8));
#1994=CARTESIAN_POINT('Ctrl Pts',(-0.909554052383079,-21.1757947553215,
0.8));
#1995=CARTESIAN_POINT('Ctrl Pts',(-0.862613057763562,-21.0944807148961,
0.8));
#1996=CARTESIAN_POINT('Ctrl Pts',(-0.815627557790724,-21.013222800789,0.8));
#1997=CARTESIAN_POINT('Ctrl Pts',(-0.768599851089706,-20.9320210596252,
0.8));
#1998=CARTESIAN_POINT('Ctrl Pts',(-0.721533591902725,-20.850875354549,0.8));
#1999=CARTESIAN_POINT('Ctrl Pts',(-0.674432815495764,-20.7697854280752,
0.8));
#2000=CARTESIAN_POINT('Ctrl Pts',(-0.627300972627793,-20.6887509620541,
0.8));
#2001=CARTESIAN_POINT('Ctrl Pts',(-0.580139979393079,-20.6077716371675,
0.8));
#2002=CARTESIAN_POINT('Ctrl Pts',(-0.532949206157706,-20.526847190693,0.8));
#2003=CARTESIAN_POINT('Ctrl Pts',(-0.485726191675488,-20.4459774784236,
0.8));
#2004=CARTESIAN_POINT('Ctrl Pts',(-0.438467420165181,-20.3651625348313,
0.8));
#2005=CARTESIAN_POINT('Ctrl Pts',(-0.391169077371195,-20.2844026348125,
0.8));
#2006=CARTESIAN_POINT('Ctrl Pts',(-0.343827804625646,-20.203698349235,0.8));
#2007=CARTESIAN_POINT('Ctrl Pts',(-0.296441483883742,-20.1230506147561,
0.8));
#2008=CARTESIAN_POINT('Ctrl Pts',(-0.249009174768436,-20.042460443495,0.8));
#2009=CARTESIAN_POINT('Ctrl Pts',(-0.201531014420286,-19.9619286182914,
0.8));
#2010=CARTESIAN_POINT('Ctrl Pts',(-0.154008137854197,-19.8814553861512,
0.8));
#2011=CARTESIAN_POINT('Ctrl Pts',(-0.106442587617897,-19.8010401612996,
0.8));
#2012=CARTESIAN_POINT('Ctrl Pts',(-0.0588372486006508,-19.7206811885861,
0.8));
#2013=CARTESIAN_POINT('Ctrl Pts',(-0.0111953173032468,-19.6403761060285,
0.8));
#2014=CARTESIAN_POINT('Ctrl Pts',(0.0364802451908695,-19.5601225437368,
0.8));
#2015=CARTESIAN_POINT('Ctrl Pts',(0.0841872603348653,-19.4799187143609,
0.8));
#2016=CARTESIAN_POINT('Ctrl Pts',(0.131924864371221,-19.3997639913115,0.8));
#2017=CARTESIAN_POINT('Ctrl Pts',(0.179694091508956,-19.319659535493,0.8));
#2018=CARTESIAN_POINT('Ctrl Pts',(0.227497205105777,-19.2396076770828,0.8));
#2019=CARTESIAN_POINT('Ctrl Pts',(0.275336977566268,-19.1596112451676,0.8));
#2020=CARTESIAN_POINT('Ctrl Pts',(0.323215984087523,-19.0796729118001,0.8));
#2021=CARTESIAN_POINT('Ctrl Pts',(0.371135902973653,-18.9997945400469,0.8));
#2022=CARTESIAN_POINT('Ctrl Pts',(0.419096773625644,-18.9199764955681,0.8));
#2023=CARTESIAN_POINT('Ctrl Pts',(0.467097483956477,-18.8402180170662,0.8));
#2024=CARTESIAN_POINT('Ctrl Pts',(0.515136301722776,-18.7605176242651,0.8));
#2025=CARTESIAN_POINT('Ctrl Pts',(0.563211389407717,-18.6808735100187,0.8));
#2026=CARTESIAN_POINT('Ctrl Pts',(0.611321317856024,-18.601283932248,0.8));
#2027=CARTESIAN_POINT('Ctrl Pts',(0.659465597557422,-18.5217476150815,0.8));
#2028=CARTESIAN_POINT('Ctrl Pts',(0.707644440784507,-18.4422636684639,0.8));
#2029=CARTESIAN_POINT('Ctrl Pts',(0.755858501836746,-18.3628314930898,0.8));
#2030=CARTESIAN_POINT('Ctrl Pts',(0.804108625094612,-18.2834506899303,0.8));
#2031=CARTESIAN_POINT('Ctrl Pts',(0.852395591074424,-18.2041209674931,0.8));
#2032=CARTESIAN_POINT('Ctrl Pts',(0.900719858044362,-18.124842047517,0.8));
#2033=CARTESIAN_POINT('Ctrl Pts',(0.949081639743898,-18.0456136825463,0.8));
#2034=CARTESIAN_POINT('Ctrl Pts',(0.987801117954496,-17.9822712761239,0.8));
#2035=CARTESIAN_POINT('Ctrl Pts',(1.01685761688556,-17.9347870726491,0.8));
#2036=CARTESIAN_POINT('Ctrl Pts',(1.03623611807888,-17.9031409755016,0.8));
#2037=CARTESIAN_POINT('Ctrl Pts',(1.04592724415179,-17.8873204365534,0.8));
#2038=CARTESIAN_POINT('',(20.3622077184848,-8.3575152335653,0.8));
#2039=CARTESIAN_POINT('Ctrl Pts',(1.04592724415179,-17.8873204365534,0.8));
#2040=CARTESIAN_POINT('Ctrl Pts',(1.12277735562748,-17.8582233612468,0.8));
#2041=CARTESIAN_POINT('Ctrl Pts',(1.27644902357016,-17.7999026798212,0.8));
#2042=CARTESIAN_POINT('Ctrl Pts',(1.50687086016064,-17.7120420655257,0.8));
#2043=CARTESIAN_POINT('Ctrl Pts',(1.81392853594214,-17.5941348985889,0.8));
#2044=CARTESIAN_POINT('Ctrl Pts',(2.19746600413665,-17.4454797069389,0.8));
#2045=CARTESIAN_POINT('Ctrl Pts',(2.58072333789646,-17.2955429109107,0.8));
#2046=CARTESIAN_POINT('Ctrl Pts',(2.96371029349875,-17.1443075845548,0.8));
#2047=CARTESIAN_POINT('Ctrl Pts',(3.34644410539659,-16.9917487022898,0.8));
#2048=CARTESIAN_POINT('Ctrl Pts',(3.72895080158779,-16.8378323981366,0.8));
#2049=CARTESIAN_POINT('Ctrl Pts',(4.11126242398299,-16.6825187458063,0.8));
#2050=CARTESIAN_POINT('Ctrl Pts',(4.49341476955229,-16.525764159402,0.8));
#2051=CARTESIAN_POINT('Ctrl Pts',(4.87544507166244,-16.36752378825,0.8));
#2052=CARTESIAN_POINT('Ctrl Pts',(5.25738941877871,-16.2077543793813,0.8));
#2053=CARTESIAN_POINT('Ctrl Pts',(5.63928131179667,-16.0464155159254,0.8));
#2054=CARTESIAN_POINT('Ctrl Pts',(6.0211523407295,-15.8834679007921,0.8));
#2055=CARTESIAN_POINT('Ctrl Pts',(6.40303238055856,-15.7188722924375,0.8));
#2056=CARTESIAN_POINT('Ctrl Pts',(6.78494997789509,-15.5525883360701,0.8));
#2057=CARTESIAN_POINT('Ctrl Pts',(7.16693264837043,-15.3845732112206,0.8));
#2058=CARTESIAN_POINT('Ctrl Pts',(7.54900722076648,-15.2147815028089,0.8));
#2059=CARTESIAN_POINT('Ctrl Pts',(7.93120016255306,-15.0431662519098,0.8));
#2060=CARTESIAN_POINT('Ctrl Pts',(8.31353792993132,-14.8696797446184,0.8));
#2061=CARTESIAN_POINT('Ctrl Pts',(8.69604725980706,-14.6942743968028,0.8));
#2062=CARTESIAN_POINT('Ctrl Pts',(9.07875559444407,-14.516903800431,0.8));
#2063=CARTESIAN_POINT('Ctrl Pts',(9.46169089963621,-14.3375230136289,0.8));
#2064=CARTESIAN_POINT('Ctrl Pts',(9.84488115662174,-14.1560884217209,0.8));
#2065=CARTESIAN_POINT('Ctrl Pts',(10.2283539365855,-13.9725578043441,0.8));
#2066=CARTESIAN_POINT('Ctrl Pts',(10.6121359615769,-13.78689034216,0.8));
#2067=CARTESIAN_POINT('Ctrl Pts',(10.9962525891012,-13.5990468054186,0.8));
#2068=CARTESIAN_POINT('Ctrl Pts',(11.3807277432636,-13.4089891947171,0.8));
#2069=CARTESIAN_POINT('Ctrl Pts',(11.7655840206117,-13.216680226403,0.8));
#2070=CARTESIAN_POINT('Ctrl Pts',(12.1508427210216,-13.0220828981331,0.8));
#2071=CARTESIAN_POINT('Ctrl Pts',(12.5365239066032,-12.8251601540547,0.8));
#2072=CARTESIAN_POINT('Ctrl Pts',(12.9226464058274,-12.6258743981485,0.8));
#2073=CARTESIAN_POINT('Ctrl Pts',(13.3092279942835,-12.4241881934688,0.8));
#2074=CARTESIAN_POINT('Ctrl Pts',(13.6962856208432,-12.220065385195,0.8));
#2075=CARTESIAN_POINT('Ctrl Pts',(14.0838356156728,-12.0134722034152,0.8));
#2076=CARTESIAN_POINT('Ctrl Pts',(14.4718938660501,-11.8043783298022,0.8));
#2077=CARTESIAN_POINT('Ctrl Pts',(14.8604760526443,-11.5927583597536,0.8));
#2078=CARTESIAN_POINT('Ctrl Pts',(15.2495975149555,-11.3785915737945,0.8));
#2079=CARTESIAN_POINT('Ctrl Pts',(15.6392729428885,-11.1618609665909,0.8));
#2080=CARTESIAN_POINT('Ctrl Pts',(16.0295160998794,-10.9425525649839,0.8));
#2081=CARTESIAN_POINT('Ctrl Pts',(16.420339533101,-10.7206547613389,0.8));
#2082=CARTESIAN_POINT('Ctrl Pts',(16.8117542251671,-10.4961575875938,0.8));
#2083=CARTESIAN_POINT('Ctrl Pts',(17.2037694398822,-10.2690526464998,0.8));
#2084=CARTESIAN_POINT('Ctrl Pts',(17.596392741317,-10.0393335954355,0.8));
#2085=CARTESIAN_POINT('Ctrl Pts',(17.9896299304236,-9.80699659040296,0.8));
#2086=CARTESIAN_POINT('Ctrl Pts',(18.3834850229329,-9.57204072516968,0.8));
#2087=CARTESIAN_POINT('Ctrl Pts',(18.7779601168373,-9.33446879851107,0.8));
#2088=CARTESIAN_POINT('Ctrl Pts',(19.1730555162479,-9.09428722214633,0.8));
#2089=CARTESIAN_POINT('Ctrl Pts',(19.5687704321269,-8.85150392400116,0.8));
#2090=CARTESIAN_POINT('Ctrl Pts',(19.8858369247469,-8.65520216794676,0.8));
#2091=CARTESIAN_POINT('Ctrl Pts',(20.12391442464,-8.50681129019843,0.8));
#2092=CARTESIAN_POINT('Ctrl Pts',(20.2827560687264,-8.40736679330841,0.8));
#2093=CARTESIAN_POINT('Ctrl Pts',(20.3622077184848,-8.35751523356529,0.8));
#2094=CARTESIAN_POINT('',(20.8670983167199,-7.00184064731169,0.8));
#2095=CARTESIAN_POINT('Origin',(-0.0671061032377196,0.0227794493767752,
0.8));
#2096=CARTESIAN_POINT('',(1.87624355583879,-16.5483789021515,0.8));
#2097=CARTESIAN_POINT('Ctrl Pts',(20.8670983167199,-7.0018406473117,0.8));
#2098=CARTESIAN_POINT('Ctrl Pts',(20.7843227683752,-7.05076768528801,0.8));
#2099=CARTESIAN_POINT('Ctrl Pts',(20.6189306178479,-7.14840459070755,0.8));
#2100=CARTESIAN_POINT('Ctrl Pts',(20.3713192304264,-7.29420843728119,0.8));
#2101=CARTESIAN_POINT('Ctrl Pts',(20.0421250127662,-7.48730969386803,0.8));
#2102=CARTESIAN_POINT('Ctrl Pts',(19.6322264152242,-7.72650744279042,0.8));
#2103=CARTESIAN_POINT('Ctrl Pts',(19.2239267955865,-7.96351778897461,0.8));
#2104=CARTESIAN_POINT('Ctrl Pts',(18.8172310171026,-8.19833001501692,0.8));
#2105=CARTESIAN_POINT('Ctrl Pts',(18.4121430000483,-8.43093203799614,0.8));
#2106=CARTESIAN_POINT('Ctrl Pts',(18.008664451804,-8.66131124957789,0.8));
#2107=CARTESIAN_POINT('Ctrl Pts',(17.6067944289841,-8.88945529339752,0.8));
#2108=CARTESIAN_POINT('Ctrl Pts',(17.2065296950678,-9.11535277281764,0.8));
#2109=CARTESIAN_POINT('Ctrl Pts',(16.8078648135415,-9.33899405554911,0.8));
#2110=CARTESIAN_POINT('Ctrl Pts',(16.4107922970794,-9.56037206499035,0.8));
#2111=CARTESIAN_POINT('Ctrl Pts',(16.015302682961,-9.77948324526542,0.8));
#2112=CARTESIAN_POINT('Ctrl Pts',(15.6213845835303,-9.9963282368981,0.8));
#2113=CARTESIAN_POINT('Ctrl Pts',(15.2290246529135,-10.2109105834988,0.8));
#2114=CARTESIAN_POINT('Ctrl Pts',(14.8382075280209,-10.4232357314601,0.8));
#2115=CARTESIAN_POINT('Ctrl Pts',(14.448915727346,-10.6333099690131,0.8));
#2116=CARTESIAN_POINT('Ctrl Pts',(14.0611295253799,-10.8411394961169,0.8));
#2117=CARTESIAN_POINT('Ctrl Pts',(13.6748267670936,-11.0467294027344,0.8));
#2118=CARTESIAN_POINT('Ctrl Pts',(13.2899830530059,-11.2500846081519,0.8));
#2119=CARTESIAN_POINT('Ctrl Pts',(12.906571920893,-11.4512109573021,0.8));
#2120=CARTESIAN_POINT('Ctrl Pts',(12.524564980734,-11.6501163679991,0.8));
#2121=CARTESIAN_POINT('Ctrl Pts',(12.1439320285973,-11.8468119226532,0.8));
#2122=CARTESIAN_POINT('Ctrl Pts',(11.7646411093557,-12.0413133225542,0.8));
#2123=CARTESIAN_POINT('Ctrl Pts',(11.3866586794965,-12.2336399846357,0.8));
#2124=CARTESIAN_POINT('Ctrl Pts',(11.00994976284,-12.4238137065859,0.8));
#2125=CARTESIAN_POINT('Ctrl Pts',(10.634478075871,-12.6118575195205,0.8));
#2126=CARTESIAN_POINT('Ctrl Pts',(10.260206111061,-12.7977945896969,0.8));
#2127=CARTESIAN_POINT('Ctrl Pts',(9.88709523704827,-12.9816469991956,0.8));
#2128=CARTESIAN_POINT('Ctrl Pts',(9.51510542932322,-13.1634360474546,0.8));
#2129=CARTESIAN_POINT('Ctrl Pts',(9.14419491336693,-13.3431828922765,0.8));
#2130=CARTESIAN_POINT('Ctrl Pts',(8.77431978941799,-13.5209091383298,0.8));
#2131=CARTESIAN_POINT('Ctrl Pts',(8.40543365991809,-13.6966374827663,0.8));
#2132=CARTESIAN_POINT('Ctrl Pts',(8.03748713359617,-13.8703924612267,0.8));
#2133=CARTESIAN_POINT('Ctrl Pts',(7.67042900566259,-14.0422000024865,0.8));
#2134=CARTESIAN_POINT('Ctrl Pts',(7.30420757486405,-14.2120869222732,0.8));
#2135=CARTESIAN_POINT('Ctrl Pts',(6.93877182707888,-14.3800805062678,0.8));
#2136=CARTESIAN_POINT('Ctrl Pts',(6.57407278355934,-14.5462080865313,0.8));
#2137=CARTESIAN_POINT('Ctrl Pts',(6.21006438764265,-14.7104967470039,0.8));
#2138=CARTESIAN_POINT('Ctrl Pts',(5.84670080111668,-14.8729737195768,0.8));
#2139=CARTESIAN_POINT('Ctrl Pts',(5.48393379586282,-15.0336668142784,0.8));
#2140=CARTESIAN_POINT('Ctrl Pts',(5.1217104785771,-15.1926047836535,0.8));
#2141=CARTESIAN_POINT('Ctrl Pts',(4.75996991473416,-15.3498180160224,0.8));
#2142=CARTESIAN_POINT('Ctrl Pts',(4.39864333059801,-15.5053383057591,0.8));
#2143=CARTESIAN_POINT('Ctrl Pts',(4.03766080949398,-15.6591969166997,0.8));
#2144=CARTESIAN_POINT('Ctrl Pts',(3.67695679772293,-15.8114230054937,0.8));
#2145=CARTESIAN_POINT('Ctrl Pts',(3.31647553970942,-15.9620420639534,0.8));
#2146=CARTESIAN_POINT('Ctrl Pts',(2.95617792243107,-16.1110740884297,0.8));
#2147=CARTESIAN_POINT('Ctrl Pts',(2.59604072208772,-16.2585334577705,0.8));
#2148=CARTESIAN_POINT('Ctrl Pts',(2.3080497112013,-16.3752504546529,0.8));
#2149=CARTESIAN_POINT('Ctrl Pts',(2.09212139686346,-16.4620871368327,0.8));
#2150=CARTESIAN_POINT('Ctrl Pts',(1.94819802908732,-16.5196668772493,0.8));
#2151=CARTESIAN_POINT('Ctrl Pts',(1.8762435558388,-16.5483789021515,0.8));
#2152=CARTESIAN_POINT('',(4.03833616994345,-13.2018033945566,0.8));
#2153=CARTESIAN_POINT('Ctrl Pts',(1.8762435558388,-16.5483789021515,0.8));
#2154=CARTESIAN_POINT('Ctrl Pts',(1.88476429856238,-16.5348036641231,0.8));
#2155=CARTESIAN_POINT('Ctrl Pts',(1.90180860657751,-16.5076572702325,0.8));
#2156=CARTESIAN_POINT('Ctrl Pts',(1.92738353630181,-16.4669499258946,0.8));
#2157=CARTESIAN_POINT('Ctrl Pts',(1.96150038905457,-16.4126979757369,0.8));
#2158=CARTESIAN_POINT('Ctrl Pts',(2.00417467379616,-16.3449239369406,0.8));
#2159=CARTESIAN_POINT('Ctrl Pts',(2.04687699077142,-16.2771907887176,0.8));
#2160=CARTESIAN_POINT('Ctrl Pts',(2.089606882027,-16.2094983928082,0.8));
#2161=CARTESIAN_POINT('Ctrl Pts',(2.13236350895635,-16.1418464097457,0.8));
#2162=CARTESIAN_POINT('Ctrl Pts',(2.17514553663675,-16.0742342243492,0.8));
#2163=CARTESIAN_POINT('Ctrl Pts',(2.21795147223246,-16.0066610548024,0.8));
#2164=CARTESIAN_POINT('Ctrl Pts',(2.26078000635919,-15.9391260624026,0.8));
#2165=CARTESIAN_POINT('Ctrl Pts',(2.30363035529903,-15.8716284602175,0.8));
#2166=CARTESIAN_POINT('Ctrl Pts',(2.34650259793781,-15.8041676201041,0.8));
#2167=CARTESIAN_POINT('Ctrl Pts',(2.38939803131868,-15.7367431826075,0.8));
#2168=CARTESIAN_POINT('Ctrl Pts',(2.43231859496977,-15.6693549835318,0.8));
#2169=CARTESIAN_POINT('Ctrl Pts',(2.47526628015298,-15.6020029769201,0.8));
#2170=CARTESIAN_POINT('Ctrl Pts',(2.51824253999766,-15.5346871580661,0.8));
#2171=CARTESIAN_POINT('Ctrl Pts',(2.56124770797421,-15.4674074871996,0.8));
#2172=CARTESIAN_POINT('Ctrl Pts',(2.60428038076516,-15.4001638076199,0.8));
#2173=CARTESIAN_POINT('Ctrl Pts',(2.64733820016099,-15.3329559663697,0.8));
#2174=CARTESIAN_POINT('Ctrl Pts',(2.69041866499938,-15.2657839385728,0.8));
#2175=CARTESIAN_POINT('Ctrl Pts',(2.73351993710373,-15.1986479513342,0.8));
#2176=CARTESIAN_POINT('Ctrl Pts',(2.77664163483637,-15.1315486036371,0.8));
#2177=CARTESIAN_POINT('Ctrl Pts',(2.81978567683436,-15.0644869981171,0.8));
#2178=CARTESIAN_POINT('Ctrl Pts',(2.86295530378557,-14.9974644314264,0.8));
#2179=CARTESIAN_POINT('Ctrl Pts',(2.90615405270916,-14.9304820727944,0.8));
#2180=CARTESIAN_POINT('Ctrl Pts',(2.94938474163236,-14.8635406428191,0.8));
#2181=CARTESIAN_POINT('Ctrl Pts',(2.99264846606994,-14.7966400967898,0.8));
#2182=CARTESIAN_POINT('Ctrl Pts',(3.03594353605967,-14.7297792846444,0.8));
#2183=CARTESIAN_POINT('Ctrl Pts',(3.07926649573738,-14.6629563824151,0.8));
#2184=CARTESIAN_POINT('Ctrl Pts',(3.12261319920378,-14.5961693436551,0.8));
#2185=CARTESIAN_POINT('Ctrl Pts',(3.16597986892221,-14.5294163443994,0.8));
#2186=CARTESIAN_POINT('Ctrl Pts',(3.20936414574933,-14.4626962235552,0.8));
#2187=CARTESIAN_POINT('Ctrl Pts',(3.25276618653081,-14.3960089435429,0.8));
#2188=CARTESIAN_POINT('Ctrl Pts',(3.29618792759755,-14.3293552641515,0.8));
#2189=CARTESIAN_POINT('Ctrl Pts',(3.33963229937359,-14.2627363950938,0.8));
#2190=CARTESIAN_POINT('Ctrl Pts',(3.38310245839726,-14.1961536554398,0.8));
#2191=CARTESIAN_POINT('Ctrl Pts',(3.42660102011585,-14.1296081331697,0.8));
#2192=CARTESIAN_POINT('Ctrl Pts',(3.47012926924359,-14.0631003339193,0.8));
#2193=CARTESIAN_POINT('Ctrl Pts',(3.51368741377536,-13.9966303056098,0.8));
#2194=CARTESIAN_POINT('Ctrl Pts',(3.55727486270803,-13.9301977734141,0.8));
#2195=CARTESIAN_POINT('Ctrl Pts',(3.60089049236946,-13.8638022692343,0.8));
#2196=CARTESIAN_POINT('Ctrl Pts',(3.64453291386623,-13.7974432610592,0.8));
#2197=CARTESIAN_POINT('Ctrl Pts',(3.68820074147483,-13.7311202830285,0.8));
#2198=CARTESIAN_POINT('Ctrl Pts',(3.73189264619754,-13.6648329311786,0.8));
#2199=CARTESIAN_POINT('Ctrl Pts',(3.77560740451634,-13.5985808559515,0.8));
#2200=CARTESIAN_POINT('Ctrl Pts',(3.81934394863844,-13.5323637550536,0.8));
#2201=CARTESIAN_POINT('Ctrl Pts',(3.86310141555186,-13.4661813653505,0.8));
#2202=CARTESIAN_POINT('Ctrl Pts',(3.90687919728089,-13.4000334541384,0.8));
#2203=CARTESIAN_POINT('Ctrl Pts',(3.95067689824643,-13.3339198274137,0.8));
#2204=CARTESIAN_POINT('Ctrl Pts',(3.98573081302824,-13.2810562356783,0.8));
#2205=CARTESIAN_POINT('Ctrl Pts',(4.01203006522967,-13.2414238614028,0.8));
#2206=CARTESIAN_POINT('Ctrl Pts',(4.02956681575191,-13.2150090827978,0.8));
#2207=CARTESIAN_POINT('Ctrl Pts',(4.03833616994345,-13.2018033945566,0.8));
#2208=CARTESIAN_POINT('',(12.8760700300043,-4.98225456820765,0.8));
#2209=CARTESIAN_POINT('Origin',(0.00478510466395576,-0.00391206709661307,
0.8));
#2210=CARTESIAN_POINT('',(22.0069520476705,-0.337766178787351,0.8));
#2211=CARTESIAN_POINT('Ctrl Pts',(12.8760700300043,-4.98225456820765,0.8));
#2212=CARTESIAN_POINT('Ctrl Pts',(12.911601364963,-4.93095293768605,0.8));
#2213=CARTESIAN_POINT('Ctrl Pts',(12.9827499014991,-4.82900339288095,0.8));
#2214=CARTESIAN_POINT('Ctrl Pts',(13.0897303060628,-4.67804022390937,0.8));
#2215=CARTESIAN_POINT('Ctrl Pts',(13.2328863813922,-4.48068085388413,0.8));
#2216=CARTESIAN_POINT('Ctrl Pts',(13.4126933140118,-4.24054508192444,0.8));
#2217=CARTESIAN_POINT('Ctrl Pts',(13.5933665642077,-4.00701320408435,0.8));
#2218=CARTESIAN_POINT('Ctrl Pts',(13.774912521926,-3.78014665882475,0.8));
#2219=CARTESIAN_POINT('Ctrl Pts',(13.9573396039476,-3.56003071771216,0.8));
#2220=CARTESIAN_POINT('Ctrl Pts',(14.140658157506,-3.34677633810836,0.8));
#2221=CARTESIAN_POINT('Ctrl Pts',(14.3248808381856,-3.14052416076645,0.8));
#2222=CARTESIAN_POINT('Ctrl Pts',(14.5100210865806,-2.94143980895661,0.8));
#2223=CARTESIAN_POINT('Ctrl Pts',(14.6960899383056,-2.74970158610734,0.8));
#2224=CARTESIAN_POINT('Ctrl Pts',(14.8830933202858,-2.56549033892532,0.8));
#2225=CARTESIAN_POINT('Ctrl Pts',(15.0710290132311,-2.38897787703188,0.8));
#2226=CARTESIAN_POINT('Ctrl Pts',(15.259883933583,-2.22031662659958,0.8));
#2227=CARTESIAN_POINT('Ctrl Pts',(15.4496306647197,-2.05962637607463,0.8));
#2228=CARTESIAN_POINT('Ctrl Pts',(15.6402267520544,-1.90699143628663,0.8));
#2229=CARTESIAN_POINT('Ctrl Pts',(15.8316158881487,-1.7624648648249,0.8));
#2230=CARTESIAN_POINT('Ctrl Pts',(16.0237284781333,-1.6260703408609,0.8));
#2231=CARTESIAN_POINT('Ctrl Pts',(16.2164824093387,-1.49780464425095,0.8));
#2232=CARTESIAN_POINT('Ctrl Pts',(16.4097836562999,-1.37763969244659,0.8));
#2233=CARTESIAN_POINT('Ctrl Pts',(16.6035269619235,-1.26552410108711,0.8));
#2234=CARTESIAN_POINT('Ctrl Pts',(16.7975972483029,-1.16137944768577,0.8));
#2235=CARTESIAN_POINT('Ctrl Pts',(16.9918709559799,-1.06509673829753,0.8));
#2236=CARTESIAN_POINT('Ctrl Pts',(17.186217369389,-0.976532429642311,0.8));
#2237=CARTESIAN_POINT('Ctrl Pts',(17.3804999362579,-0.895504473895477,0.8));
#2238=CARTESIAN_POINT('Ctrl Pts',(17.5745775255509,-0.821787616788918,0.8));
#2239=CARTESIAN_POINT('Ctrl Pts',(17.768306800903,-0.755118688938746,0.8));
#2240=CARTESIAN_POINT('Ctrl Pts',(17.9615446709775,-0.69520224526512,0.8));
#2241=CARTESIAN_POINT('Ctrl Pts',(18.1541506916354,-0.64171577793088,0.8));
#2242=CARTESIAN_POINT('Ctrl Pts',(18.3459895699688,-0.59431487283251,0.8));
#2243=CARTESIAN_POINT('Ctrl Pts',(18.5369334769959,-0.5526380354004,0.8));
#2244=CARTESIAN_POINT('Ctrl Pts',(18.7268607762213,-0.516309417828724,0.8));
#2245=CARTESIAN_POINT('Ctrl Pts',(18.9156548869524,-0.484941413249674,0.8));
#2246=CARTESIAN_POINT('Ctrl Pts',(19.1032032689008,-0.458137269165871,0.8));
#2247=CARTESIAN_POINT('Ctrl Pts',(19.2893960899415,-0.43549316007932,0.8));
#2248=CARTESIAN_POINT('Ctrl Pts',(19.4741261038161,-0.41660154170565,0.8));
#2249=CARTESIAN_POINT('Ctrl Pts',(19.6572906727466,-0.401056898895595,0.8));
#2250=CARTESIAN_POINT('Ctrl Pts',(19.8387935418497,-0.388461063932855,0.8));
#2251=CARTESIAN_POINT('Ctrl Pts',(20.0185463963533,-0.378428232238005,0.8));
#2252=CARTESIAN_POINT('Ctrl Pts',(20.1964715553689,-0.370591073258002,0.8));
#2253=CARTESIAN_POINT('Ctrl Pts',(20.3724964000758,-0.36459808667592,0.8));
#2254=CARTESIAN_POINT('Ctrl Pts',(20.5465452114968,-0.360108143627871,0.8));
#2255=CARTESIAN_POINT('Ctrl Pts',(20.7185329691376,-0.356787101989594,0.8));
#2256=CARTESIAN_POINT('Ctrl Pts',(20.8883559552082,-0.354300874578963,0.8));
#2257=CARTESIAN_POINT('Ctrl Pts',(21.0558920425104,-0.352319152767635,0.8));
#2258=CARTESIAN_POINT('Ctrl Pts',(21.2210176856092,-0.350537689254212,0.8));
#2259=CARTESIAN_POINT('Ctrl Pts',(21.3836208281069,-0.348695872788689,0.8));
#2260=CARTESIAN_POINT('Ctrl Pts',(21.5436163219605,-0.346597508620195,0.8));
#2261=CARTESIAN_POINT('Ctrl Pts',(21.700958168925,-0.344126915428887,0.8));
#2262=CARTESIAN_POINT('Ctrl Pts',(21.8246933346763,-0.341806660643673,0.8));
#2263=CARTESIAN_POINT('Ctrl Pts',(21.9162906395289,-0.339864801465046,0.8));
#2264=CARTESIAN_POINT('Ctrl Pts',(21.9768207111572,-0.33848064928937,0.8));
#2265=CARTESIAN_POINT('Ctrl Pts',(22.0069520476705,-0.337766178787351,0.8));
#2266=CARTESIAN_POINT('',(21.8698949358666,2.47045685332815,0.8));
#2267=CARTESIAN_POINT('Origin',(0.0228240625743625,-0.00325943659003847,
0.8));
#2268=CARTESIAN_POINT('',(16.0723897798236,3.05309942442486,0.8));
#2269=CARTESIAN_POINT('Ctrl Pts',(21.8698949358666,2.47045685332815,0.8));
#2270=CARTESIAN_POINT('Ctrl Pts',(21.8421537213966,2.47002919648042,0.8));
#2271=CARTESIAN_POINT('Ctrl Pts',(21.7867581751033,2.46921881327692,0.8));
#2272=CARTESIAN_POINT('Ctrl Pts',(21.7039255036033,2.46813802992062,0.8));
#2273=CARTESIAN_POINT('Ctrl Pts',(21.5940035770173,2.46696674416242,0.8));
#2274=CARTESIAN_POINT('Ctrl Pts',(21.4574729473455,2.4659534701487,0.8));
#2275=CARTESIAN_POINT('Ctrl Pts',(21.3218178423218,2.46539297484815,0.8));
#2276=CARTESIAN_POINT('Ctrl Pts',(21.1870431813339,2.4652878112588,0.8));
#2277=CARTESIAN_POINT('Ctrl Pts',(21.0531548423287,2.46564105028845,0.8));
#2278=CARTESIAN_POINT('Ctrl Pts',(20.9201594627917,2.46645613211695,0.8));
#2279=CARTESIAN_POINT('Ctrl Pts',(20.788064108923,2.46773689726285,0.8));
#2280=CARTESIAN_POINT('Ctrl Pts',(20.6568758203686,2.46948779026547,0.8));
#2281=CARTESIAN_POINT('Ctrl Pts',(20.5266011576722,2.47171401077309,0.8));
#2282=CARTESIAN_POINT('Ctrl Pts',(20.3972457406013,2.4744216642937,0.8));
#2283=CARTESIAN_POINT('Ctrl Pts',(20.2688137185375,2.4776179269555,0.8));
#2284=CARTESIAN_POINT('Ctrl Pts',(20.14130736808,2.48131111967648,0.8));
#2285=CARTESIAN_POINT('Ctrl Pts',(20.0147277538332,2.48551013628784,0.8));
#2286=CARTESIAN_POINT('Ctrl Pts',(19.8890752520755,2.49022393830288,0.8));
#2287=CARTESIAN_POINT('Ctrl Pts',(19.7643501103847,2.49546099042566,0.8));
#2288=CARTESIAN_POINT('Ctrl Pts',(19.6405529389789,2.50122875244406,0.8));
#2289=CARTESIAN_POINT('Ctrl Pts',(19.5176852737689,2.5075330059792,0.8));
#2290=CARTESIAN_POINT('Ctrl Pts',(19.3957492675445,2.51437869618159,0.8));
#2291=CARTESIAN_POINT('Ctrl Pts',(19.2747472668569,2.52177092535254,0.8));
#2292=CARTESIAN_POINT('Ctrl Pts',(19.1546813868179,2.5297159311317,0.8));
#2293=CARTESIAN_POINT('Ctrl Pts',(19.0355531009986,2.53822193713302,0.8));
#2294=CARTESIAN_POINT('Ctrl Pts',(18.9173626913132,2.54730035722623,0.8));
#2295=CARTESIAN_POINT('Ctrl Pts',(18.8001094003819,2.5569648811784,0.8));
#2296=CARTESIAN_POINT('Ctrl Pts',(18.6837917967785,2.56722990593845,0.8));
#2297=CARTESIAN_POINT('Ctrl Pts',(18.5684080523561,2.57810908573707,0.8));
#2298=CARTESIAN_POINT('Ctrl Pts',(18.4539562066007,2.58961400707992,0.8));
#2299=CARTESIAN_POINT('Ctrl Pts',(18.3404344648902,2.60175229802987,0.8));
#2300=CARTESIAN_POINT('Ctrl Pts',(18.2278411267174,2.61452885707151,0.8));
#2301=CARTESIAN_POINT('Ctrl Pts',(18.1161743673468,2.62794819254931,0.8));
#2302=CARTESIAN_POINT('Ctrl Pts',(18.0054320300096,2.64201646871413,0.8));
#2303=CARTESIAN_POINT('Ctrl Pts',(17.8956114153978,2.65674345742216,0.8));
#2304=CARTESIAN_POINT('Ctrl Pts',(17.7867089699005,2.6721450435344,0.8));
#2305=CARTESIAN_POINT('Ctrl Pts',(17.6787205767691,2.68824136705761,0.8));
#2306=CARTESIAN_POINT('Ctrl Pts',(17.5716419744554,2.70505393036448,0.8));
#2307=CARTESIAN_POINT('Ctrl Pts',(17.4654691074453,2.72260303676731,0.8));
#2308=CARTESIAN_POINT('Ctrl Pts',(17.3601984767102,2.74090509344712,0.8));
#2309=CARTESIAN_POINT('Ctrl Pts',(17.2558274747242,2.75996987198588,0.8));
#2310=CARTESIAN_POINT('Ctrl Pts',(17.1523539236755,2.77980355806623,0.8));
#2311=CARTESIAN_POINT('Ctrl Pts',(17.0497755613017,2.80041201599435,0.8));
#2312=CARTESIAN_POINT('Ctrl Pts',(16.9480895583239,2.82180372411051,0.8));
#2313=CARTESIAN_POINT('Ctrl Pts',(16.8472919101999,2.84399335795725,0.8));
#2314=CARTESIAN_POINT('Ctrl Pts',(16.7473771213426,2.86700345654045,0.8));
#2315=CARTESIAN_POINT('Ctrl Pts',(16.6483388674869,2.89086011901463,0.8));
#2316=CARTESIAN_POINT('Ctrl Pts',(16.5501704780866,2.91558952560724,0.8));
#2317=CARTESIAN_POINT('Ctrl Pts',(16.4528654480788,2.94121447225927,0.8));
#2318=CARTESIAN_POINT('Ctrl Pts',(16.3564179508358,2.96774998516087,0.8));
#2319=CARTESIAN_POINT('Ctrl Pts',(16.2608231536537,2.99520326449787,0.8));
#2320=CARTESIAN_POINT('Ctrl Pts',(16.1850265348214,3.017901983619,0.8));
#2321=CARTESIAN_POINT('Ctrl Pts',(16.1285600825982,3.03533986727249,0.8));
#2322=CARTESIAN_POINT('Ctrl Pts',(16.0910850093675,3.04714893654943,0.8));
#2323=CARTESIAN_POINT('Ctrl Pts',(16.0723897798236,3.05309942442486,0.8));
#2324=CARTESIAN_POINT('',(20.3937311316091,8.2722688412333,0.8));
#2325=CARTESIAN_POINT('Ctrl Pts',(16.0723897798236,3.05309942442486,0.8));
#2326=CARTESIAN_POINT('Ctrl Pts',(16.089377365495,3.07414191133702,0.8));
#2327=CARTESIAN_POINT('Ctrl Pts',(16.123358593351,3.11622280972343,0.8));
#2328=CARTESIAN_POINT('Ctrl Pts',(16.1743486046738,3.17933193098796,0.8));
#2329=CARTESIAN_POINT('Ctrl Pts',(16.2423716491843,3.26345295746059,0.8));
#2330=CARTESIAN_POINT('Ctrl Pts',(16.3274611234161,3.36856356220785,0.8));
#2331=CARTESIAN_POINT('Ctrl Pts',(16.4126112202207,3.47363395702758,0.8));
#2332=CARTESIAN_POINT('Ctrl Pts',(16.4978216676117,3.5786652003101,0.8));
#2333=CARTESIAN_POINT('Ctrl Pts',(16.5830918491739,3.68365916852163,0.8));
#2334=CARTESIAN_POINT('Ctrl Pts',(16.6684206860842,3.78861878129652,0.8));
#2335=CARTESIAN_POINT('Ctrl Pts',(16.7538069113053,3.89354733995436,0.8));
#2336=CARTESIAN_POINT('Ctrl Pts',(16.8392493403528,3.99844787141761,0.8));
#2337=CARTESIAN_POINT('Ctrl Pts',(16.9247471410179,4.10332247301264,0.8));
#2338=CARTESIAN_POINT('Ctrl Pts',(17.0103001044239,4.20817165044549,0.8));
#2339=CARTESIAN_POINT('Ctrl Pts',(17.0959089105867,4.3129936700705,0.8));
#2340=CARTESIAN_POINT('Ctrl Pts',(17.1815748624973,4.41778547909642,0.8));
#2341=CARTESIAN_POINT('Ctrl Pts',(17.2672996257312,4.52254360888774,0.8));
#2342=CARTESIAN_POINT('Ctrl Pts',(17.3530849659645,4.62726508027199,0.8));
#2343=CARTESIAN_POINT('Ctrl Pts',(17.4389324853705,4.73194831720676,0.8));
#2344=CARTESIAN_POINT('Ctrl Pts',(17.5248433599023,4.83659403974845,0.8));
#2345=CARTESIAN_POINT('Ctrl Pts',(17.610818277551,4.94120442247759,0.8));
#2346=CARTESIAN_POINT('Ctrl Pts',(17.6968573709007,5.04578227923069,0.8));
#2347=CARTESIAN_POINT('Ctrl Pts',(17.7829601497984,5.15033024450048,0.8));
#2348=CARTESIAN_POINT('Ctrl Pts',(17.8691254277586,5.25484995001927,0.8));
#2349=CARTESIAN_POINT('Ctrl Pts',(17.9553512548804,5.35934122262721,0.8));
#2350=CARTESIAN_POINT('Ctrl Pts',(18.0416353692881,5.46380271709824,0.8));
#2351=CARTESIAN_POINT('Ctrl Pts',(18.1279756395415,5.56823252505851,0.8));
#2352=CARTESIAN_POINT('Ctrl Pts',(18.2143705065974,5.6726287893137,0.8));
#2353=CARTESIAN_POINT('Ctrl Pts',(18.3008194306992,5.77699032189101,0.8));
#2354=CARTESIAN_POINT('Ctrl Pts',(18.3873233227842,5.88131720751942,0.8));
#2355=CARTESIAN_POINT('Ctrl Pts',(18.4738840216264,5.98561038333054,0.8));
#2356=CARTESIAN_POINT('Ctrl Pts',(18.560503786872,6.08987123772291,0.8));
#2357=CARTESIAN_POINT('Ctrl Pts',(18.6471847879951,6.19410120590627,0.8));
#2358=CARTESIAN_POINT('Ctrl Pts',(18.7339285891021,6.2983013649979,0.8));
#2359=CARTESIAN_POINT('Ctrl Pts',(18.8207356447373,6.4024720385932,0.8));
#2360=CARTESIAN_POINT('Ctrl Pts',(18.9076056306901,6.50661302200894,0.8));
#2361=CARTESIAN_POINT('Ctrl Pts',(18.9945377584432,6.61072379694854,0.8));
#2362=CARTESIAN_POINT('Ctrl Pts',(19.0815310916477,6.71480374930119,0.8));
#2363=CARTESIAN_POINT('Ctrl Pts',(19.1685848613236,6.81885238750019,0.8));
#2364=CARTESIAN_POINT('Ctrl Pts',(19.2556987743987,6.92286955756722,0.8));
#2365=CARTESIAN_POINT('Ctrl Pts',(19.342872882895,7.02685534061282,0.8));
#2366=CARTESIAN_POINT('Ctrl Pts',(19.4301074590905,7.13080995613165,0.8));
#2367=CARTESIAN_POINT('Ctrl Pts',(19.517402867718,7.23473366465135,0.8));
#2368=CARTESIAN_POINT('Ctrl Pts',(19.6047594374947,7.33862667123879,0.8));
#2369=CARTESIAN_POINT('Ctrl Pts',(19.6921773327893,7.44248903084083,0.8));
#2370=CARTESIAN_POINT('Ctrl Pts',(19.7796565842889,7.54632069462152,0.8));
#2371=CARTESIAN_POINT('Ctrl Pts',(19.8671971162599,7.6501215550799,0.8));
#2372=CARTESIAN_POINT('Ctrl Pts',(19.954798773102,7.75389149221029,0.8));
#2373=CARTESIAN_POINT('Ctrl Pts',(20.0424613441919,7.85763042017954,0.8));
#2374=CARTESIAN_POINT('Ctrl Pts',(20.1301845875928,7.9613383342909,0.8));
#2375=CARTESIAN_POINT('Ctrl Pts',(20.2179682621068,8.06501528105207,0.8));
#2376=CARTESIAN_POINT('Ctrl Pts',(20.2882433788814,8.1479321198057,0.8));
#2377=CARTESIAN_POINT('Ctrl Pts',(20.3409767493144,8.21010587312787,0.8));
#2378=CARTESIAN_POINT('Ctrl Pts',(20.3761443363811,8.25154887902839,0.8));
#2379=CARTESIAN_POINT('Ctrl Pts',(20.3937311316091,8.2722688412333,0.8));
#2380=CARTESIAN_POINT('',(19.9385599737683,9.3153553846562,0.8));
#2381=CARTESIAN_POINT('Origin',(-0.160878266371367,-0.0762811938063634,
0.8));
#2382=CARTESIAN_POINT('',(15.1768410596496,3.40384110970736,0.8));
#2383=CARTESIAN_POINT('Ctrl Pts',(19.9385599737683,9.3153553846562,0.8));
#2384=CARTESIAN_POINT('Ctrl Pts',(19.9193478195925,9.29189123437661,0.8));
#2385=CARTESIAN_POINT('Ctrl Pts',(19.8809256577629,9.24495936635254,0.8));
#2386=CARTESIAN_POINT('Ctrl Pts',(19.8232988545827,9.17455086192228,0.8));
#2387=CARTESIAN_POINT('Ctrl Pts',(19.7464760045378,9.08065143728068,0.8));
#2388=CARTESIAN_POINT('Ctrl Pts',(19.65046926178,8.96324137551857,0.8));
#2389=CARTESIAN_POINT('Ctrl Pts',(19.5544852770945,8.84579542366672,0.8));
#2390=CARTESIAN_POINT('Ctrl Pts',(19.4585258646556,8.72831346933534,0.8));
#2391=CARTESIAN_POINT('Ctrl Pts',(19.362593995407,8.61079542041636,0.8));
#2392=CARTESIAN_POINT('Ctrl Pts',(19.2666940759587,8.4932412292983,0.8));
#2393=CARTESIAN_POINT('Ctrl Pts',(19.1708309745039,8.37565088655905,0.8));
#2394=CARTESIAN_POINT('Ctrl Pts',(19.0750090497957,8.25802441555404,0.8));
#2395=CARTESIAN_POINT('Ctrl Pts',(18.9792311789526,8.14036186774046,0.8));
#2396=CARTESIAN_POINT('Ctrl Pts',(18.8834977776341,8.02266331883461,0.8));
#2397=CARTESIAN_POINT('Ctrl Pts',(18.7878058263712,7.90492886562029,0.8));
#2398=CARTESIAN_POINT('Ctrl Pts',(18.692150323303,7.7871586013207,0.8));
#2399=CARTESIAN_POINT('Ctrl Pts',(18.5965257216279,7.6693525917666,0.8));
#2400=CARTESIAN_POINT('Ctrl Pts',(18.5009273667081,7.5515108522385,0.8));
#2401=CARTESIAN_POINT('Ctrl Pts',(18.4053529394217,7.43363332482275,0.8));
#2402=CARTESIAN_POINT('Ctrl Pts',(18.3098038854765,7.31571985665455,0.8));
#2403=CARTESIAN_POINT('Ctrl Pts',(18.2142840258333,7.19777022688305,0.8));
#2404=CARTESIAN_POINT('Ctrl Pts',(18.1187981885857,7.07978417393105,0.8));
#2405=CARTESIAN_POINT('Ctrl Pts',(18.0233508382626,6.96176142345913,0.8));
#2406=CARTESIAN_POINT('Ctrl Pts',(17.9279446996765,6.84370171711856,0.8));
#2407=CARTESIAN_POINT('Ctrl Pts',(17.832579395241,6.72560484172766,0.8));
#2408=CARTESIAN_POINT('Ctrl Pts',(17.7372525882582,6.60747061191757,0.8));
#2409=CARTESIAN_POINT('Ctrl Pts',(17.6419611040385,6.4892988538676,0.8));
#2410=CARTESIAN_POINT('Ctrl Pts',(17.5467020529043,6.37108938981859,0.8));
#2411=CARTESIAN_POINT('Ctrl Pts',(17.4514739563892,6.25284202305654,0.8));
#2412=CARTESIAN_POINT('Ctrl Pts',(17.3562778598171,6.13455652447126,0.8));
#2413=CARTESIAN_POINT('Ctrl Pts',(17.2611162812852,6.01623272889656,0.8));
#2414=CARTESIAN_POINT('Ctrl Pts',(17.1659921785728,5.89787063169545,0.8));
#2415=CARTESIAN_POINT('Ctrl Pts',(17.070907912517,5.77947048628114,0.8));
#2416=CARTESIAN_POINT('Ctrl Pts',(16.9758642050945,5.66103290384956,0.8));
#2417=CARTESIAN_POINT('Ctrl Pts',(16.8808591086525,5.54255895173078,0.8));
#2418=CARTESIAN_POINT('Ctrl Pts',(16.7858891756622,5.42404986376029,0.8));
#2419=CARTESIAN_POINT('Ctrl Pts',(16.6909506096538,5.30550675423326,0.8));
#2420=CARTESIAN_POINT('Ctrl Pts',(16.5960404184622,5.18693033195069,0.8));
#2421=CARTESIAN_POINT('Ctrl Pts',(16.5011575713127,5.06832061301738,0.8));
#2422=CARTESIAN_POINT('Ctrl Pts',(16.4063041455619,4.94967663703564,0.8));
#2423=CARTESIAN_POINT('Ctrl Pts',(16.3114841664438,4.83099685318554,0.8));
#2424=CARTESIAN_POINT('Ctrl Pts',(16.2167024641032,4.71227950180787,0.8));
#2425=CARTESIAN_POINT('Ctrl Pts',(16.1219635274395,4.5935229974006,0.8));
#2426=CARTESIAN_POINT('Ctrl Pts',(16.0272703555992,4.47472631314902,0.8));
#2427=CARTESIAN_POINT('Ctrl Pts',(15.9326233134488,4.35588936461804,0.8));
#2428=CARTESIAN_POINT('Ctrl Pts',(15.8380208593416,4.23701275157916,0.8));
#2429=CARTESIAN_POINT('Ctrl Pts',(15.7434602595147,4.11809750496316,0.8));
#2430=CARTESIAN_POINT('Ctrl Pts',(15.6489383022195,3.99914483443728,0.8));
#2431=CARTESIAN_POINT('Ctrl Pts',(15.5544520095271,3.88015587729672,0.8));
#2432=CARTESIAN_POINT('Ctrl Pts',(15.4599993471332,3.76113144853087,0.8));
#2433=CARTESIAN_POINT('Ctrl Pts',(15.3655790453875,3.64207209180073,0.8));
#2434=CARTESIAN_POINT('Ctrl Pts',(15.2900681479395,3.5467969221792,0.8));
#2435=CARTESIAN_POINT('Ctrl Pts',(15.2334491102663,3.47532504124291,0.8));
#2436=CARTESIAN_POINT('Ctrl Pts',(15.1957093634689,3.42767023456202,0.8));
#2437=CARTESIAN_POINT('Ctrl Pts',(15.1768410596496,3.40384110970735,0.8));
#2438=CARTESIAN_POINT('',(12.2291812719931,6.40050250970448,0.8));
#2439=CARTESIAN_POINT('Ctrl Pts',(15.1768410596496,3.40384110970735,0.8));
#2440=CARTESIAN_POINT('Ctrl Pts',(15.1620714817301,3.41084552398787,0.8));
#2441=CARTESIAN_POINT('Ctrl Pts',(15.1325932275284,3.42494484171427,0.8));
#2442=CARTESIAN_POINT('Ctrl Pts',(15.0885585511862,3.44636528575512,0.8));
#2443=CARTESIAN_POINT('Ctrl Pts',(15.0302112969032,3.47546916672485,0.8));
#2444=CARTESIAN_POINT('Ctrl Pts',(14.9578878497653,3.51275719546676,0.8));
#2445=CARTESIAN_POINT('Ctrl Pts',(14.8861762472015,3.55095794313645,0.8));
#2446=CARTESIAN_POINT('Ctrl Pts',(14.8150771444955,3.59007780158252,0.8));
#2447=CARTESIAN_POINT('Ctrl Pts',(14.7445899706177,3.63012503659529,0.8));
#2448=CARTESIAN_POINT('Ctrl Pts',(14.674712423215,3.67110970549327,0.8));
#2449=CARTESIAN_POINT('Ctrl Pts',(14.6054412504892,3.71304288167996,0.8));
#2450=CARTESIAN_POINT('Ctrl Pts',(14.5367729142042,3.75593590091849,0.8));
#2451=CARTESIAN_POINT('Ctrl Pts',(14.4687042459379,3.7997996247952,0.8));
#2452=CARTESIAN_POINT('Ctrl Pts',(14.4012331699824,3.84464355037949,0.8));
#2453=CARTESIAN_POINT('Ctrl Pts',(14.3343591313184,3.89047532469052,0.8));
#2454=CARTESIAN_POINT('Ctrl Pts',(14.2680825921207,3.93730157082815,0.8));
#2455=CARTESIAN_POINT('Ctrl Pts',(14.2024046665535,3.98512849432063,0.8));
#2456=CARTESIAN_POINT('Ctrl Pts',(14.1373267072792,4.0339624839892,0.8));
#2457=CARTESIAN_POINT('Ctrl Pts',(14.072849846606,4.08381083681163,0.8));
#2458=CARTESIAN_POINT('Ctrl Pts',(14.0089747127633,4.13468188728678,0.8));
#2459=CARTESIAN_POINT('Ctrl Pts',(13.9457014831368,4.18658413521896,0.8));
#2460=CARTESIAN_POINT('Ctrl Pts',(13.8830298367372,4.2395255359718,0.8));
#2461=CARTESIAN_POINT('Ctrl Pts',(13.8209589445988,4.29351278645847,0.8));
#2462=CARTESIAN_POINT('Ctrl Pts',(13.7594873875215,4.34855035920685,0.8));
#2463=CARTESIAN_POINT('Ctrl Pts',(13.6986132324221,4.40464046281024,0.8));
#2464=CARTESIAN_POINT('Ctrl Pts',(13.6383342676731,4.46178399834146,0.8));
#2465=CARTESIAN_POINT('Ctrl Pts',(13.5786481846303,4.51998124996898,0.8));
#2466=CARTESIAN_POINT('Ctrl Pts',(13.5195527551749,4.57923258538604,0.8));
#2467=CARTESIAN_POINT('Ctrl Pts',(13.461046015629,4.63953928624704,0.8));
#2468=CARTESIAN_POINT('Ctrl Pts',(13.4031263382252,4.70090358993223,0.8));
#2469=CARTESIAN_POINT('Ctrl Pts',(13.3457924047464,4.76332809948252,0.8));
#2470=CARTESIAN_POINT('Ctrl Pts',(13.2890432001424,4.82681533417547,0.8));
#2471=CARTESIAN_POINT('Ctrl Pts',(13.232877969253,4.89136722954781,0.8));
#2472=CARTESIAN_POINT('Ctrl Pts',(13.1772962054243,4.95698453523778,0.8));
#2473=CARTESIAN_POINT('Ctrl Pts',(13.1222974688485,5.02366664031747,0.8));
#2474=CARTESIAN_POINT('Ctrl Pts',(13.0678810997932,5.09141170753624,0.8));
#2475=CARTESIAN_POINT('Ctrl Pts',(13.0140459258229,5.16021667301621,0.8));
#2476=CARTESIAN_POINT('Ctrl Pts',(12.9607900013283,5.23007729335807,0.8));
#2477=CARTESIAN_POINT('Ctrl Pts',(12.9081101974331,5.3009880763164,0.8));
#2478=CARTESIAN_POINT('Ctrl Pts',(12.856002335584,5.37294249384003,0.8));
#2479=CARTESIAN_POINT('Ctrl Pts',(12.8044617380722,5.44593339832051,0.8));
#2480=CARTESIAN_POINT('Ctrl Pts',(12.753483658958,5.51995336033693,0.8));
#2481=CARTESIAN_POINT('Ctrl Pts',(12.7030637106946,5.59499499027626,0.8));
#2482=CARTESIAN_POINT('Ctrl Pts',(12.6531983669465,5.67105128107038,0.8));
#2483=CARTESIAN_POINT('Ctrl Pts',(12.6038850835493,5.74811575024021,0.8));
#2484=CARTESIAN_POINT('Ctrl Pts',(12.5551219501602,5.82618234135637,0.8));
#2485=CARTESIAN_POINT('Ctrl Pts',(12.5069074405617,5.90524535439165,0.8));
#2486=CARTESIAN_POINT('Ctrl Pts',(12.4592401304079,5.98529935617047,0.8));
#2487=CARTESIAN_POINT('Ctrl Pts',(12.4121183617461,6.06633902620019,0.8));
#2488=CARTESIAN_POINT('Ctrl Pts',(12.3655400798486,6.14835914694781,0.8));
#2489=CARTESIAN_POINT('Ctrl Pts',(12.3195032053358,6.23135505115796,0.8));
#2490=CARTESIAN_POINT('Ctrl Pts',(12.283105357129,6.2985293811113,0.8));
#2491=CARTESIAN_POINT('Ctrl Pts',(12.2560491825821,6.34934639628986,0.8));
#2492=CARTESIAN_POINT('Ctrl Pts',(12.2381193122843,6.38341817682495,0.8));
#2493=CARTESIAN_POINT('Ctrl Pts',(12.2291812719931,6.40050250970449,0.8));
#2494=CARTESIAN_POINT('',(11.6755826420711,7.36110916018557,0.8));
#2495=CARTESIAN_POINT('Origin',(0.0270566334603073,0.00822822245712063,
0.8));
#2496=CARTESIAN_POINT('',(18.210636206847,12.3552076369389,0.8));
#2497=CARTESIAN_POINT('Ctrl Pts',(11.6755826420711,7.36110916018557,0.8));
#2498=CARTESIAN_POINT('Ctrl Pts',(11.7116884563628,7.38900070358844,0.8));
#2499=CARTESIAN_POINT('Ctrl Pts',(11.7837891975619,7.44469012534425,0.8));
#2500=CARTESIAN_POINT('Ctrl Pts',(11.8916076472718,7.52794326287233,0.8));
#2501=CARTESIAN_POINT('Ctrl Pts',(12.0346998221513,7.63838508961704,0.8));
#2502=CARTESIAN_POINT('Ctrl Pts',(12.2124514565974,7.77549689981486,0.8));
#2503=CARTESIAN_POINT('Ctrl Pts',(12.3890818881281,7.91166227089517,0.8));
#2504=CARTESIAN_POINT('Ctrl Pts',(12.5645791752362,8.04687205328457,0.8));
#2505=CARTESIAN_POINT('Ctrl Pts',(12.7389263275608,8.18111346553129,0.8));
#2506=CARTESIAN_POINT('Ctrl Pts',(12.9121007052477,8.31436972956145,0.8));
#2507=CARTESIAN_POINT('Ctrl Pts',(13.0840731552786,8.44661954317904,0.8));
#2508=CARTESIAN_POINT('Ctrl Pts',(13.2548081691979,8.5778372040264,0.8));
#2509=CARTESIAN_POINT('Ctrl Pts',(13.4242650855111,8.70799339958148,0.8));
#2510=CARTESIAN_POINT('Ctrl Pts',(13.592399021175,8.83705583019962,0.8));
#2511=CARTESIAN_POINT('Ctrl Pts',(13.7591619522423,8.96498993007167,0.8));
#2512=CARTESIAN_POINT('Ctrl Pts',(13.9245037234397,9.09175955011929,0.8));
#2513=CARTESIAN_POINT('Ctrl Pts',(14.0883732040825,9.21732773261724,0.8));
#2514=CARTESIAN_POINT('Ctrl Pts',(14.2507191610099,9.34165732855106,0.8));
#2515=CARTESIAN_POINT('Ctrl Pts',(14.4114900179776,9.46471098573858,0.8));
#2516=CARTESIAN_POINT('Ctrl Pts',(14.5706338051954,9.58645124804525,0.8));
#2517=CARTESIAN_POINT('Ctrl Pts',(14.7280981029014,9.70684067083695,0.8));
#2518=CARTESIAN_POINT('Ctrl Pts',(14.8838299728612,9.82584190986282,0.8));
#2519=CARTESIAN_POINT('Ctrl Pts',(15.0377760833891,9.94341799583961,0.8));
#2520=CARTESIAN_POINT('Ctrl Pts',(15.1898823641752,10.0595321547432,0.8));
#2521=CARTESIAN_POINT('Ctrl Pts',(15.3400912462273,10.1741453421279,0.8));
#2522=CARTESIAN_POINT('Ctrl Pts',(15.4883393679643,10.2872142002643,0.8));
#2523=CARTESIAN_POINT('Ctrl Pts',(15.6345549376257,10.3986887212054,0.8));
#2524=CARTESIAN_POINT('Ctrl Pts',(15.7786557357486,10.5085104306164,0.8));
#2525=CARTESIAN_POINT('Ctrl Pts',(15.9205457458336,10.6166094675479,0.8));
#2526=CARTESIAN_POINT('Ctrl Pts',(16.0601166163946,10.7229055380455,0.8));
#2527=CARTESIAN_POINT('Ctrl Pts',(16.1972548655145,10.8273134759379,0.8));
#2528=CARTESIAN_POINT('Ctrl Pts',(16.3318477428074,10.9297477159172,0.8));
#2529=CARTESIAN_POINT('Ctrl Pts',(16.4637895103646,11.0301271189895,0.8));
#2530=CARTESIAN_POINT('Ctrl Pts',(16.592988079852,11.1283800336391,0.8));
#2531=CARTESIAN_POINT('Ctrl Pts',(16.7193703406508,11.2244484292005,0.8));
#2532=CARTESIAN_POINT('Ctrl Pts',(16.8428584381985,11.3182711684081,0.8));
#2533=CARTESIAN_POINT('Ctrl Pts',(16.9633471885321,11.4097681034752,0.8));
#2534=CARTESIAN_POINT('Ctrl Pts',(17.080681510414,11.4988241836385,0.8));
#2535=CARTESIAN_POINT('Ctrl Pts',(17.1946328431655,11.5852728517188,0.8));
#2536=CARTESIAN_POINT('Ctrl Pts',(17.3048784071,11.6688814551026,0.8));
#2537=CARTESIAN_POINT('Ctrl Pts',(17.4110560828993,11.7493893634173,0.8));
#2538=CARTESIAN_POINT('Ctrl Pts',(17.5128243241143,11.8265497555406,0.8));
#2539=CARTESIAN_POINT('Ctrl Pts',(17.6099071351461,11.9001606312536,0.8));
#2540=CARTESIAN_POINT('Ctrl Pts',(17.7021771881533,11.9701233141257,0.8));
#2541=CARTESIAN_POINT('Ctrl Pts',(17.7896061708119,12.0364052179215,0.8));
#2542=CARTESIAN_POINT('Ctrl Pts',(17.8720120063386,12.0988558110704,0.8));
#2543=CARTESIAN_POINT('Ctrl Pts',(17.948883480458,12.1570789070202,0.8));
#2544=CARTESIAN_POINT('Ctrl Pts',(18.0191112747392,12.2102362581594,0.8));
#2545=CARTESIAN_POINT('Ctrl Pts',(18.0809616252001,12.2570298726181,0.8));
#2546=CARTESIAN_POINT('Ctrl Pts',(18.1325882960144,12.2960813885104,0.8));
#2547=CARTESIAN_POINT('Ctrl Pts',(18.1724011311888,12.3262054660029,0.8));
#2548=CARTESIAN_POINT('Ctrl Pts',(18.1941378456318,12.3426691647596,0.8));
#2549=CARTESIAN_POINT('Ctrl Pts',(18.2046413565818,12.3506399267832,0.8));
#2550=CARTESIAN_POINT('Ctrl Pts',(18.2090672954733,12.3540091490607,0.8));
#2551=CARTESIAN_POINT('Ctrl Pts',(18.210636206847,12.3552076369389,0.8));
#2552=CARTESIAN_POINT('Origin',(-0.00272427334101488,-0.00871878448490904,
0.8));
#2553=CARTESIAN_POINT('',(20.0085059332547,9.40072377899237,0.8));
#2554=CARTESIAN_POINT('',(19.9385599737683,9.3153553846562,0.8));
#2555=CARTESIAN_POINT('Origin',(0.090375504669149,0.0484851963321445,0.8));
#2556=CARTESIAN_POINT('',(12.6673227256898,0.200859087978316,0.8));
#2557=CARTESIAN_POINT('Ctrl Pts',(9.11321553315561,-4.46898228305408,0.8));
#2558=CARTESIAN_POINT('Ctrl Pts',(9.12047189509605,-4.45925238816523,0.8));
#2559=CARTESIAN_POINT('Ctrl Pts',(9.16428840233729,-4.40050669808333,0.8));
#2560=CARTESIAN_POINT('Ctrl Pts',(9.24470073329324,-4.29277248348085,0.8));
#2561=CARTESIAN_POINT('Ctrl Pts',(9.36178501217174,-4.13610807127555,0.8));
#2562=CARTESIAN_POINT('Ctrl Pts',(9.51565579785006,-3.93060167373507,0.8));
#2563=CARTESIAN_POINT('Ctrl Pts',(9.69916468322577,-3.68606712616949,0.8));
#2564=CARTESIAN_POINT('Ctrl Pts',(9.88293233887316,-3.44173331846823,0.8));
#2565=CARTESIAN_POINT('Ctrl Pts',(10.0669536634188,-3.197597275272,0.8));
#2566=CARTESIAN_POINT('Ctrl Pts',(10.2512231696263,-2.95365576634871,0.8));
#2567=CARTESIAN_POINT('Ctrl Pts',(10.4357352172678,-2.70990550317738,0.8));
#2568=CARTESIAN_POINT('Ctrl Pts',(10.6204842417635,-2.46634333227692,0.8));
#2569=CARTESIAN_POINT('Ctrl Pts',(10.8054649778148,-2.22296642478776,0.8));
#2570=CARTESIAN_POINT('Ctrl Pts',(10.990672678824,-1.97977246278717,0.8));
#2571=CARTESIAN_POINT('Ctrl Pts',(11.1761033332249,-1.73675982354793,0.8));
#2572=CARTESIAN_POINT('Ctrl Pts',(11.361753582716,-1.49392741903642,0.8));
#2573=CARTESIAN_POINT('Ctrl Pts',(11.5476206367142,-1.25127453215484,0.8));
#2574=CARTESIAN_POINT('Ctrl Pts',(11.73370218372,-1.00880065029993,0.8));
#2575=CARTESIAN_POINT('Ctrl Pts',(11.9199962992507,-0.766505295762755,0.8));
#2576=CARTESIAN_POINT('Ctrl Pts',(12.1065013501011,-0.524387852277729,0.8));
#2577=CARTESIAN_POINT('Ctrl Pts',(12.2932160243003,-0.282447668194424,0.8));
#2578=CARTESIAN_POINT('Ctrl Pts',(12.4427546909783,-0.0890368587555738,
0.8));
#2579=CARTESIAN_POINT('Ctrl Pts',(12.5550023205463,0.0559419375918209,0.8));
#2580=CARTESIAN_POINT('Ctrl Pts',(12.6298756596345,0.152559242226951,0.8));
#2581=CARTESIAN_POINT('Ctrl Pts',(12.6673227256898,0.200859087978316,0.8));
#2582=CARTESIAN_POINT('',(13.7175478550848,1.54955161690667,0.8));
#2583=CARTESIAN_POINT('',(12.6673227256898,0.200859087978316,0.8));
#2584=CARTESIAN_POINT('',(13.8036943157787,0.204647126874049,0.8));
#2585=CARTESIAN_POINT('Origin',(-0.00840148162132959,-0.00486107225810828,
0.8));
#2586=CARTESIAN_POINT('',(12.5981196204403,-1.34212064624499,0.8));
#2587=CARTESIAN_POINT('',(13.8036943157787,0.20464712687405,0.8));
#2588=CARTESIAN_POINT('',(5.1247092222337,-11.5870187243118,0.8));
#2589=CARTESIAN_POINT('Ctrl Pts',(12.5981196204403,-1.34212064624499,0.8));
#2590=CARTESIAN_POINT('Ctrl Pts',(12.5671956794785,-1.38209718402157,0.8));
#2591=CARTESIAN_POINT('Ctrl Pts',(12.5053674774586,-1.46206695218011,0.8));
#2592=CARTESIAN_POINT('Ctrl Pts',(12.4126842141373,-1.58207168223291,0.8));
#2593=CARTESIAN_POINT('Ctrl Pts',(12.2892246860573,-1.74217820984392,0.8));
#2594=CARTESIAN_POINT('Ctrl Pts',(12.135097688528,-1.94247881549199,0.8));
#2595=CARTESIAN_POINT('Ctrl Pts',(11.9811687868965,-2.14294744574921,0.8));
#2596=CARTESIAN_POINT('Ctrl Pts',(11.8274387639719,-2.34358476267561,0.8));
#2597=CARTESIAN_POINT('Ctrl Pts',(11.6739083996161,-2.54439142380571,0.8));
#2598=CARTESIAN_POINT('Ctrl Pts',(11.5205783647565,-2.74536799433167,0.8));
#2599=CARTESIAN_POINT('Ctrl Pts',(11.3674491555639,-2.94651514243685,0.8));
#2600=CARTESIAN_POINT('Ctrl Pts',(11.2145210221562,-3.14783382875101,0.8));
#2601=CARTESIAN_POINT('Ctrl Pts',(11.061793894391,-3.34932549248407,0.8));
#2602=CARTESIAN_POINT('Ctrl Pts',(10.9092672996466,-3.55099223867351,0.8));
#2603=CARTESIAN_POINT('Ctrl Pts',(10.7569402847338,-3.75283701224338,0.8));
#2604=CARTESIAN_POINT('Ctrl Pts',(10.6048116942809,-3.95486331423367,0.8));
#2605=CARTESIAN_POINT('Ctrl Pts',(10.4528804374008,-4.15707492467899,0.8));
#2606=CARTESIAN_POINT('Ctrl Pts',(10.3011457515357,-4.35947562149674,0.8));
#2607=CARTESIAN_POINT('Ctrl Pts',(10.1496074665327,-4.56206889025225,0.8));
#2608=CARTESIAN_POINT('Ctrl Pts',(9.99826625327056,-4.76485764809162,0.8));
#2609=CARTESIAN_POINT('Ctrl Pts',(9.84712348772371,-4.96784450384575,0.8));
#2610=CARTESIAN_POINT('Ctrl Pts',(9.69618112527554,-5.1710319979517,0.8));
#2611=CARTESIAN_POINT('Ctrl Pts',(9.54544156636978,-5.37442284072957,0.8));
#2612=CARTESIAN_POINT('Ctrl Pts',(9.39490752382888,-5.57802015386633,0.8));
#2613=CARTESIAN_POINT('Ctrl Pts',(9.24458187818839,-5.78182768348093,0.8));
#2614=CARTESIAN_POINT('Ctrl Pts',(9.09446736794319,-5.98584941982065,0.8));
#2615=CARTESIAN_POINT('Ctrl Pts',(8.94456627820009,-6.19008923277561,0.8));
#2616=CARTESIAN_POINT('Ctrl Pts',(8.79488012966019,-6.39455050267276,0.8));
#2617=CARTESIAN_POINT('Ctrl Pts',(8.645409344493,-6.59923572928224,0.8));
#2618=CARTESIAN_POINT('Ctrl Pts',(8.49615295549661,-6.8041461882515,0.8));
#2619=CARTESIAN_POINT('Ctrl Pts',(8.34710931832514,-7.00928268783101,0.8));
#2620=CARTESIAN_POINT('Ctrl Pts',(8.19827677884333,-7.21464627801831,0.8));
#2621=CARTESIAN_POINT('Ctrl Pts',(8.0496543423399,-7.42023895994921,0.8));
#2622=CARTESIAN_POINT('Ctrl Pts',(7.90124235721671,-7.62606441759455,0.8));
#2623=CARTESIAN_POINT('Ctrl Pts',(7.75304313324168,-7.83212866197332,0.8));
#2624=CARTESIAN_POINT('Ctrl Pts',(7.60506023904574,-8.03843891875352,0.8));
#2625=CARTESIAN_POINT('Ctrl Pts',(7.45729785338566,-8.24500258469999,0.8));
#2626=CARTESIAN_POINT('Ctrl Pts',(7.30976009886992,-8.45182616646232,0.8));
#2627=CARTESIAN_POINT('Ctrl Pts',(7.16245036211559,-8.65891418619876,0.8));
#2628=CARTESIAN_POINT('Ctrl Pts',(7.0153706545344,-8.86626817919307,0.8));
#2629=CARTESIAN_POINT('Ctrl Pts',(6.86852204692343,-9.07388794323663,0.8));
#2630=CARTESIAN_POINT('Ctrl Pts',(6.72190505369368,-9.28177269000074,0.8));
#2631=CARTESIAN_POINT('Ctrl Pts',(6.57552002491499,-9.48992221300707,0.8));
#2632=CARTESIAN_POINT('Ctrl Pts',(6.42936753469268,-9.69833806612683,0.8));
#2633=CARTESIAN_POINT('Ctrl Pts',(6.28344874509159,-9.9070246652596,0.8));
#2634=CARTESIAN_POINT('Ctrl Pts',(6.13776514020649,-10.11598820823,0.8));
#2635=CARTESIAN_POINT('Ctrl Pts',(5.99231827714976,-10.3252356652592,0.8));
#2636=CARTESIAN_POINT('Ctrl Pts',(5.84710952606106,-10.5347737428313,0.8));
#2637=CARTESIAN_POINT('Ctrl Pts',(5.70213980432095,-10.7446078400956,0.8));
#2638=CARTESIAN_POINT('Ctrl Pts',(5.55740931495526,-10.9547410277139,0.8));
#2639=CARTESIAN_POINT('Ctrl Pts',(5.41291779982376,-11.1651746692335,0.8));
#2640=CARTESIAN_POINT('Ctrl Pts',(5.29751538083751,-11.3337621323135,0.8));
#2641=CARTESIAN_POINT('Ctrl Pts',(5.21107067528723,-11.460337897345,0.8));
#2642=CARTESIAN_POINT('Ctrl Pts',(5.15348844444162,-11.5447817760893,0.8));
#2643=CARTESIAN_POINT('Ctrl Pts',(5.1247092222337,-11.5870187243118,0.8));
#2644=CARTESIAN_POINT('',(3.64297269362741,-12.1342636053238,0.8));
#2645=CARTESIAN_POINT('Origin',(-0.00506941109528147,0.022903186550145,
0.8));
#2646=CARTESIAN_POINT('Ctrl Pts',(3.64297269362741,-12.1342636053238,0.8));
#2647=CARTESIAN_POINT('Ctrl Pts',(3.67725155637377,-12.0836257604949,0.8));
#2648=CARTESIAN_POINT('Ctrl Pts',(3.74585484221104,-11.9823809866446,0.8));
#2649=CARTESIAN_POINT('Ctrl Pts',(3.84889645199366,-11.8306065732871,0.8));
#2650=CARTESIAN_POINT('Ctrl Pts',(3.98655880520317,-11.6284263045069,0.8));
#2651=CARTESIAN_POINT('Ctrl Pts',(4.15909305377183,-11.3760107131353,0.8));
#2652=CARTESIAN_POINT('Ctrl Pts',(4.33208303969001,-11.1239048072375,0.8));
#2653=CARTESIAN_POINT('Ctrl Pts',(4.50552626753069,-10.8721075490572,0.8));
#2654=CARTESIAN_POINT('Ctrl Pts',(4.67941735434202,-10.6206163798848,0.8));
#2655=CARTESIAN_POINT('Ctrl Pts',(4.85374705244024,-10.3694266682164,0.8));
#2656=CARTESIAN_POINT('Ctrl Pts',(5.02850385308695,-10.1185325229705,0.8));
#2657=CARTESIAN_POINT('Ctrl Pts',(5.20367557737791,-9.86792759843164,0.8));
#2658=CARTESIAN_POINT('Ctrl Pts',(5.37925095738063,-9.61760589243674,0.8));
#2659=CARTESIAN_POINT('Ctrl Pts',(5.55522121014136,-9.36756253915043,0.8));
#2660=CARTESIAN_POINT('Ctrl Pts',(5.73158161028213,-9.11779459928445,0.8));
#2661=CARTESIAN_POINT('Ctrl Pts',(5.90832991868398,-8.86830030213019,0.8));
#2662=CARTESIAN_POINT('Ctrl Pts',(6.08546480674908,-8.61907828364322,0.8));
#2663=CARTESIAN_POINT('Ctrl Pts',(6.2629842748465,-8.37012681992163,0.8));
#2664=CARTESIAN_POINT('Ctrl Pts',(6.44088406251265,-8.12144305494644,0.8));
#2665=CARTESIAN_POINT('Ctrl Pts',(6.61915604381739,-7.87302221930833,0.8));
#2666=CARTESIAN_POINT('Ctrl Pts',(6.76437078744893,-7.67128500656421,0.8));
#2667=CARTESIAN_POINT('Ctrl Pts',(6.87402318655395,-7.51929827744528,0.8));
#2668=CARTESIAN_POINT('Ctrl Pts',(6.94796818863706,-7.41695845315505,0.8));
#2669=CARTESIAN_POINT('Ctrl Pts',(6.98611668487539,-7.36420139339003,0.8));
#2670=CARTESIAN_POINT('Ctrl Pts',(6.98843152243216,-7.36100026193972,0.8));
#2671=CARTESIAN_POINT('',(16.8911441594971,14.1046236643551,0.8));
#2672=CARTESIAN_POINT('',(10.2355686537688,9.25788631459609,0.8));
#2673=CARTESIAN_POINT('Ctrl Pts',(16.8911441594971,14.1046236643551,0.8));
#2674=CARTESIAN_POINT('Ctrl Pts',(16.8640714870699,14.0856990963177,0.8));
#2675=CARTESIAN_POINT('Ctrl Pts',(16.8099354736521,14.0478404958162,0.8));
#2676=CARTESIAN_POINT('Ctrl Pts',(16.7287594478319,13.9910242017862,0.8));
#2677=CARTESIAN_POINT('Ctrl Pts',(16.6205807718448,13.9152123195159,0.8));
#2678=CARTESIAN_POINT('Ctrl Pts',(16.4854509068142,13.8203525973604,0.8));
#2679=CARTESIAN_POINT('Ctrl Pts',(16.3504144697322,13.7253978873157,0.8));
#2680=CARTESIAN_POINT('Ctrl Pts',(16.2154710785459,13.6303482337201,0.8));
#2681=CARTESIAN_POINT('Ctrl Pts',(16.080619847061,13.5352039631655,0.8));
#2682=CARTESIAN_POINT('Ctrl Pts',(15.9458592035491,13.4399658088665,0.8));
#2683=CARTESIAN_POINT('Ctrl Pts',(15.8111872782624,13.3446347053133,0.8));
#2684=CARTESIAN_POINT('Ctrl Pts',(15.67660229217,13.2492115830211,0.8));
#2685=CARTESIAN_POINT('Ctrl Pts',(15.5421029442235,13.1536971652287,0.8));
#2686=CARTESIAN_POINT('Ctrl Pts',(15.4076887943944,13.0580917676158,0.8));
#2687=CARTESIAN_POINT('Ctrl Pts',(15.2733606573803,12.9623950939183,0.8));
#2688=CARTESIAN_POINT('Ctrl Pts',(15.1391201715742,12.866606431202,0.8));
#2689=CARTESIAN_POINT('Ctrl Pts',(15.0049693575263,12.7707248512413,0.8));
#2690=CARTESIAN_POINT('Ctrl Pts',(14.8709101775651,12.6747494121242,0.8));
#2691=CARTESIAN_POINT('Ctrl Pts',(14.736944096437,12.5786793606172,0.8));
#2692=CARTESIAN_POINT('Ctrl Pts',(14.6030716273534,12.482514341559,0.8));
#2693=CARTESIAN_POINT('Ctrl Pts',(14.4692925995275,12.3862543118739,0.8));
#2694=CARTESIAN_POINT('Ctrl Pts',(14.3356064350212,12.2898994518968,0.8));
#2695=CARTESIAN_POINT('Ctrl Pts',(14.202012419518,12.1934500805368,0.8));
#2696=CARTESIAN_POINT('Ctrl Pts',(14.0685099696386,12.0969065729281,0.8));
#2697=CARTESIAN_POINT('Ctrl Pts',(13.9350989068434,12.0002692773387,0.8));
#2698=CARTESIAN_POINT('Ctrl Pts',(13.8017792702948,11.9035385883717,0.8));
#2699=CARTESIAN_POINT('Ctrl Pts',(13.6685511193821,11.8067150247873,0.8));
#2700=CARTESIAN_POINT('Ctrl Pts',(13.5354143364989,11.7097993095721,0.8));
#2701=CARTESIAN_POINT('Ctrl Pts',(13.4023684296686,11.6127924496376,0.8));
#2702=CARTESIAN_POINT('Ctrl Pts',(13.269412323841,11.5156958260519,0.8));
#2703=CARTESIAN_POINT('Ctrl Pts',(13.13654461368,11.4185108813272,0.8));
#2704=CARTESIAN_POINT('Ctrl Pts',(13.0037638233631,11.3212388012104,0.8));
#2705=CARTESIAN_POINT('Ctrl Pts',(12.8710686619669,11.223880198118,0.8));
#2706=CARTESIAN_POINT('Ctrl Pts',(12.73845827629,11.1264348004409,0.8));
#2707=CARTESIAN_POINT('Ctrl Pts',(12.6059325094884,11.0289011248209,0.8));
#2708=CARTESIAN_POINT('Ctrl Pts',(12.4734917744131,10.9312770572125,0.8));
#2709=CARTESIAN_POINT('Ctrl Pts',(12.3411369184784,10.8335604513324,0.8));
#2710=CARTESIAN_POINT('Ctrl Pts',(12.2088690906581,10.7357497255548,0.8));
#2711=CARTESIAN_POINT('Ctrl Pts',(12.0766896059293,10.6378444574634,0.8));
#2712=CARTESIAN_POINT('Ctrl Pts',(11.94459980934,10.5398460031658,0.8));
#2713=CARTESIAN_POINT('Ctrl Pts',(11.8126009113767,10.4417568207279,0.8));
#2714=CARTESIAN_POINT('Ctrl Pts',(11.6806938212934,10.3435797758069,0.8));
#2715=CARTESIAN_POINT('Ctrl Pts',(11.5488789772734,10.2453174559442,0.8));
#2716=CARTESIAN_POINT('Ctrl Pts',(11.4171561758803,10.146971488115,0.8));
#2717=CARTESIAN_POINT('Ctrl Pts',(11.2855243928072,10.0485418425856,0.8));
#2718=CARTESIAN_POINT('Ctrl Pts',(11.1539820378963,9.95002730704903,0.8));
#2719=CARTESIAN_POINT('Ctrl Pts',(11.0225272128653,9.85142597555678,0.8));
#2720=CARTESIAN_POINT('Ctrl Pts',(10.8911579648539,9.75273573272827,0.8));
#2721=CARTESIAN_POINT('Ctrl Pts',(10.7598725382112,9.65395473995416,0.8));
#2722=CARTESIAN_POINT('Ctrl Pts',(10.6286696267309,9.55508192771228,0.8));
#2723=CARTESIAN_POINT('Ctrl Pts',(10.4975483186811,9.45611680370022,0.8));
#2724=CARTESIAN_POINT('Ctrl Pts',(10.3927160946831,9.37687076779129,0.8));
#2725=CARTESIAN_POINT('Ctrl Pts',(10.3141282555388,9.31739468952797,0.8));
#2726=CARTESIAN_POINT('Ctrl Pts',(10.2617524984182,9.27772551544654,0.8));
#2727=CARTESIAN_POINT('Ctrl Pts',(10.2355686537688,9.2578863145961,0.8));
#2728=CARTESIAN_POINT('',(-2.11936007687634,13.6318955407729,0.8));
#2729=CARTESIAN_POINT('Origin',(0.00492587546119264,-0.00381158655111014,
0.8));
#2730=CARTESIAN_POINT('',(-10.7069673805217,19.2172016280322,0.8));
#2731=CARTESIAN_POINT('Ctrl Pts',(-2.11936007687634,13.6318955407729,0.8));
#2732=CARTESIAN_POINT('Ctrl Pts',(-2.181560246269,13.6370193512816,0.8));
#2733=CARTESIAN_POINT('Ctrl Pts',(-2.30543656975364,13.6476677951551,0.8));
#2734=CARTESIAN_POINT('Ctrl Pts',(-2.48967900943121,13.6648429292054,0.8));
#2735=CARTESIAN_POINT('Ctrl Pts',(-2.73218945371733,13.6901496136343,0.8));
#2736=CARTESIAN_POINT('Ctrl Pts',(-3.03006625469279,13.725807111029,0.8));
#2737=CARTESIAN_POINT('Ctrl Pts',(-3.32264926703597,13.7655129610829,0.8));
#2738=CARTESIAN_POINT('Ctrl Pts',(-3.60988901928619,13.8093036373542,0.8));
#2739=CARTESIAN_POINT('Ctrl Pts',(-3.89171680497743,13.8572294466597,0.8));
#2740=CARTESIAN_POINT('Ctrl Pts',(-4.16804310920093,13.9093554051021,0.8));
#2741=CARTESIAN_POINT('Ctrl Pts',(-4.43875449560499,13.9657636300572,0.8));
#2742=CARTESIAN_POINT('Ctrl Pts',(-4.70371676697368,14.0265496128177,0.8));
#2743=CARTESIAN_POINT('Ctrl Pts',(-4.96278360609848,14.0918131350148,0.8));
#2744=CARTESIAN_POINT('Ctrl Pts',(-5.21580367187417,14.1616507249133,0.8));
#2745=CARTESIAN_POINT('Ctrl Pts',(-5.46262871851844,14.2361470783411,0.8));
#2746=CARTESIAN_POINT('Ctrl Pts',(-5.70312088482878,14.3153674054363,0.8));
#2747=CARTESIAN_POINT('Ctrl Pts',(-5.93716195261912,14.3993476027397,0.8));
#2748=CARTESIAN_POINT('Ctrl Pts',(-6.16465565196931,14.4880923052887,0.8));
#2749=CARTESIAN_POINT('Ctrl Pts',(-6.38552526377286,14.5815782966197,0.8));
#2750=CARTESIAN_POINT('Ctrl Pts',(-6.59971281209446,14.6797561527228,0.8));
#2751=CARTESIAN_POINT('Ctrl Pts',(-6.80717787813609,14.7825523826649,0.8));
#2752=CARTESIAN_POINT('Ctrl Pts',(-7.00789672634019,14.8898712093091,0.8));
#2753=CARTESIAN_POINT('Ctrl Pts',(-7.20186179581073,15.001596146036,0.8));
#2754=CARTESIAN_POINT('Ctrl Pts',(-7.3890850086959,15.1175891276777,0.8));
#2755=CARTESIAN_POINT('Ctrl Pts',(-7.56960095426341,15.237689713257,0.8));
#2756=CARTESIAN_POINT('Ctrl Pts',(-7.74347041293874,15.3617140420607,0.8));
#2757=CARTESIAN_POINT('Ctrl Pts',(-7.91078388898877,15.489453803643,0.8));
#2758=CARTESIAN_POINT('Ctrl Pts',(-8.07166570338671,15.6206747716209,0.8));
#2759=CARTESIAN_POINT('Ctrl Pts',(-8.22627101230471,15.755121436338,0.8));
#2760=CARTESIAN_POINT('Ctrl Pts',(-8.37478261793247,15.8925218821317,0.8));
#2761=CARTESIAN_POINT('Ctrl Pts',(-8.51740809916616,16.032592411867,0.8));
#2762=CARTESIAN_POINT('Ctrl Pts',(-8.6543770613172,16.175042217578,0.8));
#2763=CARTESIAN_POINT('Ctrl Pts',(-8.78593854401396,16.3195777555057,0.8));
#2764=CARTESIAN_POINT('Ctrl Pts',(-8.91235786041695,16.4659035296238,0.8));
#2765=CARTESIAN_POINT('Ctrl Pts',(-9.03391365926125,16.6137229264398,0.8));
#2766=CARTESIAN_POINT('Ctrl Pts',(-9.15089499520219,16.7627391078927,0.8));
#2767=CARTESIAN_POINT('Ctrl Pts',(-9.26359877855738,16.9126555202947,0.8));
#2768=CARTESIAN_POINT('Ctrl Pts',(-9.37232651578757,17.0631775726232,0.8));
#2769=CARTESIAN_POINT('Ctrl Pts',(-9.47737969773614,17.2140164004039,0.8));
#2770=CARTESIAN_POINT('Ctrl Pts',(-9.57905547137289,17.3648923901832,0.8));
#2771=CARTESIAN_POINT('Ctrl Pts',(-9.67764253288687,17.5155383389481,0.8));
#2772=CARTESIAN_POINT('Ctrl Pts',(-9.77341638716706,17.6657040264485,0.8));
#2773=CARTESIAN_POINT('Ctrl Pts',(-9.86663988349899,17.8151502967365,0.8));
#2774=CARTESIAN_POINT('Ctrl Pts',(-9.95756541831929,17.9636397648837,0.8));
#2775=CARTESIAN_POINT('Ctrl Pts',(-10.0464360120836,18.1109301373771,0.8));
#2776=CARTESIAN_POINT('Ctrl Pts',(-10.1334882987165,18.2567630993395,0.8));
#2777=CARTESIAN_POINT('Ctrl Pts',(-10.2189498997923,18.40086666994,0.8));
#2778=CARTESIAN_POINT('Ctrl Pts',(-10.3030269835172,18.5429809465335,0.8));
#2779=CARTESIAN_POINT('Ctrl Pts',(-10.3858943585902,18.6828780422523,0.8));
#2780=CARTESIAN_POINT('Ctrl Pts',(-10.4676837981618,18.8203857657652,0.8));
#2781=CARTESIAN_POINT('Ctrl Pts',(-10.5484750853719,18.9554062323641,0.8));
#2782=CARTESIAN_POINT('Ctrl Pts',(-10.612342771796,19.0613963905793,0.8));
#2783=CARTESIAN_POINT('Ctrl Pts',(-10.6598197651387,19.1397440053113,0.8));
#2784=CARTESIAN_POINT('Ctrl Pts',(-10.6912828782047,19.1914671813467,0.8));
#2785=CARTESIAN_POINT('Ctrl Pts',(-10.7069673805217,19.2172016280322,0.8));
#2786=CARTESIAN_POINT('Origin',(0.00491333843619268,-0.00390929056650169,
0.8));
#2787=CARTESIAN_POINT('Origin',(0.00491333843619268,-0.00390929056650169,
0.));
#2788=CARTESIAN_POINT('',(-10.7069673805217,19.2172016280322,0.));
#2789=CARTESIAN_POINT('',(16.8911441594971,14.1046236643551,0.));
#2790=CARTESIAN_POINT('Origin',(0.00491333843619268,-0.00390929056650169,
0.));
#2791=CARTESIAN_POINT('',(16.8911441594971,14.1046236643551,0.));
#2792=CARTESIAN_POINT('',(-10.7069673805217,19.2172016280322,0.));
#2793=CARTESIAN_POINT('Ctrl Pts',(-2.11936007687634,13.6318955407729,0.));
#2794=CARTESIAN_POINT('Ctrl Pts',(-2.11936007687634,13.6318955407729,0.8));
#2795=CARTESIAN_POINT('Ctrl Pts',(-2.181560246269,13.6370193512816,0.));
#2796=CARTESIAN_POINT('Ctrl Pts',(-2.181560246269,13.6370193512816,0.8));
#2797=CARTESIAN_POINT('Ctrl Pts',(-2.30543656975364,13.6476677951551,0.));
#2798=CARTESIAN_POINT('Ctrl Pts',(-2.30543656975364,13.6476677951551,0.8));
#2799=CARTESIAN_POINT('Ctrl Pts',(-2.48967900943121,13.6648429292054,0.));
#2800=CARTESIAN_POINT('Ctrl Pts',(-2.48967900943121,13.6648429292054,0.8));
#2801=CARTESIAN_POINT('Ctrl Pts',(-2.73218945371733,13.6901496136343,0.));
#2802=CARTESIAN_POINT('Ctrl Pts',(-2.73218945371733,13.6901496136343,0.8));
#2803=CARTESIAN_POINT('Ctrl Pts',(-3.03006625469279,13.725807111029,0.));
#2804=CARTESIAN_POINT('Ctrl Pts',(-3.03006625469279,13.725807111029,0.8));
#2805=CARTESIAN_POINT('Ctrl Pts',(-3.32264926703597,13.7655129610829,0.));
#2806=CARTESIAN_POINT('Ctrl Pts',(-3.32264926703597,13.7655129610829,0.8));
#2807=CARTESIAN_POINT('Ctrl Pts',(-3.60988901928619,13.8093036373542,0.));
#2808=CARTESIAN_POINT('Ctrl Pts',(-3.60988901928619,13.8093036373542,0.8));
#2809=CARTESIAN_POINT('Ctrl Pts',(-3.89171680497743,13.8572294466597,0.));
#2810=CARTESIAN_POINT('Ctrl Pts',(-3.89171680497743,13.8572294466597,0.8));
#2811=CARTESIAN_POINT('Ctrl Pts',(-4.16804310920093,13.9093554051021,0.));
#2812=CARTESIAN_POINT('Ctrl Pts',(-4.16804310920093,13.9093554051021,0.8));
#2813=CARTESIAN_POINT('Ctrl Pts',(-4.43875449560499,13.9657636300572,0.));
#2814=CARTESIAN_POINT('Ctrl Pts',(-4.43875449560499,13.9657636300572,0.8));
#2815=CARTESIAN_POINT('Ctrl Pts',(-4.70371676697368,14.0265496128177,0.));
#2816=CARTESIAN_POINT('Ctrl Pts',(-4.70371676697368,14.0265496128177,0.8));
#2817=CARTESIAN_POINT('Ctrl Pts',(-4.96278360609848,14.0918131350148,0.));
#2818=CARTESIAN_POINT('Ctrl Pts',(-4.96278360609848,14.0918131350148,0.8));
#2819=CARTESIAN_POINT('Ctrl Pts',(-5.21580367187417,14.1616507249133,0.));
#2820=CARTESIAN_POINT('Ctrl Pts',(-5.21580367187417,14.1616507249133,0.8));
#2821=CARTESIAN_POINT('Ctrl Pts',(-5.46262871851844,14.2361470783411,0.));
#2822=CARTESIAN_POINT('Ctrl Pts',(-5.46262871851844,14.2361470783411,0.8));
#2823=CARTESIAN_POINT('Ctrl Pts',(-5.70312088482878,14.3153674054363,0.));
#2824=CARTESIAN_POINT('Ctrl Pts',(-5.70312088482878,14.3153674054363,0.8));
#2825=CARTESIAN_POINT('Ctrl Pts',(-5.93716195261912,14.3993476027397,0.));
#2826=CARTESIAN_POINT('Ctrl Pts',(-5.93716195261912,14.3993476027397,0.8));
#2827=CARTESIAN_POINT('Ctrl Pts',(-6.16465565196931,14.4880923052887,0.));
#2828=CARTESIAN_POINT('Ctrl Pts',(-6.16465565196931,14.4880923052887,0.8));
#2829=CARTESIAN_POINT('Ctrl Pts',(-6.38552526377286,14.5815782966197,0.));
#2830=CARTESIAN_POINT('Ctrl Pts',(-6.38552526377286,14.5815782966197,0.8));
#2831=CARTESIAN_POINT('Ctrl Pts',(-6.59971281209446,14.6797561527228,0.));
#2832=CARTESIAN_POINT('Ctrl Pts',(-6.59971281209446,14.6797561527228,0.8));
#2833=CARTESIAN_POINT('Ctrl Pts',(-6.80717787813609,14.7825523826649,0.));
#2834=CARTESIAN_POINT('Ctrl Pts',(-6.80717787813609,14.7825523826649,0.8));
#2835=CARTESIAN_POINT('Ctrl Pts',(-7.00789672634019,14.8898712093091,0.));
#2836=CARTESIAN_POINT('Ctrl Pts',(-7.00789672634019,14.8898712093091,0.8));
#2837=CARTESIAN_POINT('Ctrl Pts',(-7.20186179581073,15.001596146036,0.));
#2838=CARTESIAN_POINT('Ctrl Pts',(-7.20186179581073,15.001596146036,0.8));
#2839=CARTESIAN_POINT('Ctrl Pts',(-7.3890850086959,15.1175891276777,0.));
#2840=CARTESIAN_POINT('Ctrl Pts',(-7.3890850086959,15.1175891276777,0.8));
#2841=CARTESIAN_POINT('Ctrl Pts',(-7.56960095426341,15.237689713257,0.));
#2842=CARTESIAN_POINT('Ctrl Pts',(-7.56960095426341,15.237689713257,0.8));
#2843=CARTESIAN_POINT('Ctrl Pts',(-7.74347041293874,15.3617140420607,0.));
#2844=CARTESIAN_POINT('Ctrl Pts',(-7.74347041293874,15.3617140420607,0.8));
#2845=CARTESIAN_POINT('Ctrl Pts',(-7.91078388898877,15.489453803643,0.));
#2846=CARTESIAN_POINT('Ctrl Pts',(-7.91078388898877,15.489453803643,0.8));
#2847=CARTESIAN_POINT('Ctrl Pts',(-8.07166570338671,15.6206747716209,0.));
#2848=CARTESIAN_POINT('Ctrl Pts',(-8.07166570338671,15.6206747716209,0.8));
#2849=CARTESIAN_POINT('Ctrl Pts',(-8.22627101230471,15.755121436338,0.));
#2850=CARTESIAN_POINT('Ctrl Pts',(-8.22627101230471,15.755121436338,0.8));
#2851=CARTESIAN_POINT('Ctrl Pts',(-8.37478261793247,15.8925218821317,0.));
#2852=CARTESIAN_POINT('Ctrl Pts',(-8.37478261793247,15.8925218821317,0.8));
#2853=CARTESIAN_POINT('Ctrl Pts',(-8.51740809916616,16.032592411867,0.));
#2854=CARTESIAN_POINT('Ctrl Pts',(-8.51740809916616,16.032592411867,0.8));
#2855=CARTESIAN_POINT('Ctrl Pts',(-8.6543770613172,16.175042217578,0.));
#2856=CARTESIAN_POINT('Ctrl Pts',(-8.6543770613172,16.175042217578,0.8));
#2857=CARTESIAN_POINT('Ctrl Pts',(-8.78593854401396,16.3195777555057,0.));
#2858=CARTESIAN_POINT('Ctrl Pts',(-8.78593854401396,16.3195777555057,0.8));
#2859=CARTESIAN_POINT('Ctrl Pts',(-8.91235786041695,16.4659035296238,0.));
#2860=CARTESIAN_POINT('Ctrl Pts',(-8.91235786041695,16.4659035296238,0.8));
#2861=CARTESIAN_POINT('Ctrl Pts',(-9.03391365926125,16.6137229264398,0.));
#2862=CARTESIAN_POINT('Ctrl Pts',(-9.03391365926125,16.6137229264398,0.8));
#2863=CARTESIAN_POINT('Ctrl Pts',(-9.15089499520219,16.7627391078927,0.));
#2864=CARTESIAN_POINT('Ctrl Pts',(-9.15089499520219,16.7627391078927,0.8));
#2865=CARTESIAN_POINT('Ctrl Pts',(-9.26359877855738,16.9126555202947,0.));
#2866=CARTESIAN_POINT('Ctrl Pts',(-9.26359877855738,16.9126555202947,0.8));
#2867=CARTESIAN_POINT('Ctrl Pts',(-9.37232651578757,17.0631775726232,0.));
#2868=CARTESIAN_POINT('Ctrl Pts',(-9.37232651578757,17.0631775726232,0.8));
#2869=CARTESIAN_POINT('Ctrl Pts',(-9.47737969773614,17.2140164004039,0.));
#2870=CARTESIAN_POINT('Ctrl Pts',(-9.47737969773614,17.2140164004039,0.8));
#2871=CARTESIAN_POINT('Ctrl Pts',(-9.57905547137289,17.3648923901832,0.));
#2872=CARTESIAN_POINT('Ctrl Pts',(-9.57905547137289,17.3648923901832,0.8));
#2873=CARTESIAN_POINT('Ctrl Pts',(-9.67764253288687,17.5155383389481,0.));
#2874=CARTESIAN_POINT('Ctrl Pts',(-9.67764253288687,17.5155383389481,0.8));
#2875=CARTESIAN_POINT('Ctrl Pts',(-9.77341638716706,17.6657040264485,0.));
#2876=CARTESIAN_POINT('Ctrl Pts',(-9.77341638716706,17.6657040264485,0.8));
#2877=CARTESIAN_POINT('Ctrl Pts',(-9.86663988349899,17.8151502967365,0.));
#2878=CARTESIAN_POINT('Ctrl Pts',(-9.86663988349899,17.8151502967365,0.8));
#2879=CARTESIAN_POINT('Ctrl Pts',(-9.95756541831929,17.9636397648837,0.));
#2880=CARTESIAN_POINT('Ctrl Pts',(-9.95756541831929,17.9636397648837,0.8));
#2881=CARTESIAN_POINT('Ctrl Pts',(-10.0464360120836,18.1109301373771,0.));
#2882=CARTESIAN_POINT('Ctrl Pts',(-10.0464360120836,18.1109301373771,0.8));
#2883=CARTESIAN_POINT('Ctrl Pts',(-10.1334882987165,18.2567630993395,0.));
#2884=CARTESIAN_POINT('Ctrl Pts',(-10.1334882987165,18.2567630993395,0.8));
#2885=CARTESIAN_POINT('Ctrl Pts',(-10.2189498997923,18.40086666994,0.));
#2886=CARTESIAN_POINT('Ctrl Pts',(-10.2189498997923,18.40086666994,0.8));
#2887=CARTESIAN_POINT('Ctrl Pts',(-10.3030269835172,18.5429809465335,0.));
#2888=CARTESIAN_POINT('Ctrl Pts',(-10.3030269835172,18.5429809465335,0.8));
#2889=CARTESIAN_POINT('Ctrl Pts',(-10.3858943585902,18.6828780422523,0.));
#2890=CARTESIAN_POINT('Ctrl Pts',(-10.3858943585902,18.6828780422523,0.8));
#2891=CARTESIAN_POINT('Ctrl Pts',(-10.4676837981618,18.8203857657652,0.));
#2892=CARTESIAN_POINT('Ctrl Pts',(-10.4676837981618,18.8203857657652,0.8));
#2893=CARTESIAN_POINT('Ctrl Pts',(-10.5484750853719,18.9554062323641,0.));
#2894=CARTESIAN_POINT('Ctrl Pts',(-10.5484750853719,18.9554062323641,0.8));
#2895=CARTESIAN_POINT('Ctrl Pts',(-10.612342771796,19.0613963905793,0.));
#2896=CARTESIAN_POINT('Ctrl Pts',(-10.612342771796,19.0613963905793,0.8));
#2897=CARTESIAN_POINT('Ctrl Pts',(-10.6598197651387,19.1397440053113,0.));
#2898=CARTESIAN_POINT('Ctrl Pts',(-10.6598197651387,19.1397440053113,0.8));
#2899=CARTESIAN_POINT('Ctrl Pts',(-10.6912828782047,19.1914671813467,0.));
#2900=CARTESIAN_POINT('Ctrl Pts',(-10.6912828782047,19.1914671813467,0.8));
#2901=CARTESIAN_POINT('Ctrl Pts',(-10.7069673805217,19.2172016280322,0.));
#2902=CARTESIAN_POINT('Ctrl Pts',(-10.7069673805217,19.2172016280322,0.8));
#2903=CARTESIAN_POINT('',(-2.11936007687634,13.6318955407729,0.));
#2904=CARTESIAN_POINT('Ctrl Pts',(-2.11936007687634,13.6318955407729,0.));
#2905=CARTESIAN_POINT('Ctrl Pts',(-2.181560246269,13.6370193512816,0.));
#2906=CARTESIAN_POINT('Ctrl Pts',(-2.30543656975364,13.6476677951551,0.));
#2907=CARTESIAN_POINT('Ctrl Pts',(-2.48967900943121,13.6648429292054,0.));
#2908=CARTESIAN_POINT('Ctrl Pts',(-2.73218945371733,13.6901496136343,0.));
#2909=CARTESIAN_POINT('Ctrl Pts',(-3.03006625469279,13.725807111029,0.));
#2910=CARTESIAN_POINT('Ctrl Pts',(-3.32264926703597,13.7655129610829,0.));
#2911=CARTESIAN_POINT('Ctrl Pts',(-3.60988901928619,13.8093036373542,0.));
#2912=CARTESIAN_POINT('Ctrl Pts',(-3.89171680497743,13.8572294466597,0.));
#2913=CARTESIAN_POINT('Ctrl Pts',(-4.16804310920093,13.9093554051021,0.));
#2914=CARTESIAN_POINT('Ctrl Pts',(-4.43875449560499,13.9657636300572,0.));
#2915=CARTESIAN_POINT('Ctrl Pts',(-4.70371676697368,14.0265496128177,0.));
#2916=CARTESIAN_POINT('Ctrl Pts',(-4.96278360609848,14.0918131350148,0.));
#2917=CARTESIAN_POINT('Ctrl Pts',(-5.21580367187417,14.1616507249133,0.));
#2918=CARTESIAN_POINT('Ctrl Pts',(-5.46262871851844,14.2361470783411,0.));
#2919=CARTESIAN_POINT('Ctrl Pts',(-5.70312088482878,14.3153674054363,0.));
#2920=CARTESIAN_POINT('Ctrl Pts',(-5.93716195261912,14.3993476027397,0.));
#2921=CARTESIAN_POINT('Ctrl Pts',(-6.16465565196931,14.4880923052887,0.));
#2922=CARTESIAN_POINT('Ctrl Pts',(-6.38552526377286,14.5815782966197,0.));
#2923=CARTESIAN_POINT('Ctrl Pts',(-6.59971281209446,14.6797561527228,0.));
#2924=CARTESIAN_POINT('Ctrl Pts',(-6.80717787813609,14.7825523826649,0.));
#2925=CARTESIAN_POINT('Ctrl Pts',(-7.00789672634019,14.8898712093091,0.));
#2926=CARTESIAN_POINT('Ctrl Pts',(-7.20186179581073,15.001596146036,0.));
#2927=CARTESIAN_POINT('Ctrl Pts',(-7.3890850086959,15.1175891276777,0.));
#2928=CARTESIAN_POINT('Ctrl Pts',(-7.56960095426341,15.237689713257,0.));
#2929=CARTESIAN_POINT('Ctrl Pts',(-7.74347041293874,15.3617140420607,0.));
#2930=CARTESIAN_POINT('Ctrl Pts',(-7.91078388898877,15.489453803643,0.));
#2931=CARTESIAN_POINT('Ctrl Pts',(-8.07166570338671,15.6206747716209,0.));
#2932=CARTESIAN_POINT('Ctrl Pts',(-8.22627101230471,15.755121436338,0.));
#2933=CARTESIAN_POINT('Ctrl Pts',(-8.37478261793247,15.8925218821317,0.));
#2934=CARTESIAN_POINT('Ctrl Pts',(-8.51740809916616,16.032592411867,0.));
#2935=CARTESIAN_POINT('Ctrl Pts',(-8.6543770613172,16.175042217578,0.));
#2936=CARTESIAN_POINT('Ctrl Pts',(-8.78593854401396,16.3195777555057,0.));
#2937=CARTESIAN_POINT('Ctrl Pts',(-8.91235786041695,16.4659035296238,0.));
#2938=CARTESIAN_POINT('Ctrl Pts',(-9.03391365926125,16.6137229264398,0.));
#2939=CARTESIAN_POINT('Ctrl Pts',(-9.15089499520219,16.7627391078927,0.));
#2940=CARTESIAN_POINT('Ctrl Pts',(-9.26359877855738,16.9126555202947,0.));
#2941=CARTESIAN_POINT('Ctrl Pts',(-9.37232651578757,17.0631775726232,0.));
#2942=CARTESIAN_POINT('Ctrl Pts',(-9.47737969773614,17.2140164004039,0.));
#2943=CARTESIAN_POINT('Ctrl Pts',(-9.57905547137289,17.3648923901832,0.));
#2944=CARTESIAN_POINT('Ctrl Pts',(-9.67764253288687,17.5155383389481,0.));
#2945=CARTESIAN_POINT('Ctrl Pts',(-9.77341638716706,17.6657040264485,0.));
#2946=CARTESIAN_POINT('Ctrl Pts',(-9.86663988349899,17.8151502967365,0.));
#2947=CARTESIAN_POINT('Ctrl Pts',(-9.95756541831929,17.9636397648837,0.));
#2948=CARTESIAN_POINT('Ctrl Pts',(-10.0464360120836,18.1109301373771,0.));
#2949=CARTESIAN_POINT('Ctrl Pts',(-10.1334882987165,18.2567630993395,0.));
#2950=CARTESIAN_POINT('Ctrl Pts',(-10.2189498997923,18.40086666994,0.));
#2951=CARTESIAN_POINT('Ctrl Pts',(-10.3030269835172,18.5429809465335,0.));
#2952=CARTESIAN_POINT('Ctrl Pts',(-10.3858943585902,18.6828780422523,0.));
#2953=CARTESIAN_POINT('Ctrl Pts',(-10.4676837981618,18.8203857657652,0.));
#2954=CARTESIAN_POINT('Ctrl Pts',(-10.5484750853719,18.9554062323641,0.));
#2955=CARTESIAN_POINT('Ctrl Pts',(-10.612342771796,19.0613963905793,0.));
#2956=CARTESIAN_POINT('Ctrl Pts',(-10.6598197651387,19.1397440053113,0.));
#2957=CARTESIAN_POINT('Ctrl Pts',(-10.6912828782047,19.1914671813467,0.));
#2958=CARTESIAN_POINT('Ctrl Pts',(-10.7069673805217,19.2172016280322,0.));
#2959=CARTESIAN_POINT('',(-2.11936007687634,13.6318955407729,0.));
#2960=CARTESIAN_POINT('Origin',(0.00492587546119264,-0.00381158655111014,
0.));
#2961=CARTESIAN_POINT('',(10.2355686537688,9.2578863145961,0.));
#2962=CARTESIAN_POINT('Origin',(0.00492587546119264,-0.00381158655111014,
0.));
#2963=CARTESIAN_POINT('',(10.2355686537688,9.2578863145961,0.));
#2964=CARTESIAN_POINT('Ctrl Pts',(16.8911441594971,14.1046236643551,0.));
#2965=CARTESIAN_POINT('Ctrl Pts',(16.8911441594971,14.1046236643551,0.8));
#2966=CARTESIAN_POINT('Ctrl Pts',(16.8640714870699,14.0856990963177,0.));
#2967=CARTESIAN_POINT('Ctrl Pts',(16.8640714870699,14.0856990963177,0.8));
#2968=CARTESIAN_POINT('Ctrl Pts',(16.8099354736521,14.0478404958162,0.));
#2969=CARTESIAN_POINT('Ctrl Pts',(16.8099354736521,14.0478404958162,0.8));
#2970=CARTESIAN_POINT('Ctrl Pts',(16.7287594478319,13.9910242017862,0.));
#2971=CARTESIAN_POINT('Ctrl Pts',(16.7287594478319,13.9910242017862,0.8));
#2972=CARTESIAN_POINT('Ctrl Pts',(16.6205807718448,13.9152123195159,0.));
#2973=CARTESIAN_POINT('Ctrl Pts',(16.6205807718448,13.9152123195159,0.8));
#2974=CARTESIAN_POINT('Ctrl Pts',(16.4854509068142,13.8203525973604,0.));
#2975=CARTESIAN_POINT('Ctrl Pts',(16.4854509068142,13.8203525973604,0.8));
#2976=CARTESIAN_POINT('Ctrl Pts',(16.3504144697322,13.7253978873157,0.));
#2977=CARTESIAN_POINT('Ctrl Pts',(16.3504144697322,13.7253978873157,0.8));
#2978=CARTESIAN_POINT('Ctrl Pts',(16.2154710785459,13.6303482337201,0.));
#2979=CARTESIAN_POINT('Ctrl Pts',(16.2154710785459,13.6303482337201,0.8));
#2980=CARTESIAN_POINT('Ctrl Pts',(16.080619847061,13.5352039631655,0.));
#2981=CARTESIAN_POINT('Ctrl Pts',(16.080619847061,13.5352039631655,0.8));
#2982=CARTESIAN_POINT('Ctrl Pts',(15.9458592035491,13.4399658088665,0.));
#2983=CARTESIAN_POINT('Ctrl Pts',(15.9458592035491,13.4399658088665,0.8));
#2984=CARTESIAN_POINT('Ctrl Pts',(15.8111872782624,13.3446347053133,0.));
#2985=CARTESIAN_POINT('Ctrl Pts',(15.8111872782624,13.3446347053133,0.8));
#2986=CARTESIAN_POINT('Ctrl Pts',(15.67660229217,13.2492115830211,0.));
#2987=CARTESIAN_POINT('Ctrl Pts',(15.67660229217,13.2492115830211,0.8));
#2988=CARTESIAN_POINT('Ctrl Pts',(15.5421029442235,13.1536971652287,0.));
#2989=CARTESIAN_POINT('Ctrl Pts',(15.5421029442235,13.1536971652287,0.8));
#2990=CARTESIAN_POINT('Ctrl Pts',(15.4076887943944,13.0580917676158,0.));
#2991=CARTESIAN_POINT('Ctrl Pts',(15.4076887943944,13.0580917676158,0.8));
#2992=CARTESIAN_POINT('Ctrl Pts',(15.2733606573803,12.9623950939183,0.));
#2993=CARTESIAN_POINT('Ctrl Pts',(15.2733606573803,12.9623950939183,0.8));
#2994=CARTESIAN_POINT('Ctrl Pts',(15.1391201715742,12.866606431202,0.));
#2995=CARTESIAN_POINT('Ctrl Pts',(15.1391201715742,12.866606431202,0.8));
#2996=CARTESIAN_POINT('Ctrl Pts',(15.0049693575263,12.7707248512413,0.));
#2997=CARTESIAN_POINT('Ctrl Pts',(15.0049693575263,12.7707248512413,0.8));
#2998=CARTESIAN_POINT('Ctrl Pts',(14.8709101775651,12.6747494121242,0.));
#2999=CARTESIAN_POINT('Ctrl Pts',(14.8709101775651,12.6747494121242,0.8));
#3000=CARTESIAN_POINT('Ctrl Pts',(14.736944096437,12.5786793606172,0.));
#3001=CARTESIAN_POINT('Ctrl Pts',(14.736944096437,12.5786793606172,0.8));
#3002=CARTESIAN_POINT('Ctrl Pts',(14.6030716273534,12.482514341559,0.));
#3003=CARTESIAN_POINT('Ctrl Pts',(14.6030716273534,12.482514341559,0.8));
#3004=CARTESIAN_POINT('Ctrl Pts',(14.4692925995275,12.3862543118739,0.));
#3005=CARTESIAN_POINT('Ctrl Pts',(14.4692925995275,12.3862543118739,0.8));
#3006=CARTESIAN_POINT('Ctrl Pts',(14.3356064350212,12.2898994518968,0.));
#3007=CARTESIAN_POINT('Ctrl Pts',(14.3356064350212,12.2898994518968,0.8));
#3008=CARTESIAN_POINT('Ctrl Pts',(14.202012419518,12.1934500805368,0.));
#3009=CARTESIAN_POINT('Ctrl Pts',(14.202012419518,12.1934500805368,0.8));
#3010=CARTESIAN_POINT('Ctrl Pts',(14.0685099696386,12.0969065729281,0.));
#3011=CARTESIAN_POINT('Ctrl Pts',(14.0685099696386,12.0969065729281,0.8));
#3012=CARTESIAN_POINT('Ctrl Pts',(13.9350989068434,12.0002692773387,0.));
#3013=CARTESIAN_POINT('Ctrl Pts',(13.9350989068434,12.0002692773387,0.8));
#3014=CARTESIAN_POINT('Ctrl Pts',(13.8017792702948,11.9035385883717,0.));
#3015=CARTESIAN_POINT('Ctrl Pts',(13.8017792702948,11.9035385883717,0.8));
#3016=CARTESIAN_POINT('Ctrl Pts',(13.6685511193821,11.8067150247873,0.));
#3017=CARTESIAN_POINT('Ctrl Pts',(13.6685511193821,11.8067150247873,0.8));
#3018=CARTESIAN_POINT('Ctrl Pts',(13.5354143364989,11.7097993095721,0.));
#3019=CARTESIAN_POINT('Ctrl Pts',(13.5354143364989,11.7097993095721,0.8));
#3020=CARTESIAN_POINT('Ctrl Pts',(13.4023684296686,11.6127924496376,0.));
#3021=CARTESIAN_POINT('Ctrl Pts',(13.4023684296686,11.6127924496376,0.8));
#3022=CARTESIAN_POINT('Ctrl Pts',(13.269412323841,11.5156958260519,0.));
#3023=CARTESIAN_POINT('Ctrl Pts',(13.269412323841,11.5156958260519,0.8));
#3024=CARTESIAN_POINT('Ctrl Pts',(13.13654461368,11.4185108813272,0.));
#3025=CARTESIAN_POINT('Ctrl Pts',(13.13654461368,11.4185108813272,0.8));
#3026=CARTESIAN_POINT('Ctrl Pts',(13.0037638233631,11.3212388012104,0.));
#3027=CARTESIAN_POINT('Ctrl Pts',(13.0037638233631,11.3212388012104,0.8));
#3028=CARTESIAN_POINT('Ctrl Pts',(12.8710686619669,11.223880198118,0.));
#3029=CARTESIAN_POINT('Ctrl Pts',(12.8710686619669,11.223880198118,0.8));
#3030=CARTESIAN_POINT('Ctrl Pts',(12.73845827629,11.1264348004409,0.));
#3031=CARTESIAN_POINT('Ctrl Pts',(12.73845827629,11.1264348004409,0.8));
#3032=CARTESIAN_POINT('Ctrl Pts',(12.6059325094884,11.0289011248209,0.));
#3033=CARTESIAN_POINT('Ctrl Pts',(12.6059325094884,11.0289011248209,0.8));
#3034=CARTESIAN_POINT('Ctrl Pts',(12.4734917744131,10.9312770572125,0.));
#3035=CARTESIAN_POINT('Ctrl Pts',(12.4734917744131,10.9312770572125,0.8));
#3036=CARTESIAN_POINT('Ctrl Pts',(12.3411369184784,10.8335604513324,0.));
#3037=CARTESIAN_POINT('Ctrl Pts',(12.3411369184784,10.8335604513324,0.8));
#3038=CARTESIAN_POINT('Ctrl Pts',(12.2088690906581,10.7357497255548,0.));
#3039=CARTESIAN_POINT('Ctrl Pts',(12.2088690906581,10.7357497255548,0.8));
#3040=CARTESIAN_POINT('Ctrl Pts',(12.0766896059293,10.6378444574634,0.));
#3041=CARTESIAN_POINT('Ctrl Pts',(12.0766896059293,10.6378444574634,0.8));
#3042=CARTESIAN_POINT('Ctrl Pts',(11.94459980934,10.5398460031658,0.));
#3043=CARTESIAN_POINT('Ctrl Pts',(11.94459980934,10.5398460031658,0.8));
#3044=CARTESIAN_POINT('Ctrl Pts',(11.8126009113767,10.4417568207279,0.));
#3045=CARTESIAN_POINT('Ctrl Pts',(11.8126009113767,10.4417568207279,0.8));
#3046=CARTESIAN_POINT('Ctrl Pts',(11.6806938212934,10.3435797758069,0.));
#3047=CARTESIAN_POINT('Ctrl Pts',(11.6806938212934,10.3435797758069,0.8));
#3048=CARTESIAN_POINT('Ctrl Pts',(11.5488789772734,10.2453174559442,0.));
#3049=CARTESIAN_POINT('Ctrl Pts',(11.5488789772734,10.2453174559442,0.8));
#3050=CARTESIAN_POINT('Ctrl Pts',(11.4171561758803,10.146971488115,0.));
#3051=CARTESIAN_POINT('Ctrl Pts',(11.4171561758803,10.146971488115,0.8));
#3052=CARTESIAN_POINT('Ctrl Pts',(11.2855243928072,10.0485418425856,0.));
#3053=CARTESIAN_POINT('Ctrl Pts',(11.2855243928072,10.0485418425856,0.8));
#3054=CARTESIAN_POINT('Ctrl Pts',(11.1539820378963,9.95002730704903,0.));
#3055=CARTESIAN_POINT('Ctrl Pts',(11.1539820378963,9.95002730704903,0.8));
#3056=CARTESIAN_POINT('Ctrl Pts',(11.0225272128653,9.85142597555678,0.));
#3057=CARTESIAN_POINT('Ctrl Pts',(11.0225272128653,9.85142597555678,0.8));
#3058=CARTESIAN_POINT('Ctrl Pts',(10.8911579648539,9.75273573272827,0.));
#3059=CARTESIAN_POINT('Ctrl Pts',(10.8911579648539,9.75273573272827,0.8));
#3060=CARTESIAN_POINT('Ctrl Pts',(10.7598725382112,9.65395473995416,0.));
#3061=CARTESIAN_POINT('Ctrl Pts',(10.7598725382112,9.65395473995416,0.8));
#3062=CARTESIAN_POINT('Ctrl Pts',(10.6286696267309,9.55508192771228,0.));
#3063=CARTESIAN_POINT('Ctrl Pts',(10.6286696267309,9.55508192771228,0.8));
#3064=CARTESIAN_POINT('Ctrl Pts',(10.4975483186811,9.45611680370022,0.));
#3065=CARTESIAN_POINT('Ctrl Pts',(10.4975483186811,9.45611680370022,0.8));
#3066=CARTESIAN_POINT('Ctrl Pts',(10.3927160946831,9.37687076779129,0.));
#3067=CARTESIAN_POINT('Ctrl Pts',(10.3927160946831,9.37687076779129,0.8));
#3068=CARTESIAN_POINT('Ctrl Pts',(10.3141282555388,9.31739468952797,0.));
#3069=CARTESIAN_POINT('Ctrl Pts',(10.3141282555388,9.31739468952797,0.8));
#3070=CARTESIAN_POINT('Ctrl Pts',(10.2617524984182,9.27772551544654,0.));
#3071=CARTESIAN_POINT('Ctrl Pts',(10.2617524984182,9.27772551544654,0.8));
#3072=CARTESIAN_POINT('Ctrl Pts',(10.2355686537688,9.2578863145961,0.));
#3073=CARTESIAN_POINT('Ctrl Pts',(10.2355686537688,9.2578863145961,0.8));
#3074=CARTESIAN_POINT('Ctrl Pts',(16.8911441594971,14.1046236643551,0.));
#3075=CARTESIAN_POINT('Ctrl Pts',(16.8640714870699,14.0856990963177,0.));
#3076=CARTESIAN_POINT('Ctrl Pts',(16.8099354736521,14.0478404958162,0.));
#3077=CARTESIAN_POINT('Ctrl Pts',(16.7287594478319,13.9910242017862,0.));
#3078=CARTESIAN_POINT('Ctrl Pts',(16.6205807718448,13.9152123195159,0.));
#3079=CARTESIAN_POINT('Ctrl Pts',(16.4854509068142,13.8203525973604,0.));
#3080=CARTESIAN_POINT('Ctrl Pts',(16.3504144697322,13.7253978873157,0.));
#3081=CARTESIAN_POINT('Ctrl Pts',(16.2154710785459,13.6303482337201,0.));
#3082=CARTESIAN_POINT('Ctrl Pts',(16.080619847061,13.5352039631655,0.));
#3083=CARTESIAN_POINT('Ctrl Pts',(15.9458592035491,13.4399658088665,0.));
#3084=CARTESIAN_POINT('Ctrl Pts',(15.8111872782624,13.3446347053133,0.));
#3085=CARTESIAN_POINT('Ctrl Pts',(15.67660229217,13.2492115830211,0.));
#3086=CARTESIAN_POINT('Ctrl Pts',(15.5421029442235,13.1536971652287,0.));
#3087=CARTESIAN_POINT('Ctrl Pts',(15.4076887943944,13.0580917676158,0.));
#3088=CARTESIAN_POINT('Ctrl Pts',(15.2733606573803,12.9623950939183,0.));
#3089=CARTESIAN_POINT('Ctrl Pts',(15.1391201715742,12.866606431202,0.));
#3090=CARTESIAN_POINT('Ctrl Pts',(15.0049693575263,12.7707248512413,0.));
#3091=CARTESIAN_POINT('Ctrl Pts',(14.8709101775651,12.6747494121242,0.));
#3092=CARTESIAN_POINT('Ctrl Pts',(14.736944096437,12.5786793606172,0.));
#3093=CARTESIAN_POINT('Ctrl Pts',(14.6030716273534,12.482514341559,0.));
#3094=CARTESIAN_POINT('Ctrl Pts',(14.4692925995275,12.3862543118739,0.));
#3095=CARTESIAN_POINT('Ctrl Pts',(14.3356064350212,12.2898994518968,0.));
#3096=CARTESIAN_POINT('Ctrl Pts',(14.202012419518,12.1934500805368,0.));
#3097=CARTESIAN_POINT('Ctrl Pts',(14.0685099696386,12.0969065729281,0.));
#3098=CARTESIAN_POINT('Ctrl Pts',(13.9350989068434,12.0002692773387,0.));
#3099=CARTESIAN_POINT('Ctrl Pts',(13.8017792702948,11.9035385883717,0.));
#3100=CARTESIAN_POINT('Ctrl Pts',(13.6685511193821,11.8067150247873,0.));
#3101=CARTESIAN_POINT('Ctrl Pts',(13.5354143364989,11.7097993095721,0.));
#3102=CARTESIAN_POINT('Ctrl Pts',(13.4023684296686,11.6127924496376,0.));
#3103=CARTESIAN_POINT('Ctrl Pts',(13.269412323841,11.5156958260519,0.));
#3104=CARTESIAN_POINT('Ctrl Pts',(13.13654461368,11.4185108813272,0.));
#3105=CARTESIAN_POINT('Ctrl Pts',(13.0037638233631,11.3212388012104,0.));
#3106=CARTESIAN_POINT('Ctrl Pts',(12.8710686619669,11.223880198118,0.));
#3107=CARTESIAN_POINT('Ctrl Pts',(12.73845827629,11.1264348004409,0.));
#3108=CARTESIAN_POINT('Ctrl Pts',(12.6059325094884,11.0289011248209,0.));
#3109=CARTESIAN_POINT('Ctrl Pts',(12.4734917744131,10.9312770572125,0.));
#3110=CARTESIAN_POINT('Ctrl Pts',(12.3411369184784,10.8335604513324,0.));
#3111=CARTESIAN_POINT('Ctrl Pts',(12.2088690906581,10.7357497255548,0.));
#3112=CARTESIAN_POINT('Ctrl Pts',(12.0766896059293,10.6378444574634,0.));
#3113=CARTESIAN_POINT('Ctrl Pts',(11.94459980934,10.5398460031658,0.));
#3114=CARTESIAN_POINT('Ctrl Pts',(11.8126009113767,10.4417568207279,0.));
#3115=CARTESIAN_POINT('Ctrl Pts',(11.6806938212934,10.3435797758069,0.));
#3116=CARTESIAN_POINT('Ctrl Pts',(11.5488789772734,10.2453174559442,0.));
#3117=CARTESIAN_POINT('Ctrl Pts',(11.4171561758803,10.146971488115,0.));
#3118=CARTESIAN_POINT('Ctrl Pts',(11.2855243928072,10.0485418425856,0.));
#3119=CARTESIAN_POINT('Ctrl Pts',(11.1539820378963,9.95002730704903,0.));
#3120=CARTESIAN_POINT('Ctrl Pts',(11.0225272128653,9.85142597555678,0.));
#3121=CARTESIAN_POINT('Ctrl Pts',(10.8911579648539,9.75273573272827,0.));
#3122=CARTESIAN_POINT('Ctrl Pts',(10.7598725382112,9.65395473995416,0.));
#3123=CARTESIAN_POINT('Ctrl Pts',(10.6286696267309,9.55508192771228,0.));
#3124=CARTESIAN_POINT('Ctrl Pts',(10.4975483186811,9.45611680370022,0.));
#3125=CARTESIAN_POINT('Ctrl Pts',(10.3927160946831,9.37687076779129,0.));
#3126=CARTESIAN_POINT('Ctrl Pts',(10.3141282555388,9.31739468952797,0.));
#3127=CARTESIAN_POINT('Ctrl Pts',(10.2617524984182,9.27772551544654,0.));
#3128=CARTESIAN_POINT('Ctrl Pts',(10.2355686537688,9.2578863145961,0.));
#3129=CARTESIAN_POINT('Origin',(12.6673227256898,0.200859087978316,0.));
#3130=CARTESIAN_POINT('',(12.6673227256898,0.200859087978316,0.));
#3131=CARTESIAN_POINT('',(13.7175478550848,1.54955161690667,0.));
#3132=CARTESIAN_POINT('',(12.6673227256898,0.200859087978316,0.));
#3133=CARTESIAN_POINT('',(13.7175478550848,1.54955161690667,0.));
#3134=CARTESIAN_POINT('',(12.6673227256898,0.200859087978316,0.));
#3135=CARTESIAN_POINT('Ctrl Pts',(3.64297269362741,-12.1342636053238,0.));
#3136=CARTESIAN_POINT('Ctrl Pts',(3.64297269362741,-12.1342636053238,0.8));
#3137=CARTESIAN_POINT('Ctrl Pts',(3.67725155637377,-12.0836257604949,0.));
#3138=CARTESIAN_POINT('Ctrl Pts',(3.67725155637377,-12.0836257604949,0.8));
#3139=CARTESIAN_POINT('Ctrl Pts',(3.74585484221104,-11.9823809866446,0.));
#3140=CARTESIAN_POINT('Ctrl Pts',(3.74585484221104,-11.9823809866446,0.8));
#3141=CARTESIAN_POINT('Ctrl Pts',(3.84889645199366,-11.8306065732871,0.));
#3142=CARTESIAN_POINT('Ctrl Pts',(3.84889645199366,-11.8306065732871,0.8));
#3143=CARTESIAN_POINT('Ctrl Pts',(3.98655880520317,-11.6284263045069,0.));
#3144=CARTESIAN_POINT('Ctrl Pts',(3.98655880520317,-11.6284263045069,0.8));
#3145=CARTESIAN_POINT('Ctrl Pts',(4.15909305377183,-11.3760107131353,0.));
#3146=CARTESIAN_POINT('Ctrl Pts',(4.15909305377183,-11.3760107131353,0.8));
#3147=CARTESIAN_POINT('Ctrl Pts',(4.33208303969001,-11.1239048072375,0.));
#3148=CARTESIAN_POINT('Ctrl Pts',(4.33208303969001,-11.1239048072375,0.8));
#3149=CARTESIAN_POINT('Ctrl Pts',(4.50552626753069,-10.8721075490572,0.));
#3150=CARTESIAN_POINT('Ctrl Pts',(4.50552626753069,-10.8721075490572,0.8));
#3151=CARTESIAN_POINT('Ctrl Pts',(4.67941735434202,-10.6206163798848,0.));
#3152=CARTESIAN_POINT('Ctrl Pts',(4.67941735434202,-10.6206163798848,0.8));
#3153=CARTESIAN_POINT('Ctrl Pts',(4.85374705244024,-10.3694266682164,0.));
#3154=CARTESIAN_POINT('Ctrl Pts',(4.85374705244024,-10.3694266682164,0.8));
#3155=CARTESIAN_POINT('Ctrl Pts',(5.02850385308695,-10.1185325229705,0.));
#3156=CARTESIAN_POINT('Ctrl Pts',(5.02850385308695,-10.1185325229705,0.8));
#3157=CARTESIAN_POINT('Ctrl Pts',(5.20367557737791,-9.86792759843164,0.));
#3158=CARTESIAN_POINT('Ctrl Pts',(5.20367557737791,-9.86792759843164,0.8));
#3159=CARTESIAN_POINT('Ctrl Pts',(5.37925095738063,-9.61760589243674,0.));
#3160=CARTESIAN_POINT('Ctrl Pts',(5.37925095738063,-9.61760589243674,0.8));
#3161=CARTESIAN_POINT('Ctrl Pts',(5.55522121014136,-9.36756253915043,0.));
#3162=CARTESIAN_POINT('Ctrl Pts',(5.55522121014136,-9.36756253915043,0.8));
#3163=CARTESIAN_POINT('Ctrl Pts',(5.73158161028213,-9.11779459928445,0.));
#3164=CARTESIAN_POINT('Ctrl Pts',(5.73158161028213,-9.11779459928445,0.8));
#3165=CARTESIAN_POINT('Ctrl Pts',(5.90832991868398,-8.86830030213019,0.));
#3166=CARTESIAN_POINT('Ctrl Pts',(5.90832991868398,-8.86830030213019,0.8));
#3167=CARTESIAN_POINT('Ctrl Pts',(6.08546480674908,-8.61907828364322,0.));
#3168=CARTESIAN_POINT('Ctrl Pts',(6.08546480674908,-8.61907828364322,0.8));
#3169=CARTESIAN_POINT('Ctrl Pts',(6.2629842748465,-8.37012681992163,0.));
#3170=CARTESIAN_POINT('Ctrl Pts',(6.2629842748465,-8.37012681992163,0.8));
#3171=CARTESIAN_POINT('Ctrl Pts',(6.44088406251265,-8.12144305494644,0.));
#3172=CARTESIAN_POINT('Ctrl Pts',(6.44088406251265,-8.12144305494644,0.8));
#3173=CARTESIAN_POINT('Ctrl Pts',(6.61915604381739,-7.87302221930833,0.));
#3174=CARTESIAN_POINT('Ctrl Pts',(6.61915604381739,-7.87302221930833,0.8));
#3175=CARTESIAN_POINT('Ctrl Pts',(6.79778965516418,-7.62485838997323,0.));
#3176=CARTESIAN_POINT('Ctrl Pts',(6.79778965516418,-7.62485838997323,0.8));
#3177=CARTESIAN_POINT('Ctrl Pts',(6.9767733133347,-7.37694524376975,0.));
#3178=CARTESIAN_POINT('Ctrl Pts',(6.9767733133347,-7.37694524376975,0.8));
#3179=CARTESIAN_POINT('Ctrl Pts',(7.1560958238413,-7.12927680474273,0.));
#3180=CARTESIAN_POINT('Ctrl Pts',(7.1560958238413,-7.12927680474273,0.8));
#3181=CARTESIAN_POINT('Ctrl Pts',(7.33574778222796,-6.88184818669645,0.));
#3182=CARTESIAN_POINT('Ctrl Pts',(7.33574778222796,-6.88184818669645,0.8));
#3183=CARTESIAN_POINT('Ctrl Pts',(7.51572297520704,-6.63465633472401,0.));
#3184=CARTESIAN_POINT('Ctrl Pts',(7.51572297520704,-6.63465633472401,0.8));
#3185=CARTESIAN_POINT('Ctrl Pts',(7.6960174169353,-6.38769944461123,0.));
#3186=CARTESIAN_POINT('Ctrl Pts',(7.6960174169353,-6.38769944461123,0.8));
#3187=CARTESIAN_POINT('Ctrl Pts',(7.87662838016711,-6.14097637828108,0.));
#3188=CARTESIAN_POINT('Ctrl Pts',(7.87662838016711,-6.14097637828108,0.8));
#3189=CARTESIAN_POINT('Ctrl Pts',(8.05755342422631,-5.89448607622704,0.));
#3190=CARTESIAN_POINT('Ctrl Pts',(8.05755342422631,-5.89448607622704,0.8));
#3191=CARTESIAN_POINT('Ctrl Pts',(8.23878941772561,-5.64822696578024,0.));
#3192=CARTESIAN_POINT('Ctrl Pts',(8.23878941772561,-5.64822696578024,0.8));
#3193=CARTESIAN_POINT('Ctrl Pts',(8.4203315511202,-5.40219636212308,0.));
#3194=CARTESIAN_POINT('Ctrl Pts',(8.4203315511202,-5.40219636212308,0.8));
#3195=CARTESIAN_POINT('Ctrl Pts',(8.6021738340303,-5.15639079460094,0.));
#3196=CARTESIAN_POINT('Ctrl Pts',(8.6021738340303,-5.15639079460094,0.8));
#3197=CARTESIAN_POINT('Ctrl Pts',(8.78430958674301,-4.91080632855118,0.));
#3198=CARTESIAN_POINT('Ctrl Pts',(8.78430958674301,-4.91080632855118,0.8));
#3199=CARTESIAN_POINT('Ctrl Pts',(8.96673192359438,-4.66543888125092,0.));
#3200=CARTESIAN_POINT('Ctrl Pts',(8.96673192359438,-4.66543888125092,0.8));
#3201=CARTESIAN_POINT('Ctrl Pts',(9.14943422995434,-4.42028453306226,0.));
#3202=CARTESIAN_POINT('Ctrl Pts',(9.14943422995434,-4.42028453306226,0.8));
#3203=CARTESIAN_POINT('Ctrl Pts',(9.33241063530796,-4.17533983539932,0.));
#3204=CARTESIAN_POINT('Ctrl Pts',(9.33241063530796,-4.17533983539932,0.8));
#3205=CARTESIAN_POINT('Ctrl Pts',(9.51565579785006,-3.93060167373507,0.));
#3206=CARTESIAN_POINT('Ctrl Pts',(9.51565579785006,-3.93060167373507,0.8));
#3207=CARTESIAN_POINT('Ctrl Pts',(9.69916468322577,-3.68606712616949,0.));
#3208=CARTESIAN_POINT('Ctrl Pts',(9.69916468322577,-3.68606712616949,0.8));
#3209=CARTESIAN_POINT('Ctrl Pts',(9.88293233887316,-3.44173331846823,0.));
#3210=CARTESIAN_POINT('Ctrl Pts',(9.88293233887316,-3.44173331846823,0.8));
#3211=CARTESIAN_POINT('Ctrl Pts',(10.0669536634188,-3.197597275272,0.));
#3212=CARTESIAN_POINT('Ctrl Pts',(10.0669536634188,-3.197597275272,0.8));
#3213=CARTESIAN_POINT('Ctrl Pts',(10.2512231696263,-2.95365576634871,0.));
#3214=CARTESIAN_POINT('Ctrl Pts',(10.2512231696263,-2.95365576634871,0.8));
#3215=CARTESIAN_POINT('Ctrl Pts',(10.4357352172678,-2.70990550317738,0.));
#3216=CARTESIAN_POINT('Ctrl Pts',(10.4357352172678,-2.70990550317738,0.8));
#3217=CARTESIAN_POINT('Ctrl Pts',(10.6204842417635,-2.46634333227692,0.));
#3218=CARTESIAN_POINT('Ctrl Pts',(10.6204842417635,-2.46634333227692,0.8));
#3219=CARTESIAN_POINT('Ctrl Pts',(10.8054649778148,-2.22296642478776,0.));
#3220=CARTESIAN_POINT('Ctrl Pts',(10.8054649778148,-2.22296642478776,0.8));
#3221=CARTESIAN_POINT('Ctrl Pts',(10.990672678824,-1.97977246278717,0.));
#3222=CARTESIAN_POINT('Ctrl Pts',(10.990672678824,-1.97977246278717,0.8));
#3223=CARTESIAN_POINT('Ctrl Pts',(11.1761033332249,-1.73675982354793,0.));
#3224=CARTESIAN_POINT('Ctrl Pts',(11.1761033332249,-1.73675982354793,0.8));
#3225=CARTESIAN_POINT('Ctrl Pts',(11.361753582716,-1.49392741903642,0.));
#3226=CARTESIAN_POINT('Ctrl Pts',(11.361753582716,-1.49392741903642,0.8));
#3227=CARTESIAN_POINT('Ctrl Pts',(11.5476206367142,-1.25127453215484,0.));
#3228=CARTESIAN_POINT('Ctrl Pts',(11.5476206367142,-1.25127453215484,0.8));
#3229=CARTESIAN_POINT('Ctrl Pts',(11.73370218372,-1.00880065029993,0.));
#3230=CARTESIAN_POINT('Ctrl Pts',(11.73370218372,-1.00880065029993,0.8));
#3231=CARTESIAN_POINT('Ctrl Pts',(11.9199962992507,-0.766505295762755,0.));
#3232=CARTESIAN_POINT('Ctrl Pts',(11.9199962992507,-0.766505295762755,0.8));
#3233=CARTESIAN_POINT('Ctrl Pts',(12.1065013501011,-0.524387852277729,0.));
#3234=CARTESIAN_POINT('Ctrl Pts',(12.1065013501011,-0.524387852277729,0.8));
#3235=CARTESIAN_POINT('Ctrl Pts',(12.2932160243003,-0.282447668194424,0.));
#3236=CARTESIAN_POINT('Ctrl Pts',(12.2932160243003,-0.282447668194424,0.8));
#3237=CARTESIAN_POINT('Ctrl Pts',(12.4427546909783,-0.0890368587555738,
0.));
#3238=CARTESIAN_POINT('Ctrl Pts',(12.4427546909783,-0.0890368587555738,
0.8));
#3239=CARTESIAN_POINT('Ctrl Pts',(12.5550023205463,0.0559419375918209,0.));
#3240=CARTESIAN_POINT('Ctrl Pts',(12.5550023205463,0.0559419375918209,0.8));
#3241=CARTESIAN_POINT('Ctrl Pts',(12.6298756596345,0.152559242226951,0.));
#3242=CARTESIAN_POINT('Ctrl Pts',(12.6298756596345,0.152559242226951,0.8));
#3243=CARTESIAN_POINT('Ctrl Pts',(12.6673227256898,0.200859087978316,0.));
#3244=CARTESIAN_POINT('Ctrl Pts',(12.6673227256898,0.200859087978316,0.8));
#3245=CARTESIAN_POINT('',(3.64297269362741,-12.1342636053238,0.));
#3246=CARTESIAN_POINT('Ctrl Pts',(3.64297269362741,-12.1342636053238,0.));
#3247=CARTESIAN_POINT('Ctrl Pts',(3.67725155637377,-12.0836257604949,0.));
#3248=CARTESIAN_POINT('Ctrl Pts',(3.74585484221104,-11.9823809866446,0.));
#3249=CARTESIAN_POINT('Ctrl Pts',(3.84889645199366,-11.8306065732871,0.));
#3250=CARTESIAN_POINT('Ctrl Pts',(3.98655880520317,-11.6284263045069,0.));
#3251=CARTESIAN_POINT('Ctrl Pts',(4.15909305377183,-11.3760107131353,0.));
#3252=CARTESIAN_POINT('Ctrl Pts',(4.33208303969001,-11.1239048072375,0.));
#3253=CARTESIAN_POINT('Ctrl Pts',(4.50552626753069,-10.8721075490572,0.));
#3254=CARTESIAN_POINT('Ctrl Pts',(4.67941735434202,-10.6206163798848,0.));
#3255=CARTESIAN_POINT('Ctrl Pts',(4.85374705244024,-10.3694266682164,0.));
#3256=CARTESIAN_POINT('Ctrl Pts',(5.02850385308695,-10.1185325229705,0.));
#3257=CARTESIAN_POINT('Ctrl Pts',(5.20367557737791,-9.86792759843164,0.));
#3258=CARTESIAN_POINT('Ctrl Pts',(5.37925095738063,-9.61760589243674,0.));
#3259=CARTESIAN_POINT('Ctrl Pts',(5.55522121014136,-9.36756253915043,0.));
#3260=CARTESIAN_POINT('Ctrl Pts',(5.73158161028213,-9.11779459928445,0.));
#3261=CARTESIAN_POINT('Ctrl Pts',(5.90832991868398,-8.86830030213019,0.));
#3262=CARTESIAN_POINT('Ctrl Pts',(6.08546480674908,-8.61907828364322,0.));
#3263=CARTESIAN_POINT('Ctrl Pts',(6.2629842748465,-8.37012681992163,0.));
#3264=CARTESIAN_POINT('Ctrl Pts',(6.44088406251265,-8.12144305494644,0.));
#3265=CARTESIAN_POINT('Ctrl Pts',(6.61915604381739,-7.87302221930833,0.));
#3266=CARTESIAN_POINT('Ctrl Pts',(6.79778965516418,-7.62485838997323,0.));
#3267=CARTESIAN_POINT('Ctrl Pts',(6.9767733133347,-7.37694524376975,0.));
#3268=CARTESIAN_POINT('Ctrl Pts',(7.1560958238413,-7.12927680474273,0.));
#3269=CARTESIAN_POINT('Ctrl Pts',(7.33574778222796,-6.88184818669645,0.));
#3270=CARTESIAN_POINT('Ctrl Pts',(7.51572297520704,-6.63465633472401,0.));
#3271=CARTESIAN_POINT('Ctrl Pts',(7.6960174169353,-6.38769944461123,0.));
#3272=CARTESIAN_POINT('Ctrl Pts',(7.87662838016711,-6.14097637828108,0.));
#3273=CARTESIAN_POINT('Ctrl Pts',(8.05755342422631,-5.89448607622704,0.));
#3274=CARTESIAN_POINT('Ctrl Pts',(8.23878941772561,-5.64822696578024,0.));
#3275=CARTESIAN_POINT('Ctrl Pts',(8.4203315511202,-5.40219636212308,0.));
#3276=CARTESIAN_POINT('Ctrl Pts',(8.6021738340303,-5.15639079460094,0.));
#3277=CARTESIAN_POINT('Ctrl Pts',(8.78430958674301,-4.91080632855118,0.));
#3278=CARTESIAN_POINT('Ctrl Pts',(8.96673192359438,-4.66543888125092,0.));
#3279=CARTESIAN_POINT('Ctrl Pts',(9.14943422995434,-4.42028453306226,0.));
#3280=CARTESIAN_POINT('Ctrl Pts',(9.33241063530796,-4.17533983539932,0.));
#3281=CARTESIAN_POINT('Ctrl Pts',(9.51565579785006,-3.93060167373507,0.));
#3282=CARTESIAN_POINT('Ctrl Pts',(9.69916468322577,-3.68606712616949,0.));
#3283=CARTESIAN_POINT('Ctrl Pts',(9.88293233887316,-3.44173331846823,0.));
#3284=CARTESIAN_POINT('Ctrl Pts',(10.0669536634188,-3.197597275272,0.));
#3285=CARTESIAN_POINT('Ctrl Pts',(10.2512231696263,-2.95365576634871,0.));
#3286=CARTESIAN_POINT('Ctrl Pts',(10.4357352172678,-2.70990550317738,0.));
#3287=CARTESIAN_POINT('Ctrl Pts',(10.6204842417635,-2.46634333227692,0.));
#3288=CARTESIAN_POINT('Ctrl Pts',(10.8054649778148,-2.22296642478776,0.));
#3289=CARTESIAN_POINT('Ctrl Pts',(10.990672678824,-1.97977246278717,0.));
#3290=CARTESIAN_POINT('Ctrl Pts',(11.1761033332249,-1.73675982354793,0.));
#3291=CARTESIAN_POINT('Ctrl Pts',(11.361753582716,-1.49392741903642,0.));
#3292=CARTESIAN_POINT('Ctrl Pts',(11.5476206367142,-1.25127453215484,0.));
#3293=CARTESIAN_POINT('Ctrl Pts',(11.73370218372,-1.00880065029993,0.));
#3294=CARTESIAN_POINT('Ctrl Pts',(11.9199962992507,-0.766505295762755,0.));
#3295=CARTESIAN_POINT('Ctrl Pts',(12.1065013501011,-0.524387852277729,0.));
#3296=CARTESIAN_POINT('Ctrl Pts',(12.2932160243003,-0.282447668194424,0.));
#3297=CARTESIAN_POINT('Ctrl Pts',(12.4427546909783,-0.0890368587555738,
0.));
#3298=CARTESIAN_POINT('Ctrl Pts',(12.5550023205463,0.0559419375918209,0.));
#3299=CARTESIAN_POINT('Ctrl Pts',(12.6298756596345,0.152559242226951,0.));
#3300=CARTESIAN_POINT('Ctrl Pts',(12.6673227256898,0.200859087978316,0.));
#3301=CARTESIAN_POINT('',(3.64297269362741,-12.1342636053238,0.));
#3302=CARTESIAN_POINT('Origin',(-0.00506941109528147,0.022903186550145,
0.));
#3303=CARTESIAN_POINT('',(5.1247092222337,-11.5870187243118,0.));
#3304=CARTESIAN_POINT('Origin',(-0.00506941109528147,0.022903186550145,
0.));
#3305=CARTESIAN_POINT('',(5.1247092222337,-11.5870187243118,0.));
#3306=CARTESIAN_POINT('Ctrl Pts',(12.5981196204403,-1.34212064624499,0.));
#3307=CARTESIAN_POINT('Ctrl Pts',(12.5981196204403,-1.34212064624499,0.8));
#3308=CARTESIAN_POINT('Ctrl Pts',(12.5671956794785,-1.38209718402157,0.));
#3309=CARTESIAN_POINT('Ctrl Pts',(12.5671956794785,-1.38209718402157,0.8));
#3310=CARTESIAN_POINT('Ctrl Pts',(12.5053674774586,-1.46206695218011,0.));
#3311=CARTESIAN_POINT('Ctrl Pts',(12.5053674774586,-1.46206695218011,0.8));
#3312=CARTESIAN_POINT('Ctrl Pts',(12.4126842141373,-1.58207168223291,0.));
#3313=CARTESIAN_POINT('Ctrl Pts',(12.4126842141373,-1.58207168223291,0.8));
#3314=CARTESIAN_POINT('Ctrl Pts',(12.2892246860573,-1.74217820984392,0.));
#3315=CARTESIAN_POINT('Ctrl Pts',(12.2892246860573,-1.74217820984392,0.8));
#3316=CARTESIAN_POINT('Ctrl Pts',(12.135097688528,-1.94247881549199,0.));
#3317=CARTESIAN_POINT('Ctrl Pts',(12.135097688528,-1.94247881549199,0.8));
#3318=CARTESIAN_POINT('Ctrl Pts',(11.9811687868965,-2.14294744574921,0.));
#3319=CARTESIAN_POINT('Ctrl Pts',(11.9811687868965,-2.14294744574921,0.8));
#3320=CARTESIAN_POINT('Ctrl Pts',(11.8274387639719,-2.34358476267561,0.));
#3321=CARTESIAN_POINT('Ctrl Pts',(11.8274387639719,-2.34358476267561,0.8));
#3322=CARTESIAN_POINT('Ctrl Pts',(11.6739083996161,-2.54439142380571,0.));
#3323=CARTESIAN_POINT('Ctrl Pts',(11.6739083996161,-2.54439142380571,0.8));
#3324=CARTESIAN_POINT('Ctrl Pts',(11.5205783647565,-2.74536799433167,0.));
#3325=CARTESIAN_POINT('Ctrl Pts',(11.5205783647565,-2.74536799433167,0.8));
#3326=CARTESIAN_POINT('Ctrl Pts',(11.3674491555639,-2.94651514243685,0.));
#3327=CARTESIAN_POINT('Ctrl Pts',(11.3674491555639,-2.94651514243685,0.8));
#3328=CARTESIAN_POINT('Ctrl Pts',(11.2145210221562,-3.14783382875101,0.));
#3329=CARTESIAN_POINT('Ctrl Pts',(11.2145210221562,-3.14783382875101,0.8));
#3330=CARTESIAN_POINT('Ctrl Pts',(11.061793894391,-3.34932549248407,0.));
#3331=CARTESIAN_POINT('Ctrl Pts',(11.061793894391,-3.34932549248407,0.8));
#3332=CARTESIAN_POINT('Ctrl Pts',(10.9092672996466,-3.55099223867351,0.));
#3333=CARTESIAN_POINT('Ctrl Pts',(10.9092672996466,-3.55099223867351,0.8));
#3334=CARTESIAN_POINT('Ctrl Pts',(10.7569402847338,-3.75283701224338,0.));
#3335=CARTESIAN_POINT('Ctrl Pts',(10.7569402847338,-3.75283701224338,0.8));
#3336=CARTESIAN_POINT('Ctrl Pts',(10.6048116942809,-3.95486331423367,0.));
#3337=CARTESIAN_POINT('Ctrl Pts',(10.6048116942809,-3.95486331423367,0.8));
#3338=CARTESIAN_POINT('Ctrl Pts',(10.4528804374008,-4.15707492467899,0.));
#3339=CARTESIAN_POINT('Ctrl Pts',(10.4528804374008,-4.15707492467899,0.8));
#3340=CARTESIAN_POINT('Ctrl Pts',(10.3011457515357,-4.35947562149674,0.));
#3341=CARTESIAN_POINT('Ctrl Pts',(10.3011457515357,-4.35947562149674,0.8));
#3342=CARTESIAN_POINT('Ctrl Pts',(10.1496074665327,-4.56206889025225,0.));
#3343=CARTESIAN_POINT('Ctrl Pts',(10.1496074665327,-4.56206889025225,0.8));
#3344=CARTESIAN_POINT('Ctrl Pts',(9.99826625327056,-4.76485764809162,0.));
#3345=CARTESIAN_POINT('Ctrl Pts',(9.99826625327056,-4.76485764809162,0.8));
#3346=CARTESIAN_POINT('Ctrl Pts',(9.84712348772371,-4.96784450384575,0.));
#3347=CARTESIAN_POINT('Ctrl Pts',(9.84712348772371,-4.96784450384575,0.8));
#3348=CARTESIAN_POINT('Ctrl Pts',(9.69618112527554,-5.1710319979517,0.));
#3349=CARTESIAN_POINT('Ctrl Pts',(9.69618112527554,-5.1710319979517,0.8));
#3350=CARTESIAN_POINT('Ctrl Pts',(9.54544156636978,-5.37442284072957,0.));
#3351=CARTESIAN_POINT('Ctrl Pts',(9.54544156636978,-5.37442284072957,0.8));
#3352=CARTESIAN_POINT('Ctrl Pts',(9.39490752382888,-5.57802015386633,0.));
#3353=CARTESIAN_POINT('Ctrl Pts',(9.39490752382888,-5.57802015386633,0.8));
#3354=CARTESIAN_POINT('Ctrl Pts',(9.24458187818839,-5.78182768348093,0.));
#3355=CARTESIAN_POINT('Ctrl Pts',(9.24458187818839,-5.78182768348093,0.8));
#3356=CARTESIAN_POINT('Ctrl Pts',(9.09446736794319,-5.98584941982065,0.));
#3357=CARTESIAN_POINT('Ctrl Pts',(9.09446736794319,-5.98584941982065,0.8));
#3358=CARTESIAN_POINT('Ctrl Pts',(8.94456627820009,-6.19008923277561,0.));
#3359=CARTESIAN_POINT('Ctrl Pts',(8.94456627820009,-6.19008923277561,0.8));
#3360=CARTESIAN_POINT('Ctrl Pts',(8.79488012966019,-6.39455050267276,0.));
#3361=CARTESIAN_POINT('Ctrl Pts',(8.79488012966019,-6.39455050267276,0.8));
#3362=CARTESIAN_POINT('Ctrl Pts',(8.645409344493,-6.59923572928224,0.));
#3363=CARTESIAN_POINT('Ctrl Pts',(8.645409344493,-6.59923572928224,0.8));
#3364=CARTESIAN_POINT('Ctrl Pts',(8.49615295549661,-6.8041461882515,0.));
#3365=CARTESIAN_POINT('Ctrl Pts',(8.49615295549661,-6.8041461882515,0.8));
#3366=CARTESIAN_POINT('Ctrl Pts',(8.34710931832514,-7.00928268783101,0.));
#3367=CARTESIAN_POINT('Ctrl Pts',(8.34710931832514,-7.00928268783101,0.8));
#3368=CARTESIAN_POINT('Ctrl Pts',(8.19827677884333,-7.21464627801831,0.));
#3369=CARTESIAN_POINT('Ctrl Pts',(8.19827677884333,-7.21464627801831,0.8));
#3370=CARTESIAN_POINT('Ctrl Pts',(8.0496543423399,-7.42023895994921,0.));
#3371=CARTESIAN_POINT('Ctrl Pts',(8.0496543423399,-7.42023895994921,0.8));
#3372=CARTESIAN_POINT('Ctrl Pts',(7.90124235721671,-7.62606441759455,0.));
#3373=CARTESIAN_POINT('Ctrl Pts',(7.90124235721671,-7.62606441759455,0.8));
#3374=CARTESIAN_POINT('Ctrl Pts',(7.75304313324168,-7.83212866197332,0.));
#3375=CARTESIAN_POINT('Ctrl Pts',(7.75304313324168,-7.83212866197332,0.8));
#3376=CARTESIAN_POINT('Ctrl Pts',(7.60506023904574,-8.03843891875352,0.));
#3377=CARTESIAN_POINT('Ctrl Pts',(7.60506023904574,-8.03843891875352,0.8));
#3378=CARTESIAN_POINT('Ctrl Pts',(7.45729785338566,-8.24500258469999,0.));
#3379=CARTESIAN_POINT('Ctrl Pts',(7.45729785338566,-8.24500258469999,0.8));
#3380=CARTESIAN_POINT('Ctrl Pts',(7.30976009886992,-8.45182616646232,0.));
#3381=CARTESIAN_POINT('Ctrl Pts',(7.30976009886992,-8.45182616646232,0.8));
#3382=CARTESIAN_POINT('Ctrl Pts',(7.16245036211559,-8.65891418619876,0.));
#3383=CARTESIAN_POINT('Ctrl Pts',(7.16245036211559,-8.65891418619876,0.8));
#3384=CARTESIAN_POINT('Ctrl Pts',(7.0153706545344,-8.86626817919307,0.));
#3385=CARTESIAN_POINT('Ctrl Pts',(7.0153706545344,-8.86626817919307,0.8));
#3386=CARTESIAN_POINT('Ctrl Pts',(6.86852204692343,-9.07388794323663,0.));
#3387=CARTESIAN_POINT('Ctrl Pts',(6.86852204692343,-9.07388794323663,0.8));
#3388=CARTESIAN_POINT('Ctrl Pts',(6.72190505369368,-9.28177269000074,0.));
#3389=CARTESIAN_POINT('Ctrl Pts',(6.72190505369368,-9.28177269000074,0.8));
#3390=CARTESIAN_POINT('Ctrl Pts',(6.57552002491499,-9.48992221300707,0.));
#3391=CARTESIAN_POINT('Ctrl Pts',(6.57552002491499,-9.48992221300707,0.8));
#3392=CARTESIAN_POINT('Ctrl Pts',(6.42936753469268,-9.69833806612683,0.));
#3393=CARTESIAN_POINT('Ctrl Pts',(6.42936753469268,-9.69833806612683,0.8));
#3394=CARTESIAN_POINT('Ctrl Pts',(6.28344874509159,-9.9070246652596,0.));
#3395=CARTESIAN_POINT('Ctrl Pts',(6.28344874509159,-9.9070246652596,0.8));
#3396=CARTESIAN_POINT('Ctrl Pts',(6.13776514020649,-10.11598820823,0.));
#3397=CARTESIAN_POINT('Ctrl Pts',(6.13776514020649,-10.11598820823,0.8));
#3398=CARTESIAN_POINT('Ctrl Pts',(5.99231827714976,-10.3252356652592,0.));
#3399=CARTESIAN_POINT('Ctrl Pts',(5.99231827714976,-10.3252356652592,0.8));
#3400=CARTESIAN_POINT('Ctrl Pts',(5.84710952606106,-10.5347737428313,0.));
#3401=CARTESIAN_POINT('Ctrl Pts',(5.84710952606106,-10.5347737428313,0.8));
#3402=CARTESIAN_POINT('Ctrl Pts',(5.70213980432095,-10.7446078400956,0.));
#3403=CARTESIAN_POINT('Ctrl Pts',(5.70213980432095,-10.7446078400956,0.8));
#3404=CARTESIAN_POINT('Ctrl Pts',(5.55740931495526,-10.9547410277139,0.));
#3405=CARTESIAN_POINT('Ctrl Pts',(5.55740931495526,-10.9547410277139,0.8));
#3406=CARTESIAN_POINT('Ctrl Pts',(5.41291779982376,-11.1651746692335,0.));
#3407=CARTESIAN_POINT('Ctrl Pts',(5.41291779982376,-11.1651746692335,0.8));
#3408=CARTESIAN_POINT('Ctrl Pts',(5.29751538083751,-11.3337621323135,0.));
#3409=CARTESIAN_POINT('Ctrl Pts',(5.29751538083751,-11.3337621323135,0.8));
#3410=CARTESIAN_POINT('Ctrl Pts',(5.21107067528723,-11.460337897345,0.));
#3411=CARTESIAN_POINT('Ctrl Pts',(5.21107067528723,-11.460337897345,0.8));
#3412=CARTESIAN_POINT('Ctrl Pts',(5.15348844444162,-11.5447817760893,0.));
#3413=CARTESIAN_POINT('Ctrl Pts',(5.15348844444162,-11.5447817760893,0.8));
#3414=CARTESIAN_POINT('Ctrl Pts',(5.1247092222337,-11.5870187243118,0.));
#3415=CARTESIAN_POINT('Ctrl Pts',(5.1247092222337,-11.5870187243118,0.8));
#3416=CARTESIAN_POINT('',(12.5981196204403,-1.34212064624499,0.));
#3417=CARTESIAN_POINT('Ctrl Pts',(12.5981196204403,-1.34212064624499,0.));
#3418=CARTESIAN_POINT('Ctrl Pts',(12.5671956794785,-1.38209718402157,0.));
#3419=CARTESIAN_POINT('Ctrl Pts',(12.5053674774586,-1.46206695218011,0.));
#3420=CARTESIAN_POINT('Ctrl Pts',(12.4126842141373,-1.58207168223291,0.));
#3421=CARTESIAN_POINT('Ctrl Pts',(12.2892246860573,-1.74217820984392,0.));
#3422=CARTESIAN_POINT('Ctrl Pts',(12.135097688528,-1.94247881549199,0.));
#3423=CARTESIAN_POINT('Ctrl Pts',(11.9811687868965,-2.14294744574921,0.));
#3424=CARTESIAN_POINT('Ctrl Pts',(11.8274387639719,-2.34358476267561,0.));
#3425=CARTESIAN_POINT('Ctrl Pts',(11.6739083996161,-2.54439142380571,0.));
#3426=CARTESIAN_POINT('Ctrl Pts',(11.5205783647565,-2.74536799433167,0.));
#3427=CARTESIAN_POINT('Ctrl Pts',(11.3674491555639,-2.94651514243685,0.));
#3428=CARTESIAN_POINT('Ctrl Pts',(11.2145210221562,-3.14783382875101,0.));
#3429=CARTESIAN_POINT('Ctrl Pts',(11.061793894391,-3.34932549248407,0.));
#3430=CARTESIAN_POINT('Ctrl Pts',(10.9092672996466,-3.55099223867351,0.));
#3431=CARTESIAN_POINT('Ctrl Pts',(10.7569402847338,-3.75283701224338,0.));
#3432=CARTESIAN_POINT('Ctrl Pts',(10.6048116942809,-3.95486331423367,0.));
#3433=CARTESIAN_POINT('Ctrl Pts',(10.4528804374008,-4.15707492467899,0.));
#3434=CARTESIAN_POINT('Ctrl Pts',(10.3011457515357,-4.35947562149674,0.));
#3435=CARTESIAN_POINT('Ctrl Pts',(10.1496074665327,-4.56206889025225,0.));
#3436=CARTESIAN_POINT('Ctrl Pts',(9.99826625327056,-4.76485764809162,0.));
#3437=CARTESIAN_POINT('Ctrl Pts',(9.84712348772371,-4.96784450384575,0.));
#3438=CARTESIAN_POINT('Ctrl Pts',(9.69618112527554,-5.1710319979517,0.));
#3439=CARTESIAN_POINT('Ctrl Pts',(9.54544156636978,-5.37442284072957,0.));
#3440=CARTESIAN_POINT('Ctrl Pts',(9.39490752382888,-5.57802015386633,0.));
#3441=CARTESIAN_POINT('Ctrl Pts',(9.24458187818839,-5.78182768348093,0.));
#3442=CARTESIAN_POINT('Ctrl Pts',(9.09446736794319,-5.98584941982065,0.));
#3443=CARTESIAN_POINT('Ctrl Pts',(8.94456627820009,-6.19008923277561,0.));
#3444=CARTESIAN_POINT('Ctrl Pts',(8.79488012966019,-6.39455050267276,0.));
#3445=CARTESIAN_POINT('Ctrl Pts',(8.645409344493,-6.59923572928224,0.));
#3446=CARTESIAN_POINT('Ctrl Pts',(8.49615295549661,-6.8041461882515,0.));
#3447=CARTESIAN_POINT('Ctrl Pts',(8.34710931832514,-7.00928268783101,0.));
#3448=CARTESIAN_POINT('Ctrl Pts',(8.19827677884333,-7.21464627801831,0.));
#3449=CARTESIAN_POINT('Ctrl Pts',(8.0496543423399,-7.42023895994921,0.));
#3450=CARTESIAN_POINT('Ctrl Pts',(7.90124235721671,-7.62606441759455,0.));
#3451=CARTESIAN_POINT('Ctrl Pts',(7.75304313324168,-7.83212866197332,0.));
#3452=CARTESIAN_POINT('Ctrl Pts',(7.60506023904574,-8.03843891875352,0.));
#3453=CARTESIAN_POINT('Ctrl Pts',(7.45729785338566,-8.24500258469999,0.));
#3454=CARTESIAN_POINT('Ctrl Pts',(7.30976009886992,-8.45182616646232,0.));
#3455=CARTESIAN_POINT('Ctrl Pts',(7.16245036211559,-8.65891418619876,0.));
#3456=CARTESIAN_POINT('Ctrl Pts',(7.0153706545344,-8.86626817919307,0.));
#3457=CARTESIAN_POINT('Ctrl Pts',(6.86852204692343,-9.07388794323663,0.));
#3458=CARTESIAN_POINT('Ctrl Pts',(6.72190505369368,-9.28177269000074,0.));
#3459=CARTESIAN_POINT('Ctrl Pts',(6.57552002491499,-9.48992221300707,0.));
#3460=CARTESIAN_POINT('Ctrl Pts',(6.42936753469268,-9.69833806612683,0.));
#3461=CARTESIAN_POINT('Ctrl Pts',(6.28344874509159,-9.9070246652596,0.));
#3462=CARTESIAN_POINT('Ctrl Pts',(6.13776514020649,-10.11598820823,0.));
#3463=CARTESIAN_POINT('Ctrl Pts',(5.99231827714976,-10.3252356652592,0.));
#3464=CARTESIAN_POINT('Ctrl Pts',(5.84710952606106,-10.5347737428313,0.));
#3465=CARTESIAN_POINT('Ctrl Pts',(5.70213980432095,-10.7446078400956,0.));
#3466=CARTESIAN_POINT('Ctrl Pts',(5.55740931495526,-10.9547410277139,0.));
#3467=CARTESIAN_POINT('Ctrl Pts',(5.41291779982376,-11.1651746692335,0.));
#3468=CARTESIAN_POINT('Ctrl Pts',(5.29751538083751,-11.3337621323135,0.));
#3469=CARTESIAN_POINT('Ctrl Pts',(5.21107067528723,-11.460337897345,0.));
#3470=CARTESIAN_POINT('Ctrl Pts',(5.15348844444162,-11.5447817760893,0.));
#3471=CARTESIAN_POINT('Ctrl Pts',(5.1247092222337,-11.5870187243118,0.));
#3472=CARTESIAN_POINT('',(12.5981196204403,-1.34212064624499,0.));
#3473=CARTESIAN_POINT('Origin',(13.8036943157787,0.20464712687405,0.));
#3474=CARTESIAN_POINT('',(13.8036943157787,0.20464712687405,0.));
#3475=CARTESIAN_POINT('',(13.8036943157787,0.20464712687405,0.));
#3476=CARTESIAN_POINT('',(13.8036943157787,0.20464712687405,0.));
#3477=CARTESIAN_POINT('Origin',(-0.00840148162132959,-0.00486107225810828,
0.));
#3478=CARTESIAN_POINT('Origin',(-0.00840148162132959,-0.00486107225810828,
0.));
#3479=CARTESIAN_POINT('Origin',(0.090375504669149,0.0484851963321445,0.));
#3480=CARTESIAN_POINT('',(20.0085059332547,9.40072377899237,0.));
#3481=CARTESIAN_POINT('',(11.5700557756803,-18.724187153456,0.));
#3482=CARTESIAN_POINT('Origin',(0.090375504669149,0.0484851963321445,0.));
#3483=CARTESIAN_POINT('',(11.5700557756803,-18.724187153456,0.));
#3484=CARTESIAN_POINT('',(20.0085059332547,9.40072377899237,0.));
#3485=CARTESIAN_POINT('Origin',(19.9385599737683,9.3153553846562,0.));
#3486=CARTESIAN_POINT('',(19.9385599737683,9.3153553846562,0.));
#3487=CARTESIAN_POINT('',(19.9385599737683,9.3153553846562,0.));
#3488=CARTESIAN_POINT('',(19.9385599737683,9.3153553846562,0.));
#3489=CARTESIAN_POINT('Origin',(-0.00272427334101488,-0.00871878448490904,
0.));
#3490=CARTESIAN_POINT('',(18.210636206847,12.3552076369389,0.));
#3491=CARTESIAN_POINT('Origin',(-0.00272427334101488,-0.00871878448490904,
0.));
#3492=CARTESIAN_POINT('',(18.210636206847,12.3552076369389,0.));
#3493=CARTESIAN_POINT('Ctrl Pts',(11.6755826420711,7.36110916018557,0.));
#3494=CARTESIAN_POINT('Ctrl Pts',(11.6755826420711,7.36110916018557,0.8));
#3495=CARTESIAN_POINT('Ctrl Pts',(11.7116884563628,7.38900070358844,0.));
#3496=CARTESIAN_POINT('Ctrl Pts',(11.7116884563628,7.38900070358844,0.8));
#3497=CARTESIAN_POINT('Ctrl Pts',(11.7837891975619,7.44469012534425,0.));
#3498=CARTESIAN_POINT('Ctrl Pts',(11.7837891975619,7.44469012534425,0.8));
#3499=CARTESIAN_POINT('Ctrl Pts',(11.8916076472718,7.52794326287233,0.));
#3500=CARTESIAN_POINT('Ctrl Pts',(11.8916076472718,7.52794326287233,0.8));
#3501=CARTESIAN_POINT('Ctrl Pts',(12.0346998221513,7.63838508961704,0.));
#3502=CARTESIAN_POINT('Ctrl Pts',(12.0346998221513,7.63838508961704,0.8));
#3503=CARTESIAN_POINT('Ctrl Pts',(12.2124514565974,7.77549689981486,0.));
#3504=CARTESIAN_POINT('Ctrl Pts',(12.2124514565974,7.77549689981486,0.8));
#3505=CARTESIAN_POINT('Ctrl Pts',(12.3890818881281,7.91166227089517,0.));
#3506=CARTESIAN_POINT('Ctrl Pts',(12.3890818881281,7.91166227089517,0.8));
#3507=CARTESIAN_POINT('Ctrl Pts',(12.5645791752362,8.04687205328457,0.));
#3508=CARTESIAN_POINT('Ctrl Pts',(12.5645791752362,8.04687205328457,0.8));
#3509=CARTESIAN_POINT('Ctrl Pts',(12.7389263275608,8.18111346553129,0.));
#3510=CARTESIAN_POINT('Ctrl Pts',(12.7389263275608,8.18111346553129,0.8));
#3511=CARTESIAN_POINT('Ctrl Pts',(12.9121007052477,8.31436972956145,0.));
#3512=CARTESIAN_POINT('Ctrl Pts',(12.9121007052477,8.31436972956145,0.8));
#3513=CARTESIAN_POINT('Ctrl Pts',(13.0840731552786,8.44661954317904,0.));
#3514=CARTESIAN_POINT('Ctrl Pts',(13.0840731552786,8.44661954317904,0.8));
#3515=CARTESIAN_POINT('Ctrl Pts',(13.2548081691979,8.5778372040264,0.));
#3516=CARTESIAN_POINT('Ctrl Pts',(13.2548081691979,8.5778372040264,0.8));
#3517=CARTESIAN_POINT('Ctrl Pts',(13.4242650855111,8.70799339958148,0.));
#3518=CARTESIAN_POINT('Ctrl Pts',(13.4242650855111,8.70799339958148,0.8));
#3519=CARTESIAN_POINT('Ctrl Pts',(13.592399021175,8.83705583019962,0.));
#3520=CARTESIAN_POINT('Ctrl Pts',(13.592399021175,8.83705583019962,0.8));
#3521=CARTESIAN_POINT('Ctrl Pts',(13.7591619522423,8.96498993007167,0.));
#3522=CARTESIAN_POINT('Ctrl Pts',(13.7591619522423,8.96498993007167,0.8));
#3523=CARTESIAN_POINT('Ctrl Pts',(13.9245037234397,9.09175955011929,0.));
#3524=CARTESIAN_POINT('Ctrl Pts',(13.9245037234397,9.09175955011929,0.8));
#3525=CARTESIAN_POINT('Ctrl Pts',(14.0883732040825,9.21732773261724,0.));
#3526=CARTESIAN_POINT('Ctrl Pts',(14.0883732040825,9.21732773261724,0.8));
#3527=CARTESIAN_POINT('Ctrl Pts',(14.2507191610099,9.34165732855106,0.));
#3528=CARTESIAN_POINT('Ctrl Pts',(14.2507191610099,9.34165732855106,0.8));
#3529=CARTESIAN_POINT('Ctrl Pts',(14.4114900179776,9.46471098573858,0.));
#3530=CARTESIAN_POINT('Ctrl Pts',(14.4114900179776,9.46471098573858,0.8));
#3531=CARTESIAN_POINT('Ctrl Pts',(14.5706338051954,9.58645124804525,0.));
#3532=CARTESIAN_POINT('Ctrl Pts',(14.5706338051954,9.58645124804525,0.8));
#3533=CARTESIAN_POINT('Ctrl Pts',(14.7280981029014,9.70684067083695,0.));
#3534=CARTESIAN_POINT('Ctrl Pts',(14.7280981029014,9.70684067083695,0.8));
#3535=CARTESIAN_POINT('Ctrl Pts',(14.8838299728612,9.82584190986282,0.));
#3536=CARTESIAN_POINT('Ctrl Pts',(14.8838299728612,9.82584190986282,0.8));
#3537=CARTESIAN_POINT('Ctrl Pts',(15.0377760833891,9.94341799583961,0.));
#3538=CARTESIAN_POINT('Ctrl Pts',(15.0377760833891,9.94341799583961,0.8));
#3539=CARTESIAN_POINT('Ctrl Pts',(15.1898823641752,10.0595321547432,0.));
#3540=CARTESIAN_POINT('Ctrl Pts',(15.1898823641752,10.0595321547432,0.8));
#3541=CARTESIAN_POINT('Ctrl Pts',(15.3400912462273,10.1741453421279,0.));
#3542=CARTESIAN_POINT('Ctrl Pts',(15.3400912462273,10.1741453421279,0.8));
#3543=CARTESIAN_POINT('Ctrl Pts',(15.4883393679643,10.2872142002643,0.));
#3544=CARTESIAN_POINT('Ctrl Pts',(15.4883393679643,10.2872142002643,0.8));
#3545=CARTESIAN_POINT('Ctrl Pts',(15.6345549376257,10.3986887212054,0.));
#3546=CARTESIAN_POINT('Ctrl Pts',(15.6345549376257,10.3986887212054,0.8));
#3547=CARTESIAN_POINT('Ctrl Pts',(15.7786557357486,10.5085104306164,0.));
#3548=CARTESIAN_POINT('Ctrl Pts',(15.7786557357486,10.5085104306164,0.8));
#3549=CARTESIAN_POINT('Ctrl Pts',(15.9205457458336,10.6166094675479,0.));
#3550=CARTESIAN_POINT('Ctrl Pts',(15.9205457458336,10.6166094675479,0.8));
#3551=CARTESIAN_POINT('Ctrl Pts',(16.0601166163946,10.7229055380455,0.));
#3552=CARTESIAN_POINT('Ctrl Pts',(16.0601166163946,10.7229055380455,0.8));
#3553=CARTESIAN_POINT('Ctrl Pts',(16.1972548655145,10.8273134759379,0.));
#3554=CARTESIAN_POINT('Ctrl Pts',(16.1972548655145,10.8273134759379,0.8));
#3555=CARTESIAN_POINT('Ctrl Pts',(16.3318477428074,10.9297477159172,0.));
#3556=CARTESIAN_POINT('Ctrl Pts',(16.3318477428074,10.9297477159172,0.8));
#3557=CARTESIAN_POINT('Ctrl Pts',(16.4637895103646,11.0301271189895,0.));
#3558=CARTESIAN_POINT('Ctrl Pts',(16.4637895103646,11.0301271189895,0.8));
#3559=CARTESIAN_POINT('Ctrl Pts',(16.592988079852,11.1283800336391,0.));
#3560=CARTESIAN_POINT('Ctrl Pts',(16.592988079852,11.1283800336391,0.8));
#3561=CARTESIAN_POINT('Ctrl Pts',(16.7193703406508,11.2244484292005,0.));
#3562=CARTESIAN_POINT('Ctrl Pts',(16.7193703406508,11.2244484292005,0.8));
#3563=CARTESIAN_POINT('Ctrl Pts',(16.8428584381985,11.3182711684081,0.));
#3564=CARTESIAN_POINT('Ctrl Pts',(16.8428584381985,11.3182711684081,0.8));
#3565=CARTESIAN_POINT('Ctrl Pts',(16.9633471885321,11.4097681034752,0.));
#3566=CARTESIAN_POINT('Ctrl Pts',(16.9633471885321,11.4097681034752,0.8));
#3567=CARTESIAN_POINT('Ctrl Pts',(17.080681510414,11.4988241836385,0.));
#3568=CARTESIAN_POINT('Ctrl Pts',(17.080681510414,11.4988241836385,0.8));
#3569=CARTESIAN_POINT('Ctrl Pts',(17.1946328431655,11.5852728517188,0.));
#3570=CARTESIAN_POINT('Ctrl Pts',(17.1946328431655,11.5852728517188,0.8));
#3571=CARTESIAN_POINT('Ctrl Pts',(17.3048784071,11.6688814551026,0.));
#3572=CARTESIAN_POINT('Ctrl Pts',(17.3048784071,11.6688814551026,0.8));
#3573=CARTESIAN_POINT('Ctrl Pts',(17.4110560828993,11.7493893634173,0.));
#3574=CARTESIAN_POINT('Ctrl Pts',(17.4110560828993,11.7493893634173,0.8));
#3575=CARTESIAN_POINT('Ctrl Pts',(17.5128243241143,11.8265497555406,0.));
#3576=CARTESIAN_POINT('Ctrl Pts',(17.5128243241143,11.8265497555406,0.8));
#3577=CARTESIAN_POINT('Ctrl Pts',(17.6099071351461,11.9001606312536,0.));
#3578=CARTESIAN_POINT('Ctrl Pts',(17.6099071351461,11.9001606312536,0.8));
#3579=CARTESIAN_POINT('Ctrl Pts',(17.7021771881533,11.9701233141257,0.));
#3580=CARTESIAN_POINT('Ctrl Pts',(17.7021771881533,11.9701233141257,0.8));
#3581=CARTESIAN_POINT('Ctrl Pts',(17.7896061708119,12.0364052179215,0.));
#3582=CARTESIAN_POINT('Ctrl Pts',(17.7896061708119,12.0364052179215,0.8));
#3583=CARTESIAN_POINT('Ctrl Pts',(17.8720120063386,12.0988558110704,0.));
#3584=CARTESIAN_POINT('Ctrl Pts',(17.8720120063386,12.0988558110704,0.8));
#3585=CARTESIAN_POINT('Ctrl Pts',(17.948883480458,12.1570789070202,0.));
#3586=CARTESIAN_POINT('Ctrl Pts',(17.948883480458,12.1570789070202,0.8));
#3587=CARTESIAN_POINT('Ctrl Pts',(18.0191112747392,12.2102362581594,0.));
#3588=CARTESIAN_POINT('Ctrl Pts',(18.0191112747392,12.2102362581594,0.8));
#3589=CARTESIAN_POINT('Ctrl Pts',(18.0809616252001,12.2570298726181,0.));
#3590=CARTESIAN_POINT('Ctrl Pts',(18.0809616252001,12.2570298726181,0.8));
#3591=CARTESIAN_POINT('Ctrl Pts',(18.1325882960144,12.2960813885104,0.));
#3592=CARTESIAN_POINT('Ctrl Pts',(18.1325882960144,12.2960813885104,0.8));
#3593=CARTESIAN_POINT('Ctrl Pts',(18.1724011311888,12.3262054660029,0.));
#3594=CARTESIAN_POINT('Ctrl Pts',(18.1724011311888,12.3262054660029,0.8));
#3595=CARTESIAN_POINT('Ctrl Pts',(18.1941378456318,12.3426691647596,0.));
#3596=CARTESIAN_POINT('Ctrl Pts',(18.1941378456318,12.3426691647596,0.8));
#3597=CARTESIAN_POINT('Ctrl Pts',(18.2046413565818,12.3506399267832,0.));
#3598=CARTESIAN_POINT('Ctrl Pts',(18.2046413565818,12.3506399267832,0.8));
#3599=CARTESIAN_POINT('Ctrl Pts',(18.2090672954733,12.3540091490607,0.));
#3600=CARTESIAN_POINT('Ctrl Pts',(18.2090672954733,12.3540091490607,0.8));
#3601=CARTESIAN_POINT('Ctrl Pts',(18.210636206847,12.3552076369389,0.));
#3602=CARTESIAN_POINT('Ctrl Pts',(18.210636206847,12.3552076369389,0.8));
#3603=CARTESIAN_POINT('',(11.6755826420711,7.36110916018557,0.));
#3604=CARTESIAN_POINT('Ctrl Pts',(11.6755826420711,7.36110916018557,0.));
#3605=CARTESIAN_POINT('Ctrl Pts',(11.7116884563628,7.38900070358844,0.));
#3606=CARTESIAN_POINT('Ctrl Pts',(11.7837891975619,7.44469012534425,0.));
#3607=CARTESIAN_POINT('Ctrl Pts',(11.8916076472718,7.52794326287233,0.));
#3608=CARTESIAN_POINT('Ctrl Pts',(12.0346998221513,7.63838508961704,0.));
#3609=CARTESIAN_POINT('Ctrl Pts',(12.2124514565974,7.77549689981486,0.));
#3610=CARTESIAN_POINT('Ctrl Pts',(12.3890818881281,7.91166227089517,0.));
#3611=CARTESIAN_POINT('Ctrl Pts',(12.5645791752362,8.04687205328457,0.));
#3612=CARTESIAN_POINT('Ctrl Pts',(12.7389263275608,8.18111346553129,0.));
#3613=CARTESIAN_POINT('Ctrl Pts',(12.9121007052477,8.31436972956145,0.));
#3614=CARTESIAN_POINT('Ctrl Pts',(13.0840731552786,8.44661954317904,0.));
#3615=CARTESIAN_POINT('Ctrl Pts',(13.2548081691979,8.5778372040264,0.));
#3616=CARTESIAN_POINT('Ctrl Pts',(13.4242650855111,8.70799339958148,0.));
#3617=CARTESIAN_POINT('Ctrl Pts',(13.592399021175,8.83705583019962,0.));
#3618=CARTESIAN_POINT('Ctrl Pts',(13.7591619522423,8.96498993007167,0.));
#3619=CARTESIAN_POINT('Ctrl Pts',(13.9245037234397,9.09175955011929,0.));
#3620=CARTESIAN_POINT('Ctrl Pts',(14.0883732040825,9.21732773261724,0.));
#3621=CARTESIAN_POINT('Ctrl Pts',(14.2507191610099,9.34165732855106,0.));
#3622=CARTESIAN_POINT('Ctrl Pts',(14.4114900179776,9.46471098573858,0.));
#3623=CARTESIAN_POINT('Ctrl Pts',(14.5706338051954,9.58645124804525,0.));
#3624=CARTESIAN_POINT('Ctrl Pts',(14.7280981029014,9.70684067083695,0.));
#3625=CARTESIAN_POINT('Ctrl Pts',(14.8838299728612,9.82584190986282,0.));
#3626=CARTESIAN_POINT('Ctrl Pts',(15.0377760833891,9.94341799583961,0.));
#3627=CARTESIAN_POINT('Ctrl Pts',(15.1898823641752,10.0595321547432,0.));
#3628=CARTESIAN_POINT('Ctrl Pts',(15.3400912462273,10.1741453421279,0.));
#3629=CARTESIAN_POINT('Ctrl Pts',(15.4883393679643,10.2872142002643,0.));
#3630=CARTESIAN_POINT('Ctrl Pts',(15.6345549376257,10.3986887212054,0.));
#3631=CARTESIAN_POINT('Ctrl Pts',(15.7786557357486,10.5085104306164,0.));
#3632=CARTESIAN_POINT('Ctrl Pts',(15.9205457458336,10.6166094675479,0.));
#3633=CARTESIAN_POINT('Ctrl Pts',(16.0601166163946,10.7229055380455,0.));
#3634=CARTESIAN_POINT('Ctrl Pts',(16.1972548655145,10.8273134759379,0.));
#3635=CARTESIAN_POINT('Ctrl Pts',(16.3318477428074,10.9297477159172,0.));
#3636=CARTESIAN_POINT('Ctrl Pts',(16.4637895103646,11.0301271189895,0.));
#3637=CARTESIAN_POINT('Ctrl Pts',(16.592988079852,11.1283800336391,0.));
#3638=CARTESIAN_POINT('Ctrl Pts',(16.7193703406508,11.2244484292005,0.));
#3639=CARTESIAN_POINT('Ctrl Pts',(16.8428584381985,11.3182711684081,0.));
#3640=CARTESIAN_POINT('Ctrl Pts',(16.9633471885321,11.4097681034752,0.));
#3641=CARTESIAN_POINT('Ctrl Pts',(17.080681510414,11.4988241836385,0.));
#3642=CARTESIAN_POINT('Ctrl Pts',(17.1946328431655,11.5852728517188,0.));
#3643=CARTESIAN_POINT('Ctrl Pts',(17.3048784071,11.6688814551026,0.));
#3644=CARTESIAN_POINT('Ctrl Pts',(17.4110560828993,11.7493893634173,0.));
#3645=CARTESIAN_POINT('Ctrl Pts',(17.5128243241143,11.8265497555406,0.));
#3646=CARTESIAN_POINT('Ctrl Pts',(17.6099071351461,11.9001606312536,0.));
#3647=CARTESIAN_POINT('Ctrl Pts',(17.7021771881533,11.9701233141257,0.));
#3648=CARTESIAN_POINT('Ctrl Pts',(17.7896061708119,12.0364052179215,0.));
#3649=CARTESIAN_POINT('Ctrl Pts',(17.8720120063386,12.0988558110704,0.));
#3650=CARTESIAN_POINT('Ctrl Pts',(17.948883480458,12.1570789070202,0.));
#3651=CARTESIAN_POINT('Ctrl Pts',(18.0191112747392,12.2102362581594,0.));
#3652=CARTESIAN_POINT('Ctrl Pts',(18.0809616252001,12.2570298726181,0.));
#3653=CARTESIAN_POINT('Ctrl Pts',(18.1325882960144,12.2960813885104,0.));
#3654=CARTESIAN_POINT('Ctrl Pts',(18.1724011311888,12.3262054660029,0.));
#3655=CARTESIAN_POINT('Ctrl Pts',(18.1941378456318,12.3426691647596,0.));
#3656=CARTESIAN_POINT('Ctrl Pts',(18.2046413565818,12.3506399267832,0.));
#3657=CARTESIAN_POINT('Ctrl Pts',(18.2090672954733,12.3540091490607,0.));
#3658=CARTESIAN_POINT('Ctrl Pts',(18.210636206847,12.3552076369389,0.));
#3659=CARTESIAN_POINT('',(11.6755826420711,7.36110916018557,0.));
#3660=CARTESIAN_POINT('Origin',(0.0270566334603073,0.00822822245712063,
0.));
#3661=CARTESIAN_POINT('',(12.2291812719931,6.40050250970449,0.));
#3662=CARTESIAN_POINT('Origin',(0.0270566334603073,0.00822822245712063,
0.));
#3663=CARTESIAN_POINT('',(12.2291812719931,6.40050250970449,0.));
#3664=CARTESIAN_POINT('Ctrl Pts',(15.1768410596496,3.40384110970735,0.));
#3665=CARTESIAN_POINT('Ctrl Pts',(15.1768410596496,3.40384110970735,0.8));
#3666=CARTESIAN_POINT('Ctrl Pts',(15.1620714817301,3.41084552398787,0.));
#3667=CARTESIAN_POINT('Ctrl Pts',(15.1620714817301,3.41084552398787,0.8));
#3668=CARTESIAN_POINT('Ctrl Pts',(15.1325932275284,3.42494484171427,0.));
#3669=CARTESIAN_POINT('Ctrl Pts',(15.1325932275284,3.42494484171427,0.8));
#3670=CARTESIAN_POINT('Ctrl Pts',(15.0885585511862,3.44636528575512,0.));
#3671=CARTESIAN_POINT('Ctrl Pts',(15.0885585511862,3.44636528575512,0.8));
#3672=CARTESIAN_POINT('Ctrl Pts',(15.0302112969032,3.47546916672485,0.));
#3673=CARTESIAN_POINT('Ctrl Pts',(15.0302112969032,3.47546916672485,0.8));
#3674=CARTESIAN_POINT('Ctrl Pts',(14.9578878497653,3.51275719546676,0.));
#3675=CARTESIAN_POINT('Ctrl Pts',(14.9578878497653,3.51275719546676,0.8));
#3676=CARTESIAN_POINT('Ctrl Pts',(14.8861762472015,3.55095794313645,0.));
#3677=CARTESIAN_POINT('Ctrl Pts',(14.8861762472015,3.55095794313645,0.8));
#3678=CARTESIAN_POINT('Ctrl Pts',(14.8150771444955,3.59007780158252,0.));
#3679=CARTESIAN_POINT('Ctrl Pts',(14.8150771444955,3.59007780158252,0.8));
#3680=CARTESIAN_POINT('Ctrl Pts',(14.7445899706177,3.63012503659529,0.));
#3681=CARTESIAN_POINT('Ctrl Pts',(14.7445899706177,3.63012503659529,0.8));
#3682=CARTESIAN_POINT('Ctrl Pts',(14.674712423215,3.67110970549327,0.));
#3683=CARTESIAN_POINT('Ctrl Pts',(14.674712423215,3.67110970549327,0.8));
#3684=CARTESIAN_POINT('Ctrl Pts',(14.6054412504892,3.71304288167996,0.));
#3685=CARTESIAN_POINT('Ctrl Pts',(14.6054412504892,3.71304288167996,0.8));
#3686=CARTESIAN_POINT('Ctrl Pts',(14.5367729142042,3.75593590091849,0.));
#3687=CARTESIAN_POINT('Ctrl Pts',(14.5367729142042,3.75593590091849,0.8));
#3688=CARTESIAN_POINT('Ctrl Pts',(14.4687042459379,3.7997996247952,0.));
#3689=CARTESIAN_POINT('Ctrl Pts',(14.4687042459379,3.7997996247952,0.8));
#3690=CARTESIAN_POINT('Ctrl Pts',(14.4012331699824,3.84464355037949,0.));
#3691=CARTESIAN_POINT('Ctrl Pts',(14.4012331699824,3.84464355037949,0.8));
#3692=CARTESIAN_POINT('Ctrl Pts',(14.3343591313184,3.89047532469052,0.));
#3693=CARTESIAN_POINT('Ctrl Pts',(14.3343591313184,3.89047532469052,0.8));
#3694=CARTESIAN_POINT('Ctrl Pts',(14.2680825921207,3.93730157082815,0.));
#3695=CARTESIAN_POINT('Ctrl Pts',(14.2680825921207,3.93730157082815,0.8));
#3696=CARTESIAN_POINT('Ctrl Pts',(14.2024046665535,3.98512849432063,0.));
#3697=CARTESIAN_POINT('Ctrl Pts',(14.2024046665535,3.98512849432063,0.8));
#3698=CARTESIAN_POINT('Ctrl Pts',(14.1373267072792,4.0339624839892,0.));
#3699=CARTESIAN_POINT('Ctrl Pts',(14.1373267072792,4.0339624839892,0.8));
#3700=CARTESIAN_POINT('Ctrl Pts',(14.072849846606,4.08381083681163,0.));
#3701=CARTESIAN_POINT('Ctrl Pts',(14.072849846606,4.08381083681163,0.8));
#3702=CARTESIAN_POINT('Ctrl Pts',(14.0089747127633,4.13468188728678,0.));
#3703=CARTESIAN_POINT('Ctrl Pts',(14.0089747127633,4.13468188728678,0.8));
#3704=CARTESIAN_POINT('Ctrl Pts',(13.9457014831368,4.18658413521896,0.));
#3705=CARTESIAN_POINT('Ctrl Pts',(13.9457014831368,4.18658413521896,0.8));
#3706=CARTESIAN_POINT('Ctrl Pts',(13.8830298367372,4.2395255359718,0.));
#3707=CARTESIAN_POINT('Ctrl Pts',(13.8830298367372,4.2395255359718,0.8));
#3708=CARTESIAN_POINT('Ctrl Pts',(13.8209589445988,4.29351278645847,0.));
#3709=CARTESIAN_POINT('Ctrl Pts',(13.8209589445988,4.29351278645847,0.8));
#3710=CARTESIAN_POINT('Ctrl Pts',(13.7594873875215,4.34855035920685,0.));
#3711=CARTESIAN_POINT('Ctrl Pts',(13.7594873875215,4.34855035920685,0.8));
#3712=CARTESIAN_POINT('Ctrl Pts',(13.6986132324221,4.40464046281024,0.));
#3713=CARTESIAN_POINT('Ctrl Pts',(13.6986132324221,4.40464046281024,0.8));
#3714=CARTESIAN_POINT('Ctrl Pts',(13.6383342676731,4.46178399834146,0.));
#3715=CARTESIAN_POINT('Ctrl Pts',(13.6383342676731,4.46178399834146,0.8));
#3716=CARTESIAN_POINT('Ctrl Pts',(13.5786481846303,4.51998124996898,0.));
#3717=CARTESIAN_POINT('Ctrl Pts',(13.5786481846303,4.51998124996898,0.8));
#3718=CARTESIAN_POINT('Ctrl Pts',(13.5195527551749,4.57923258538604,0.));
#3719=CARTESIAN_POINT('Ctrl Pts',(13.5195527551749,4.57923258538604,0.8));
#3720=CARTESIAN_POINT('Ctrl Pts',(13.461046015629,4.63953928624704,0.));
#3721=CARTESIAN_POINT('Ctrl Pts',(13.461046015629,4.63953928624704,0.8));
#3722=CARTESIAN_POINT('Ctrl Pts',(13.4031263382252,4.70090358993223,0.));
#3723=CARTESIAN_POINT('Ctrl Pts',(13.4031263382252,4.70090358993223,0.8));
#3724=CARTESIAN_POINT('Ctrl Pts',(13.3457924047464,4.76332809948252,0.));
#3725=CARTESIAN_POINT('Ctrl Pts',(13.3457924047464,4.76332809948252,0.8));
#3726=CARTESIAN_POINT('Ctrl Pts',(13.2890432001424,4.82681533417547,0.));
#3727=CARTESIAN_POINT('Ctrl Pts',(13.2890432001424,4.82681533417547,0.8));
#3728=CARTESIAN_POINT('Ctrl Pts',(13.232877969253,4.89136722954781,0.));
#3729=CARTESIAN_POINT('Ctrl Pts',(13.232877969253,4.89136722954781,0.8));
#3730=CARTESIAN_POINT('Ctrl Pts',(13.1772962054243,4.95698453523778,0.));
#3731=CARTESIAN_POINT('Ctrl Pts',(13.1772962054243,4.95698453523778,0.8));
#3732=CARTESIAN_POINT('Ctrl Pts',(13.1222974688485,5.02366664031747,0.));
#3733=CARTESIAN_POINT('Ctrl Pts',(13.1222974688485,5.02366664031747,0.8));
#3734=CARTESIAN_POINT('Ctrl Pts',(13.0678810997932,5.09141170753624,0.));
#3735=CARTESIAN_POINT('Ctrl Pts',(13.0678810997932,5.09141170753624,0.8));
#3736=CARTESIAN_POINT('Ctrl Pts',(13.0140459258229,5.16021667301621,0.));
#3737=CARTESIAN_POINT('Ctrl Pts',(13.0140459258229,5.16021667301621,0.8));
#3738=CARTESIAN_POINT('Ctrl Pts',(12.9607900013283,5.23007729335807,0.));
#3739=CARTESIAN_POINT('Ctrl Pts',(12.9607900013283,5.23007729335807,0.8));
#3740=CARTESIAN_POINT('Ctrl Pts',(12.9081101974331,5.3009880763164,0.));
#3741=CARTESIAN_POINT('Ctrl Pts',(12.9081101974331,5.3009880763164,0.8));
#3742=CARTESIAN_POINT('Ctrl Pts',(12.856002335584,5.37294249384003,0.));
#3743=CARTESIAN_POINT('Ctrl Pts',(12.856002335584,5.37294249384003,0.8));
#3744=CARTESIAN_POINT('Ctrl Pts',(12.8044617380722,5.44593339832051,0.));
#3745=CARTESIAN_POINT('Ctrl Pts',(12.8044617380722,5.44593339832051,0.8));
#3746=CARTESIAN_POINT('Ctrl Pts',(12.753483658958,5.51995336033693,0.));
#3747=CARTESIAN_POINT('Ctrl Pts',(12.753483658958,5.51995336033693,0.8));
#3748=CARTESIAN_POINT('Ctrl Pts',(12.7030637106946,5.59499499027626,0.));
#3749=CARTESIAN_POINT('Ctrl Pts',(12.7030637106946,5.59499499027626,0.8));
#3750=CARTESIAN_POINT('Ctrl Pts',(12.6531983669465,5.67105128107038,0.));
#3751=CARTESIAN_POINT('Ctrl Pts',(12.6531983669465,5.67105128107038,0.8));
#3752=CARTESIAN_POINT('Ctrl Pts',(12.6038850835493,5.74811575024021,0.));
#3753=CARTESIAN_POINT('Ctrl Pts',(12.6038850835493,5.74811575024021,0.8));
#3754=CARTESIAN_POINT('Ctrl Pts',(12.5551219501602,5.82618234135637,0.));
#3755=CARTESIAN_POINT('Ctrl Pts',(12.5551219501602,5.82618234135637,0.8));
#3756=CARTESIAN_POINT('Ctrl Pts',(12.5069074405617,5.90524535439165,0.));
#3757=CARTESIAN_POINT('Ctrl Pts',(12.5069074405617,5.90524535439165,0.8));
#3758=CARTESIAN_POINT('Ctrl Pts',(12.4592401304079,5.98529935617047,0.));
#3759=CARTESIAN_POINT('Ctrl Pts',(12.4592401304079,5.98529935617047,0.8));
#3760=CARTESIAN_POINT('Ctrl Pts',(12.4121183617461,6.06633902620019,0.));
#3761=CARTESIAN_POINT('Ctrl Pts',(12.4121183617461,6.06633902620019,0.8));
#3762=CARTESIAN_POINT('Ctrl Pts',(12.3655400798486,6.14835914694781,0.));
#3763=CARTESIAN_POINT('Ctrl Pts',(12.3655400798486,6.14835914694781,0.8));
#3764=CARTESIAN_POINT('Ctrl Pts',(12.3195032053358,6.23135505115796,0.));
#3765=CARTESIAN_POINT('Ctrl Pts',(12.3195032053358,6.23135505115796,0.8));
#3766=CARTESIAN_POINT('Ctrl Pts',(12.283105357129,6.2985293811113,0.));
#3767=CARTESIAN_POINT('Ctrl Pts',(12.283105357129,6.2985293811113,0.8));
#3768=CARTESIAN_POINT('Ctrl Pts',(12.2560491825821,6.34934639628986,0.));
#3769=CARTESIAN_POINT('Ctrl Pts',(12.2560491825821,6.34934639628986,0.8));
#3770=CARTESIAN_POINT('Ctrl Pts',(12.2381193122843,6.38341817682495,0.));
#3771=CARTESIAN_POINT('Ctrl Pts',(12.2381193122843,6.38341817682495,0.8));
#3772=CARTESIAN_POINT('Ctrl Pts',(12.2291812719931,6.40050250970449,0.));
#3773=CARTESIAN_POINT('Ctrl Pts',(12.2291812719931,6.40050250970449,0.8));
#3774=CARTESIAN_POINT('',(15.1768410596496,3.40384110970735,0.));
#3775=CARTESIAN_POINT('Ctrl Pts',(15.1768410596496,3.40384110970735,0.));
#3776=CARTESIAN_POINT('Ctrl Pts',(15.1620714817301,3.41084552398787,0.));
#3777=CARTESIAN_POINT('Ctrl Pts',(15.1325932275284,3.42494484171427,0.));
#3778=CARTESIAN_POINT('Ctrl Pts',(15.0885585511862,3.44636528575512,0.));
#3779=CARTESIAN_POINT('Ctrl Pts',(15.0302112969032,3.47546916672485,0.));
#3780=CARTESIAN_POINT('Ctrl Pts',(14.9578878497653,3.51275719546676,0.));
#3781=CARTESIAN_POINT('Ctrl Pts',(14.8861762472015,3.55095794313645,0.));
#3782=CARTESIAN_POINT('Ctrl Pts',(14.8150771444955,3.59007780158252,0.));
#3783=CARTESIAN_POINT('Ctrl Pts',(14.7445899706177,3.63012503659529,0.));
#3784=CARTESIAN_POINT('Ctrl Pts',(14.674712423215,3.67110970549327,0.));
#3785=CARTESIAN_POINT('Ctrl Pts',(14.6054412504892,3.71304288167996,0.));
#3786=CARTESIAN_POINT('Ctrl Pts',(14.5367729142042,3.75593590091849,0.));
#3787=CARTESIAN_POINT('Ctrl Pts',(14.4687042459379,3.7997996247952,0.));
#3788=CARTESIAN_POINT('Ctrl Pts',(14.4012331699824,3.84464355037949,0.));
#3789=CARTESIAN_POINT('Ctrl Pts',(14.3343591313184,3.89047532469052,0.));
#3790=CARTESIAN_POINT('Ctrl Pts',(14.2680825921207,3.93730157082815,0.));
#3791=CARTESIAN_POINT('Ctrl Pts',(14.2024046665535,3.98512849432063,0.));
#3792=CARTESIAN_POINT('Ctrl Pts',(14.1373267072792,4.0339624839892,0.));
#3793=CARTESIAN_POINT('Ctrl Pts',(14.072849846606,4.08381083681163,0.));
#3794=CARTESIAN_POINT('Ctrl Pts',(14.0089747127633,4.13468188728678,0.));
#3795=CARTESIAN_POINT('Ctrl Pts',(13.9457014831368,4.18658413521896,0.));
#3796=CARTESIAN_POINT('Ctrl Pts',(13.8830298367372,4.2395255359718,0.));
#3797=CARTESIAN_POINT('Ctrl Pts',(13.8209589445988,4.29351278645847,0.));
#3798=CARTESIAN_POINT('Ctrl Pts',(13.7594873875215,4.34855035920685,0.));
#3799=CARTESIAN_POINT('Ctrl Pts',(13.6986132324221,4.40464046281024,0.));
#3800=CARTESIAN_POINT('Ctrl Pts',(13.6383342676731,4.46178399834146,0.));
#3801=CARTESIAN_POINT('Ctrl Pts',(13.5786481846303,4.51998124996898,0.));
#3802=CARTESIAN_POINT('Ctrl Pts',(13.5195527551749,4.57923258538604,0.));
#3803=CARTESIAN_POINT('Ctrl Pts',(13.461046015629,4.63953928624704,0.));
#3804=CARTESIAN_POINT('Ctrl Pts',(13.4031263382252,4.70090358993223,0.));
#3805=CARTESIAN_POINT('Ctrl Pts',(13.3457924047464,4.76332809948252,0.));
#3806=CARTESIAN_POINT('Ctrl Pts',(13.2890432001424,4.82681533417547,0.));
#3807=CARTESIAN_POINT('Ctrl Pts',(13.232877969253,4.89136722954781,0.));
#3808=CARTESIAN_POINT('Ctrl Pts',(13.1772962054243,4.95698453523778,0.));
#3809=CARTESIAN_POINT('Ctrl Pts',(13.1222974688485,5.02366664031747,0.));
#3810=CARTESIAN_POINT('Ctrl Pts',(13.0678810997932,5.09141170753624,0.));
#3811=CARTESIAN_POINT('Ctrl Pts',(13.0140459258229,5.16021667301621,0.));
#3812=CARTESIAN_POINT('Ctrl Pts',(12.9607900013283,5.23007729335807,0.));
#3813=CARTESIAN_POINT('Ctrl Pts',(12.9081101974331,5.3009880763164,0.));
#3814=CARTESIAN_POINT('Ctrl Pts',(12.856002335584,5.37294249384003,0.));
#3815=CARTESIAN_POINT('Ctrl Pts',(12.8044617380722,5.44593339832051,0.));
#3816=CARTESIAN_POINT('Ctrl Pts',(12.753483658958,5.51995336033693,0.));
#3817=CARTESIAN_POINT('Ctrl Pts',(12.7030637106946,5.59499499027626,0.));
#3818=CARTESIAN_POINT('Ctrl Pts',(12.6531983669465,5.67105128107038,0.));
#3819=CARTESIAN_POINT('Ctrl Pts',(12.6038850835493,5.74811575024021,0.));
#3820=CARTESIAN_POINT('Ctrl Pts',(12.5551219501602,5.82618234135637,0.));
#3821=CARTESIAN_POINT('Ctrl Pts',(12.5069074405617,5.90524535439165,0.));
#3822=CARTESIAN_POINT('Ctrl Pts',(12.4592401304079,5.98529935617047,0.));
#3823=CARTESIAN_POINT('Ctrl Pts',(12.4121183617461,6.06633902620019,0.));
#3824=CARTESIAN_POINT('Ctrl Pts',(12.3655400798486,6.14835914694781,0.));
#3825=CARTESIAN_POINT('Ctrl Pts',(12.3195032053358,6.23135505115796,0.));
#3826=CARTESIAN_POINT('Ctrl Pts',(12.283105357129,6.2985293811113,0.));
#3827=CARTESIAN_POINT('Ctrl Pts',(12.2560491825821,6.34934639628986,0.));
#3828=CARTESIAN_POINT('Ctrl Pts',(12.2381193122843,6.38341817682495,0.));
#3829=CARTESIAN_POINT('Ctrl Pts',(12.2291812719931,6.40050250970449,0.));
#3830=CARTESIAN_POINT('',(15.1768410596496,3.40384110970735,0.));
#3831=CARTESIAN_POINT('Ctrl Pts',(19.9385599737683,9.3153553846562,0.));
#3832=CARTESIAN_POINT('Ctrl Pts',(19.9385599737683,9.3153553846562,0.8));
#3833=CARTESIAN_POINT('Ctrl Pts',(19.9193478195925,9.29189123437661,0.));
#3834=CARTESIAN_POINT('Ctrl Pts',(19.9193478195925,9.29189123437661,0.8));
#3835=CARTESIAN_POINT('Ctrl Pts',(19.8809256577629,9.24495936635254,0.));
#3836=CARTESIAN_POINT('Ctrl Pts',(19.8809256577629,9.24495936635254,0.8));
#3837=CARTESIAN_POINT('Ctrl Pts',(19.8232988545827,9.17455086192228,0.));
#3838=CARTESIAN_POINT('Ctrl Pts',(19.8232988545827,9.17455086192228,0.8));
#3839=CARTESIAN_POINT('Ctrl Pts',(19.7464760045378,9.08065143728068,0.));
#3840=CARTESIAN_POINT('Ctrl Pts',(19.7464760045378,9.08065143728068,0.8));
#3841=CARTESIAN_POINT('Ctrl Pts',(19.65046926178,8.96324137551857,0.));
#3842=CARTESIAN_POINT('Ctrl Pts',(19.65046926178,8.96324137551857,0.8));
#3843=CARTESIAN_POINT('Ctrl Pts',(19.5544852770945,8.84579542366672,0.));
#3844=CARTESIAN_POINT('Ctrl Pts',(19.5544852770945,8.84579542366672,0.8));
#3845=CARTESIAN_POINT('Ctrl Pts',(19.4585258646556,8.72831346933534,0.));
#3846=CARTESIAN_POINT('Ctrl Pts',(19.4585258646556,8.72831346933534,0.8));
#3847=CARTESIAN_POINT('Ctrl Pts',(19.362593995407,8.61079542041636,0.));
#3848=CARTESIAN_POINT('Ctrl Pts',(19.362593995407,8.61079542041636,0.8));
#3849=CARTESIAN_POINT('Ctrl Pts',(19.2666940759587,8.4932412292983,0.));
#3850=CARTESIAN_POINT('Ctrl Pts',(19.2666940759587,8.4932412292983,0.8));
#3851=CARTESIAN_POINT('Ctrl Pts',(19.1708309745039,8.37565088655905,0.));
#3852=CARTESIAN_POINT('Ctrl Pts',(19.1708309745039,8.37565088655905,0.8));
#3853=CARTESIAN_POINT('Ctrl Pts',(19.0750090497957,8.25802441555404,0.));
#3854=CARTESIAN_POINT('Ctrl Pts',(19.0750090497957,8.25802441555404,0.8));
#3855=CARTESIAN_POINT('Ctrl Pts',(18.9792311789526,8.14036186774046,0.));
#3856=CARTESIAN_POINT('Ctrl Pts',(18.9792311789526,8.14036186774046,0.8));
#3857=CARTESIAN_POINT('Ctrl Pts',(18.8834977776341,8.02266331883461,0.));
#3858=CARTESIAN_POINT('Ctrl Pts',(18.8834977776341,8.02266331883461,0.8));
#3859=CARTESIAN_POINT('Ctrl Pts',(18.7878058263712,7.90492886562029,0.));
#3860=CARTESIAN_POINT('Ctrl Pts',(18.7878058263712,7.90492886562029,0.8));
#3861=CARTESIAN_POINT('Ctrl Pts',(18.692150323303,7.7871586013207,0.));
#3862=CARTESIAN_POINT('Ctrl Pts',(18.692150323303,7.7871586013207,0.8));
#3863=CARTESIAN_POINT('Ctrl Pts',(18.5965257216279,7.6693525917666,0.));
#3864=CARTESIAN_POINT('Ctrl Pts',(18.5965257216279,7.6693525917666,0.8));
#3865=CARTESIAN_POINT('Ctrl Pts',(18.5009273667081,7.5515108522385,0.));
#3866=CARTESIAN_POINT('Ctrl Pts',(18.5009273667081,7.5515108522385,0.8));
#3867=CARTESIAN_POINT('Ctrl Pts',(18.4053529394217,7.43363332482275,0.));
#3868=CARTESIAN_POINT('Ctrl Pts',(18.4053529394217,7.43363332482275,0.8));
#3869=CARTESIAN_POINT('Ctrl Pts',(18.3098038854765,7.31571985665455,0.));
#3870=CARTESIAN_POINT('Ctrl Pts',(18.3098038854765,7.31571985665455,0.8));
#3871=CARTESIAN_POINT('Ctrl Pts',(18.2142840258333,7.19777022688305,0.));
#3872=CARTESIAN_POINT('Ctrl Pts',(18.2142840258333,7.19777022688305,0.8));
#3873=CARTESIAN_POINT('Ctrl Pts',(18.1187981885857,7.07978417393105,0.));
#3874=CARTESIAN_POINT('Ctrl Pts',(18.1187981885857,7.07978417393105,0.8));
#3875=CARTESIAN_POINT('Ctrl Pts',(18.0233508382626,6.96176142345913,0.));
#3876=CARTESIAN_POINT('Ctrl Pts',(18.0233508382626,6.96176142345913,0.8));
#3877=CARTESIAN_POINT('Ctrl Pts',(17.9279446996765,6.84370171711856,0.));
#3878=CARTESIAN_POINT('Ctrl Pts',(17.9279446996765,6.84370171711856,0.8));
#3879=CARTESIAN_POINT('Ctrl Pts',(17.832579395241,6.72560484172766,0.));
#3880=CARTESIAN_POINT('Ctrl Pts',(17.832579395241,6.72560484172766,0.8));
#3881=CARTESIAN_POINT('Ctrl Pts',(17.7372525882582,6.60747061191757,0.));
#3882=CARTESIAN_POINT('Ctrl Pts',(17.7372525882582,6.60747061191757,0.8));
#3883=CARTESIAN_POINT('Ctrl Pts',(17.6419611040385,6.4892988538676,0.));
#3884=CARTESIAN_POINT('Ctrl Pts',(17.6419611040385,6.4892988538676,0.8));
#3885=CARTESIAN_POINT('Ctrl Pts',(17.5467020529043,6.37108938981859,0.));
#3886=CARTESIAN_POINT('Ctrl Pts',(17.5467020529043,6.37108938981859,0.8));
#3887=CARTESIAN_POINT('Ctrl Pts',(17.4514739563892,6.25284202305654,0.));
#3888=CARTESIAN_POINT('Ctrl Pts',(17.4514739563892,6.25284202305654,0.8));
#3889=CARTESIAN_POINT('Ctrl Pts',(17.3562778598171,6.13455652447126,0.));
#3890=CARTESIAN_POINT('Ctrl Pts',(17.3562778598171,6.13455652447126,0.8));
#3891=CARTESIAN_POINT('Ctrl Pts',(17.2611162812852,6.01623272889656,0.));
#3892=CARTESIAN_POINT('Ctrl Pts',(17.2611162812852,6.01623272889656,0.8));
#3893=CARTESIAN_POINT('Ctrl Pts',(17.1659921785728,5.89787063169545,0.));
#3894=CARTESIAN_POINT('Ctrl Pts',(17.1659921785728,5.89787063169545,0.8));
#3895=CARTESIAN_POINT('Ctrl Pts',(17.070907912517,5.77947048628114,0.));
#3896=CARTESIAN_POINT('Ctrl Pts',(17.070907912517,5.77947048628114,0.8));
#3897=CARTESIAN_POINT('Ctrl Pts',(16.9758642050945,5.66103290384956,0.));
#3898=CARTESIAN_POINT('Ctrl Pts',(16.9758642050945,5.66103290384956,0.8));
#3899=CARTESIAN_POINT('Ctrl Pts',(16.8808591086525,5.54255895173078,0.));
#3900=CARTESIAN_POINT('Ctrl Pts',(16.8808591086525,5.54255895173078,0.8));
#3901=CARTESIAN_POINT('Ctrl Pts',(16.7858891756622,5.42404986376029,0.));
#3902=CARTESIAN_POINT('Ctrl Pts',(16.7858891756622,5.42404986376029,0.8));
#3903=CARTESIAN_POINT('Ctrl Pts',(16.6909506096538,5.30550675423326,0.));
#3904=CARTESIAN_POINT('Ctrl Pts',(16.6909506096538,5.30550675423326,0.8));
#3905=CARTESIAN_POINT('Ctrl Pts',(16.5960404184622,5.18693033195069,0.));
#3906=CARTESIAN_POINT('Ctrl Pts',(16.5960404184622,5.18693033195069,0.8));
#3907=CARTESIAN_POINT('Ctrl Pts',(16.5011575713127,5.06832061301738,0.));
#3908=CARTESIAN_POINT('Ctrl Pts',(16.5011575713127,5.06832061301738,0.8));
#3909=CARTESIAN_POINT('Ctrl Pts',(16.4063041455619,4.94967663703564,0.));
#3910=CARTESIAN_POINT('Ctrl Pts',(16.4063041455619,4.94967663703564,0.8));
#3911=CARTESIAN_POINT('Ctrl Pts',(16.3114841664438,4.83099685318554,0.));
#3912=CARTESIAN_POINT('Ctrl Pts',(16.3114841664438,4.83099685318554,0.8));
#3913=CARTESIAN_POINT('Ctrl Pts',(16.2167024641032,4.71227950180787,0.));
#3914=CARTESIAN_POINT('Ctrl Pts',(16.2167024641032,4.71227950180787,0.8));
#3915=CARTESIAN_POINT('Ctrl Pts',(16.1219635274395,4.5935229974006,0.));
#3916=CARTESIAN_POINT('Ctrl Pts',(16.1219635274395,4.5935229974006,0.8));
#3917=CARTESIAN_POINT('Ctrl Pts',(16.0272703555992,4.47472631314902,0.));
#3918=CARTESIAN_POINT('Ctrl Pts',(16.0272703555992,4.47472631314902,0.8));
#3919=CARTESIAN_POINT('Ctrl Pts',(15.9326233134488,4.35588936461804,0.));
#3920=CARTESIAN_POINT('Ctrl Pts',(15.9326233134488,4.35588936461804,0.8));
#3921=CARTESIAN_POINT('Ctrl Pts',(15.8380208593416,4.23701275157916,0.));
#3922=CARTESIAN_POINT('Ctrl Pts',(15.8380208593416,4.23701275157916,0.8));
#3923=CARTESIAN_POINT('Ctrl Pts',(15.7434602595147,4.11809750496316,0.));
#3924=CARTESIAN_POINT('Ctrl Pts',(15.7434602595147,4.11809750496316,0.8));
#3925=CARTESIAN_POINT('Ctrl Pts',(15.6489383022195,3.99914483443728,0.));
#3926=CARTESIAN_POINT('Ctrl Pts',(15.6489383022195,3.99914483443728,0.8));
#3927=CARTESIAN_POINT('Ctrl Pts',(15.5544520095271,3.88015587729672,0.));
#3928=CARTESIAN_POINT('Ctrl Pts',(15.5544520095271,3.88015587729672,0.8));
#3929=CARTESIAN_POINT('Ctrl Pts',(15.4599993471332,3.76113144853087,0.));
#3930=CARTESIAN_POINT('Ctrl Pts',(15.4599993471332,3.76113144853087,0.8));
#3931=CARTESIAN_POINT('Ctrl Pts',(15.3655790453875,3.64207209180073,0.));
#3932=CARTESIAN_POINT('Ctrl Pts',(15.3655790453875,3.64207209180073,0.8));
#3933=CARTESIAN_POINT('Ctrl Pts',(15.2900681479395,3.5467969221792,0.));
#3934=CARTESIAN_POINT('Ctrl Pts',(15.2900681479395,3.5467969221792,0.8));
#3935=CARTESIAN_POINT('Ctrl Pts',(15.2334491102663,3.47532504124291,0.));
#3936=CARTESIAN_POINT('Ctrl Pts',(15.2334491102663,3.47532504124291,0.8));
#3937=CARTESIAN_POINT('Ctrl Pts',(15.1957093634689,3.42767023456202,0.));
#3938=CARTESIAN_POINT('Ctrl Pts',(15.1957093634689,3.42767023456202,0.8));
#3939=CARTESIAN_POINT('Ctrl Pts',(15.1768410596496,3.40384110970735,0.));
#3940=CARTESIAN_POINT('Ctrl Pts',(15.1768410596496,3.40384110970735,0.8));
#3941=CARTESIAN_POINT('Ctrl Pts',(19.9385599737683,9.3153553846562,0.));
#3942=CARTESIAN_POINT('Ctrl Pts',(19.9193478195925,9.29189123437661,0.));
#3943=CARTESIAN_POINT('Ctrl Pts',(19.8809256577629,9.24495936635254,0.));
#3944=CARTESIAN_POINT('Ctrl Pts',(19.8232988545827,9.17455086192228,0.));
#3945=CARTESIAN_POINT('Ctrl Pts',(19.7464760045378,9.08065143728068,0.));
#3946=CARTESIAN_POINT('Ctrl Pts',(19.65046926178,8.96324137551857,0.));
#3947=CARTESIAN_POINT('Ctrl Pts',(19.5544852770945,8.84579542366672,0.));
#3948=CARTESIAN_POINT('Ctrl Pts',(19.4585258646556,8.72831346933534,0.));
#3949=CARTESIAN_POINT('Ctrl Pts',(19.362593995407,8.61079542041636,0.));
#3950=CARTESIAN_POINT('Ctrl Pts',(19.2666940759587,8.4932412292983,0.));
#3951=CARTESIAN_POINT('Ctrl Pts',(19.1708309745039,8.37565088655905,0.));
#3952=CARTESIAN_POINT('Ctrl Pts',(19.0750090497957,8.25802441555404,0.));
#3953=CARTESIAN_POINT('Ctrl Pts',(18.9792311789526,8.14036186774046,0.));
#3954=CARTESIAN_POINT('Ctrl Pts',(18.8834977776341,8.02266331883461,0.));
#3955=CARTESIAN_POINT('Ctrl Pts',(18.7878058263712,7.90492886562029,0.));
#3956=CARTESIAN_POINT('Ctrl Pts',(18.692150323303,7.7871586013207,0.));
#3957=CARTESIAN_POINT('Ctrl Pts',(18.5965257216279,7.6693525917666,0.));
#3958=CARTESIAN_POINT('Ctrl Pts',(18.5009273667081,7.5515108522385,0.));
#3959=CARTESIAN_POINT('Ctrl Pts',(18.4053529394217,7.43363332482275,0.));
#3960=CARTESIAN_POINT('Ctrl Pts',(18.3098038854765,7.31571985665455,0.));
#3961=CARTESIAN_POINT('Ctrl Pts',(18.2142840258333,7.19777022688305,0.));
#3962=CARTESIAN_POINT('Ctrl Pts',(18.1187981885857,7.07978417393105,0.));
#3963=CARTESIAN_POINT('Ctrl Pts',(18.0233508382626,6.96176142345913,0.));
#3964=CARTESIAN_POINT('Ctrl Pts',(17.9279446996765,6.84370171711856,0.));
#3965=CARTESIAN_POINT('Ctrl Pts',(17.832579395241,6.72560484172766,0.));
#3966=CARTESIAN_POINT('Ctrl Pts',(17.7372525882582,6.60747061191757,0.));
#3967=CARTESIAN_POINT('Ctrl Pts',(17.6419611040385,6.4892988538676,0.));
#3968=CARTESIAN_POINT('Ctrl Pts',(17.5467020529043,6.37108938981859,0.));
#3969=CARTESIAN_POINT('Ctrl Pts',(17.4514739563892,6.25284202305654,0.));
#3970=CARTESIAN_POINT('Ctrl Pts',(17.3562778598171,6.13455652447126,0.));
#3971=CARTESIAN_POINT('Ctrl Pts',(17.2611162812852,6.01623272889656,0.));
#3972=CARTESIAN_POINT('Ctrl Pts',(17.1659921785728,5.89787063169545,0.));
#3973=CARTESIAN_POINT('Ctrl Pts',(17.070907912517,5.77947048628114,0.));
#3974=CARTESIAN_POINT('Ctrl Pts',(16.9758642050945,5.66103290384956,0.));
#3975=CARTESIAN_POINT('Ctrl Pts',(16.8808591086525,5.54255895173078,0.));
#3976=CARTESIAN_POINT('Ctrl Pts',(16.7858891756622,5.42404986376029,0.));
#3977=CARTESIAN_POINT('Ctrl Pts',(16.6909506096538,5.30550675423326,0.));
#3978=CARTESIAN_POINT('Ctrl Pts',(16.5960404184622,5.18693033195069,0.));
#3979=CARTESIAN_POINT('Ctrl Pts',(16.5011575713127,5.06832061301738,0.));
#3980=CARTESIAN_POINT('Ctrl Pts',(16.4063041455619,4.94967663703564,0.));
#3981=CARTESIAN_POINT('Ctrl Pts',(16.3114841664438,4.83099685318554,0.));
#3982=CARTESIAN_POINT('Ctrl Pts',(16.2167024641032,4.71227950180787,0.));
#3983=CARTESIAN_POINT('Ctrl Pts',(16.1219635274395,4.5935229974006,0.));
#3984=CARTESIAN_POINT('Ctrl Pts',(16.0272703555992,4.47472631314902,0.));
#3985=CARTESIAN_POINT('Ctrl Pts',(15.9326233134488,4.35588936461804,0.));
#3986=CARTESIAN_POINT('Ctrl Pts',(15.8380208593416,4.23701275157916,0.));
#3987=CARTESIAN_POINT('Ctrl Pts',(15.7434602595147,4.11809750496316,0.));
#3988=CARTESIAN_POINT('Ctrl Pts',(15.6489383022195,3.99914483443728,0.));
#3989=CARTESIAN_POINT('Ctrl Pts',(15.5544520095271,3.88015587729672,0.));
#3990=CARTESIAN_POINT('Ctrl Pts',(15.4599993471332,3.76113144853087,0.));
#3991=CARTESIAN_POINT('Ctrl Pts',(15.3655790453875,3.64207209180073,0.));
#3992=CARTESIAN_POINT('Ctrl Pts',(15.2900681479395,3.5467969221792,0.));
#3993=CARTESIAN_POINT('Ctrl Pts',(15.2334491102663,3.47532504124291,0.));
#3994=CARTESIAN_POINT('Ctrl Pts',(15.1957093634689,3.42767023456202,0.));
#3995=CARTESIAN_POINT('Ctrl Pts',(15.1768410596496,3.40384110970735,0.));
#3996=CARTESIAN_POINT('',(19.9385599737683,9.3153553846562,0.));
#3997=CARTESIAN_POINT('Origin',(-0.160878266371367,-0.0762811938063634,
0.));
#3998=CARTESIAN_POINT('',(20.3937311316091,8.2722688412333,0.));
#3999=CARTESIAN_POINT('Origin',(-0.160878266371367,-0.0762811938063634,
0.));
#4000=CARTESIAN_POINT('',(20.3937311316091,8.2722688412333,0.));
#4001=CARTESIAN_POINT('Ctrl Pts',(16.0723897798236,3.05309942442486,0.));
#4002=CARTESIAN_POINT('Ctrl Pts',(16.0723897798236,3.05309942442486,0.8));
#4003=CARTESIAN_POINT('Ctrl Pts',(16.089377365495,3.07414191133702,0.));
#4004=CARTESIAN_POINT('Ctrl Pts',(16.089377365495,3.07414191133702,0.8));
#4005=CARTESIAN_POINT('Ctrl Pts',(16.123358593351,3.11622280972343,0.));
#4006=CARTESIAN_POINT('Ctrl Pts',(16.123358593351,3.11622280972343,0.8));
#4007=CARTESIAN_POINT('Ctrl Pts',(16.1743486046738,3.17933193098796,0.));
#4008=CARTESIAN_POINT('Ctrl Pts',(16.1743486046738,3.17933193098796,0.8));
#4009=CARTESIAN_POINT('Ctrl Pts',(16.2423716491843,3.26345295746059,0.));
#4010=CARTESIAN_POINT('Ctrl Pts',(16.2423716491843,3.26345295746059,0.8));
#4011=CARTESIAN_POINT('Ctrl Pts',(16.3274611234161,3.36856356220785,0.));
#4012=CARTESIAN_POINT('Ctrl Pts',(16.3274611234161,3.36856356220785,0.8));
#4013=CARTESIAN_POINT('Ctrl Pts',(16.4126112202207,3.47363395702758,0.));
#4014=CARTESIAN_POINT('Ctrl Pts',(16.4126112202207,3.47363395702758,0.8));
#4015=CARTESIAN_POINT('Ctrl Pts',(16.4978216676117,3.5786652003101,0.));
#4016=CARTESIAN_POINT('Ctrl Pts',(16.4978216676117,3.5786652003101,0.8));
#4017=CARTESIAN_POINT('Ctrl Pts',(16.5830918491739,3.68365916852163,0.));
#4018=CARTESIAN_POINT('Ctrl Pts',(16.5830918491739,3.68365916852163,0.8));
#4019=CARTESIAN_POINT('Ctrl Pts',(16.6684206860842,3.78861878129652,0.));
#4020=CARTESIAN_POINT('Ctrl Pts',(16.6684206860842,3.78861878129652,0.8));
#4021=CARTESIAN_POINT('Ctrl Pts',(16.7538069113053,3.89354733995436,0.));
#4022=CARTESIAN_POINT('Ctrl Pts',(16.7538069113053,3.89354733995436,0.8));
#4023=CARTESIAN_POINT('Ctrl Pts',(16.8392493403528,3.99844787141761,0.));
#4024=CARTESIAN_POINT('Ctrl Pts',(16.8392493403528,3.99844787141761,0.8));
#4025=CARTESIAN_POINT('Ctrl Pts',(16.9247471410179,4.10332247301264,0.));
#4026=CARTESIAN_POINT('Ctrl Pts',(16.9247471410179,4.10332247301264,0.8));
#4027=CARTESIAN_POINT('Ctrl Pts',(17.0103001044239,4.20817165044549,0.));
#4028=CARTESIAN_POINT('Ctrl Pts',(17.0103001044239,4.20817165044549,0.8));
#4029=CARTESIAN_POINT('Ctrl Pts',(17.0959089105867,4.3129936700705,0.));
#4030=CARTESIAN_POINT('Ctrl Pts',(17.0959089105867,4.3129936700705,0.8));
#4031=CARTESIAN_POINT('Ctrl Pts',(17.1815748624973,4.41778547909642,0.));
#4032=CARTESIAN_POINT('Ctrl Pts',(17.1815748624973,4.41778547909642,0.8));
#4033=CARTESIAN_POINT('Ctrl Pts',(17.2672996257312,4.52254360888774,0.));
#4034=CARTESIAN_POINT('Ctrl Pts',(17.2672996257312,4.52254360888774,0.8));
#4035=CARTESIAN_POINT('Ctrl Pts',(17.3530849659645,4.62726508027199,0.));
#4036=CARTESIAN_POINT('Ctrl Pts',(17.3530849659645,4.62726508027199,0.8));
#4037=CARTESIAN_POINT('Ctrl Pts',(17.4389324853705,4.73194831720676,0.));
#4038=CARTESIAN_POINT('Ctrl Pts',(17.4389324853705,4.73194831720676,0.8));
#4039=CARTESIAN_POINT('Ctrl Pts',(17.5248433599023,4.83659403974845,0.));
#4040=CARTESIAN_POINT('Ctrl Pts',(17.5248433599023,4.83659403974845,0.8));
#4041=CARTESIAN_POINT('Ctrl Pts',(17.610818277551,4.94120442247759,0.));
#4042=CARTESIAN_POINT('Ctrl Pts',(17.610818277551,4.94120442247759,0.8));
#4043=CARTESIAN_POINT('Ctrl Pts',(17.6968573709007,5.04578227923069,0.));
#4044=CARTESIAN_POINT('Ctrl Pts',(17.6968573709007,5.04578227923069,0.8));
#4045=CARTESIAN_POINT('Ctrl Pts',(17.7829601497984,5.15033024450048,0.));
#4046=CARTESIAN_POINT('Ctrl Pts',(17.7829601497984,5.15033024450048,0.8));
#4047=CARTESIAN_POINT('Ctrl Pts',(17.8691254277586,5.25484995001927,0.));
#4048=CARTESIAN_POINT('Ctrl Pts',(17.8691254277586,5.25484995001927,0.8));
#4049=CARTESIAN_POINT('Ctrl Pts',(17.9553512548804,5.35934122262721,0.));
#4050=CARTESIAN_POINT('Ctrl Pts',(17.9553512548804,5.35934122262721,0.8));
#4051=CARTESIAN_POINT('Ctrl Pts',(18.0416353692881,5.46380271709824,0.));
#4052=CARTESIAN_POINT('Ctrl Pts',(18.0416353692881,5.46380271709824,0.8));
#4053=CARTESIAN_POINT('Ctrl Pts',(18.1279756395415,5.56823252505851,0.));
#4054=CARTESIAN_POINT('Ctrl Pts',(18.1279756395415,5.56823252505851,0.8));
#4055=CARTESIAN_POINT('Ctrl Pts',(18.2143705065974,5.6726287893137,0.));
#4056=CARTESIAN_POINT('Ctrl Pts',(18.2143705065974,5.6726287893137,0.8));
#4057=CARTESIAN_POINT('Ctrl Pts',(18.3008194306992,5.77699032189101,0.));
#4058=CARTESIAN_POINT('Ctrl Pts',(18.3008194306992,5.77699032189101,0.8));
#4059=CARTESIAN_POINT('Ctrl Pts',(18.3873233227842,5.88131720751942,0.));
#4060=CARTESIAN_POINT('Ctrl Pts',(18.3873233227842,5.88131720751942,0.8));
#4061=CARTESIAN_POINT('Ctrl Pts',(18.4738840216264,5.98561038333054,0.));
#4062=CARTESIAN_POINT('Ctrl Pts',(18.4738840216264,5.98561038333054,0.8));
#4063=CARTESIAN_POINT('Ctrl Pts',(18.560503786872,6.08987123772291,0.));
#4064=CARTESIAN_POINT('Ctrl Pts',(18.560503786872,6.08987123772291,0.8));
#4065=CARTESIAN_POINT('Ctrl Pts',(18.6471847879951,6.19410120590627,0.));
#4066=CARTESIAN_POINT('Ctrl Pts',(18.6471847879951,6.19410120590627,0.8));
#4067=CARTESIAN_POINT('Ctrl Pts',(18.7339285891021,6.2983013649979,0.));
#4068=CARTESIAN_POINT('Ctrl Pts',(18.7339285891021,6.2983013649979,0.8));
#4069=CARTESIAN_POINT('Ctrl Pts',(18.8207356447373,6.4024720385932,0.));
#4070=CARTESIAN_POINT('Ctrl Pts',(18.8207356447373,6.4024720385932,0.8));
#4071=CARTESIAN_POINT('Ctrl Pts',(18.9076056306901,6.50661302200894,0.));
#4072=CARTESIAN_POINT('Ctrl Pts',(18.9076056306901,6.50661302200894,0.8));
#4073=CARTESIAN_POINT('Ctrl Pts',(18.9945377584432,6.61072379694854,0.));
#4074=CARTESIAN_POINT('Ctrl Pts',(18.9945377584432,6.61072379694854,0.8));
#4075=CARTESIAN_POINT('Ctrl Pts',(19.0815310916477,6.71480374930119,0.));
#4076=CARTESIAN_POINT('Ctrl Pts',(19.0815310916477,6.71480374930119,0.8));
#4077=CARTESIAN_POINT('Ctrl Pts',(19.1685848613236,6.81885238750019,0.));
#4078=CARTESIAN_POINT('Ctrl Pts',(19.1685848613236,6.81885238750019,0.8));
#4079=CARTESIAN_POINT('Ctrl Pts',(19.2556987743987,6.92286955756722,0.));
#4080=CARTESIAN_POINT('Ctrl Pts',(19.2556987743987,6.92286955756722,0.8));
#4081=CARTESIAN_POINT('Ctrl Pts',(19.342872882895,7.02685534061282,0.));
#4082=CARTESIAN_POINT('Ctrl Pts',(19.342872882895,7.02685534061282,0.8));
#4083=CARTESIAN_POINT('Ctrl Pts',(19.4301074590905,7.13080995613165,0.));
#4084=CARTESIAN_POINT('Ctrl Pts',(19.4301074590905,7.13080995613165,0.8));
#4085=CARTESIAN_POINT('Ctrl Pts',(19.517402867718,7.23473366465135,0.));
#4086=CARTESIAN_POINT('Ctrl Pts',(19.517402867718,7.23473366465135,0.8));
#4087=CARTESIAN_POINT('Ctrl Pts',(19.6047594374947,7.33862667123879,0.));
#4088=CARTESIAN_POINT('Ctrl Pts',(19.6047594374947,7.33862667123879,0.8));
#4089=CARTESIAN_POINT('Ctrl Pts',(19.6921773327893,7.44248903084083,0.));
#4090=CARTESIAN_POINT('Ctrl Pts',(19.6921773327893,7.44248903084083,0.8));
#4091=CARTESIAN_POINT('Ctrl Pts',(19.7796565842889,7.54632069462152,0.));
#4092=CARTESIAN_POINT('Ctrl Pts',(19.7796565842889,7.54632069462152,0.8));
#4093=CARTESIAN_POINT('Ctrl Pts',(19.8671971162599,7.6501215550799,0.));
#4094=CARTESIAN_POINT('Ctrl Pts',(19.8671971162599,7.6501215550799,0.8));
#4095=CARTESIAN_POINT('Ctrl Pts',(19.954798773102,7.75389149221029,0.));
#4096=CARTESIAN_POINT('Ctrl Pts',(19.954798773102,7.75389149221029,0.8));
#4097=CARTESIAN_POINT('Ctrl Pts',(20.0424613441919,7.85763042017954,0.));
#4098=CARTESIAN_POINT('Ctrl Pts',(20.0424613441919,7.85763042017954,0.8));
#4099=CARTESIAN_POINT('Ctrl Pts',(20.1301845875928,7.9613383342909,0.));
#4100=CARTESIAN_POINT('Ctrl Pts',(20.1301845875928,7.9613383342909,0.8));
#4101=CARTESIAN_POINT('Ctrl Pts',(20.2179682621068,8.06501528105207,0.));
#4102=CARTESIAN_POINT('Ctrl Pts',(20.2179682621068,8.06501528105207,0.8));
#4103=CARTESIAN_POINT('Ctrl Pts',(20.2882433788814,8.1479321198057,0.));
#4104=CARTESIAN_POINT('Ctrl Pts',(20.2882433788814,8.1479321198057,0.8));
#4105=CARTESIAN_POINT('Ctrl Pts',(20.3409767493144,8.21010587312787,0.));
#4106=CARTESIAN_POINT('Ctrl Pts',(20.3409767493144,8.21010587312787,0.8));
#4107=CARTESIAN_POINT('Ctrl Pts',(20.3761443363811,8.25154887902839,0.));
#4108=CARTESIAN_POINT('Ctrl Pts',(20.3761443363811,8.25154887902839,0.8));
#4109=CARTESIAN_POINT('Ctrl Pts',(20.3937311316091,8.2722688412333,0.));
#4110=CARTESIAN_POINT('Ctrl Pts',(20.3937311316091,8.2722688412333,0.8));
#4111=CARTESIAN_POINT('',(16.0723897798236,3.05309942442486,0.));
#4112=CARTESIAN_POINT('Ctrl Pts',(16.0723897798236,3.05309942442486,0.));
#4113=CARTESIAN_POINT('Ctrl Pts',(16.089377365495,3.07414191133702,0.));
#4114=CARTESIAN_POINT('Ctrl Pts',(16.123358593351,3.11622280972343,0.));
#4115=CARTESIAN_POINT('Ctrl Pts',(16.1743486046738,3.17933193098796,0.));
#4116=CARTESIAN_POINT('Ctrl Pts',(16.2423716491843,3.26345295746059,0.));
#4117=CARTESIAN_POINT('Ctrl Pts',(16.3274611234161,3.36856356220785,0.));
#4118=CARTESIAN_POINT('Ctrl Pts',(16.4126112202207,3.47363395702758,0.));
#4119=CARTESIAN_POINT('Ctrl Pts',(16.4978216676117,3.5786652003101,0.));
#4120=CARTESIAN_POINT('Ctrl Pts',(16.5830918491739,3.68365916852163,0.));
#4121=CARTESIAN_POINT('Ctrl Pts',(16.6684206860842,3.78861878129652,0.));
#4122=CARTESIAN_POINT('Ctrl Pts',(16.7538069113053,3.89354733995436,0.));
#4123=CARTESIAN_POINT('Ctrl Pts',(16.8392493403528,3.99844787141761,0.));
#4124=CARTESIAN_POINT('Ctrl Pts',(16.9247471410179,4.10332247301264,0.));
#4125=CARTESIAN_POINT('Ctrl Pts',(17.0103001044239,4.20817165044549,0.));
#4126=CARTESIAN_POINT('Ctrl Pts',(17.0959089105867,4.3129936700705,0.));
#4127=CARTESIAN_POINT('Ctrl Pts',(17.1815748624973,4.41778547909642,0.));
#4128=CARTESIAN_POINT('Ctrl Pts',(17.2672996257312,4.52254360888774,0.));
#4129=CARTESIAN_POINT('Ctrl Pts',(17.3530849659645,4.62726508027199,0.));
#4130=CARTESIAN_POINT('Ctrl Pts',(17.4389324853705,4.73194831720676,0.));
#4131=CARTESIAN_POINT('Ctrl Pts',(17.5248433599023,4.83659403974845,0.));
#4132=CARTESIAN_POINT('Ctrl Pts',(17.610818277551,4.94120442247759,0.));
#4133=CARTESIAN_POINT('Ctrl Pts',(17.6968573709007,5.04578227923069,0.));
#4134=CARTESIAN_POINT('Ctrl Pts',(17.7829601497984,5.15033024450048,0.));
#4135=CARTESIAN_POINT('Ctrl Pts',(17.8691254277586,5.25484995001927,0.));
#4136=CARTESIAN_POINT('Ctrl Pts',(17.9553512548804,5.35934122262721,0.));
#4137=CARTESIAN_POINT('Ctrl Pts',(18.0416353692881,5.46380271709824,0.));
#4138=CARTESIAN_POINT('Ctrl Pts',(18.1279756395415,5.56823252505851,0.));
#4139=CARTESIAN_POINT('Ctrl Pts',(18.2143705065974,5.6726287893137,0.));
#4140=CARTESIAN_POINT('Ctrl Pts',(18.3008194306992,5.77699032189101,0.));
#4141=CARTESIAN_POINT('Ctrl Pts',(18.3873233227842,5.88131720751942,0.));
#4142=CARTESIAN_POINT('Ctrl Pts',(18.4738840216264,5.98561038333054,0.));
#4143=CARTESIAN_POINT('Ctrl Pts',(18.560503786872,6.08987123772291,0.));
#4144=CARTESIAN_POINT('Ctrl Pts',(18.6471847879951,6.19410120590627,0.));
#4145=CARTESIAN_POINT('Ctrl Pts',(18.7339285891021,6.2983013649979,0.));
#4146=CARTESIAN_POINT('Ctrl Pts',(18.8207356447373,6.4024720385932,0.));
#4147=CARTESIAN_POINT('Ctrl Pts',(18.9076056306901,6.50661302200894,0.));
#4148=CARTESIAN_POINT('Ctrl Pts',(18.9945377584432,6.61072379694854,0.));
#4149=CARTESIAN_POINT('Ctrl Pts',(19.0815310916477,6.71480374930119,0.));
#4150=CARTESIAN_POINT('Ctrl Pts',(19.1685848613236,6.81885238750019,0.));
#4151=CARTESIAN_POINT('Ctrl Pts',(19.2556987743987,6.92286955756722,0.));
#4152=CARTESIAN_POINT('Ctrl Pts',(19.342872882895,7.02685534061282,0.));
#4153=CARTESIAN_POINT('Ctrl Pts',(19.4301074590905,7.13080995613165,0.));
#4154=CARTESIAN_POINT('Ctrl Pts',(19.517402867718,7.23473366465135,0.));
#4155=CARTESIAN_POINT('Ctrl Pts',(19.6047594374947,7.33862667123879,0.));
#4156=CARTESIAN_POINT('Ctrl Pts',(19.6921773327893,7.44248903084083,0.));
#4157=CARTESIAN_POINT('Ctrl Pts',(19.7796565842889,7.54632069462152,0.));
#4158=CARTESIAN_POINT('Ctrl Pts',(19.8671971162599,7.6501215550799,0.));
#4159=CARTESIAN_POINT('Ctrl Pts',(19.954798773102,7.75389149221029,0.));
#4160=CARTESIAN_POINT('Ctrl Pts',(20.0424613441919,7.85763042017954,0.));
#4161=CARTESIAN_POINT('Ctrl Pts',(20.1301845875928,7.9613383342909,0.));
#4162=CARTESIAN_POINT('Ctrl Pts',(20.2179682621068,8.06501528105207,0.));
#4163=CARTESIAN_POINT('Ctrl Pts',(20.2882433788814,8.1479321198057,0.));
#4164=CARTESIAN_POINT('Ctrl Pts',(20.3409767493144,8.21010587312787,0.));
#4165=CARTESIAN_POINT('Ctrl Pts',(20.3761443363811,8.25154887902839,0.));
#4166=CARTESIAN_POINT('Ctrl Pts',(20.3937311316091,8.2722688412333,0.));
#4167=CARTESIAN_POINT('',(16.0723897798236,3.05309942442486,0.));
#4168=CARTESIAN_POINT('Ctrl Pts',(21.8698949358666,2.47045685332815,0.));
#4169=CARTESIAN_POINT('Ctrl Pts',(21.8698949358666,2.47045685332815,0.8));
#4170=CARTESIAN_POINT('Ctrl Pts',(21.8421537213966,2.47002919648042,0.));
#4171=CARTESIAN_POINT('Ctrl Pts',(21.8421537213966,2.47002919648042,0.8));
#4172=CARTESIAN_POINT('Ctrl Pts',(21.7867581751033,2.46921881327692,0.));
#4173=CARTESIAN_POINT('Ctrl Pts',(21.7867581751033,2.46921881327692,0.8));
#4174=CARTESIAN_POINT('Ctrl Pts',(21.7039255036033,2.46813802992062,0.));
#4175=CARTESIAN_POINT('Ctrl Pts',(21.7039255036033,2.46813802992062,0.8));
#4176=CARTESIAN_POINT('Ctrl Pts',(21.5940035770173,2.46696674416242,0.));
#4177=CARTESIAN_POINT('Ctrl Pts',(21.5940035770173,2.46696674416242,0.8));
#4178=CARTESIAN_POINT('Ctrl Pts',(21.4574729473455,2.4659534701487,0.));
#4179=CARTESIAN_POINT('Ctrl Pts',(21.4574729473455,2.4659534701487,0.8));
#4180=CARTESIAN_POINT('Ctrl Pts',(21.3218178423218,2.46539297484815,0.));
#4181=CARTESIAN_POINT('Ctrl Pts',(21.3218178423218,2.46539297484815,0.8));
#4182=CARTESIAN_POINT('Ctrl Pts',(21.1870431813339,2.4652878112588,0.));
#4183=CARTESIAN_POINT('Ctrl Pts',(21.1870431813339,2.4652878112588,0.8));
#4184=CARTESIAN_POINT('Ctrl Pts',(21.0531548423287,2.46564105028845,0.));
#4185=CARTESIAN_POINT('Ctrl Pts',(21.0531548423287,2.46564105028845,0.8));
#4186=CARTESIAN_POINT('Ctrl Pts',(20.9201594627917,2.46645613211695,0.));
#4187=CARTESIAN_POINT('Ctrl Pts',(20.9201594627917,2.46645613211695,0.8));
#4188=CARTESIAN_POINT('Ctrl Pts',(20.788064108923,2.46773689726285,0.));
#4189=CARTESIAN_POINT('Ctrl Pts',(20.788064108923,2.46773689726285,0.8));
#4190=CARTESIAN_POINT('Ctrl Pts',(20.6568758203686,2.46948779026547,0.));
#4191=CARTESIAN_POINT('Ctrl Pts',(20.6568758203686,2.46948779026547,0.8));
#4192=CARTESIAN_POINT('Ctrl Pts',(20.5266011576722,2.47171401077309,0.));
#4193=CARTESIAN_POINT('Ctrl Pts',(20.5266011576722,2.47171401077309,0.8));
#4194=CARTESIAN_POINT('Ctrl Pts',(20.3972457406013,2.4744216642937,0.));
#4195=CARTESIAN_POINT('Ctrl Pts',(20.3972457406013,2.4744216642937,0.8));
#4196=CARTESIAN_POINT('Ctrl Pts',(20.2688137185375,2.4776179269555,0.));
#4197=CARTESIAN_POINT('Ctrl Pts',(20.2688137185375,2.4776179269555,0.8));
#4198=CARTESIAN_POINT('Ctrl Pts',(20.14130736808,2.48131111967648,0.));
#4199=CARTESIAN_POINT('Ctrl Pts',(20.14130736808,2.48131111967648,0.8));
#4200=CARTESIAN_POINT('Ctrl Pts',(20.0147277538332,2.48551013628784,0.));
#4201=CARTESIAN_POINT('Ctrl Pts',(20.0147277538332,2.48551013628784,0.8));
#4202=CARTESIAN_POINT('Ctrl Pts',(19.8890752520755,2.49022393830288,0.));
#4203=CARTESIAN_POINT('Ctrl Pts',(19.8890752520755,2.49022393830288,0.8));
#4204=CARTESIAN_POINT('Ctrl Pts',(19.7643501103847,2.49546099042566,0.));
#4205=CARTESIAN_POINT('Ctrl Pts',(19.7643501103847,2.49546099042566,0.8));
#4206=CARTESIAN_POINT('Ctrl Pts',(19.6405529389789,2.50122875244406,0.));
#4207=CARTESIAN_POINT('Ctrl Pts',(19.6405529389789,2.50122875244406,0.8));
#4208=CARTESIAN_POINT('Ctrl Pts',(19.5176852737689,2.5075330059792,0.));
#4209=CARTESIAN_POINT('Ctrl Pts',(19.5176852737689,2.5075330059792,0.8));
#4210=CARTESIAN_POINT('Ctrl Pts',(19.3957492675445,2.51437869618159,0.));
#4211=CARTESIAN_POINT('Ctrl Pts',(19.3957492675445,2.51437869618159,0.8));
#4212=CARTESIAN_POINT('Ctrl Pts',(19.2747472668569,2.52177092535254,0.));
#4213=CARTESIAN_POINT('Ctrl Pts',(19.2747472668569,2.52177092535254,0.8));
#4214=CARTESIAN_POINT('Ctrl Pts',(19.1546813868179,2.5297159311317,0.));
#4215=CARTESIAN_POINT('Ctrl Pts',(19.1546813868179,2.5297159311317,0.8));
#4216=CARTESIAN_POINT('Ctrl Pts',(19.0355531009986,2.53822193713302,0.));
#4217=CARTESIAN_POINT('Ctrl Pts',(19.0355531009986,2.53822193713302,0.8));
#4218=CARTESIAN_POINT('Ctrl Pts',(18.9173626913132,2.54730035722623,0.));
#4219=CARTESIAN_POINT('Ctrl Pts',(18.9173626913132,2.54730035722623,0.8));
#4220=CARTESIAN_POINT('Ctrl Pts',(18.8001094003819,2.5569648811784,0.));
#4221=CARTESIAN_POINT('Ctrl Pts',(18.8001094003819,2.5569648811784,0.8));
#4222=CARTESIAN_POINT('Ctrl Pts',(18.6837917967785,2.56722990593845,0.));
#4223=CARTESIAN_POINT('Ctrl Pts',(18.6837917967785,2.56722990593845,0.8));
#4224=CARTESIAN_POINT('Ctrl Pts',(18.5684080523561,2.57810908573707,0.));
#4225=CARTESIAN_POINT('Ctrl Pts',(18.5684080523561,2.57810908573707,0.8));
#4226=CARTESIAN_POINT('Ctrl Pts',(18.4539562066007,2.58961400707992,0.));
#4227=CARTESIAN_POINT('Ctrl Pts',(18.4539562066007,2.58961400707992,0.8));
#4228=CARTESIAN_POINT('Ctrl Pts',(18.3404344648902,2.60175229802987,0.));
#4229=CARTESIAN_POINT('Ctrl Pts',(18.3404344648902,2.60175229802987,0.8));
#4230=CARTESIAN_POINT('Ctrl Pts',(18.2278411267174,2.61452885707151,0.));
#4231=CARTESIAN_POINT('Ctrl Pts',(18.2278411267174,2.61452885707151,0.8));
#4232=CARTESIAN_POINT('Ctrl Pts',(18.1161743673468,2.62794819254931,0.));
#4233=CARTESIAN_POINT('Ctrl Pts',(18.1161743673468,2.62794819254931,0.8));
#4234=CARTESIAN_POINT('Ctrl Pts',(18.0054320300096,2.64201646871413,0.));
#4235=CARTESIAN_POINT('Ctrl Pts',(18.0054320300096,2.64201646871413,0.8));
#4236=CARTESIAN_POINT('Ctrl Pts',(17.8956114153978,2.65674345742216,0.));
#4237=CARTESIAN_POINT('Ctrl Pts',(17.8956114153978,2.65674345742216,0.8));
#4238=CARTESIAN_POINT('Ctrl Pts',(17.7867089699005,2.6721450435344,0.));
#4239=CARTESIAN_POINT('Ctrl Pts',(17.7867089699005,2.6721450435344,0.8));
#4240=CARTESIAN_POINT('Ctrl Pts',(17.6787205767691,2.68824136705761,0.));
#4241=CARTESIAN_POINT('Ctrl Pts',(17.6787205767691,2.68824136705761,0.8));
#4242=CARTESIAN_POINT('Ctrl Pts',(17.5716419744554,2.70505393036448,0.));
#4243=CARTESIAN_POINT('Ctrl Pts',(17.5716419744554,2.70505393036448,0.8));
#4244=CARTESIAN_POINT('Ctrl Pts',(17.4654691074453,2.72260303676731,0.));
#4245=CARTESIAN_POINT('Ctrl Pts',(17.4654691074453,2.72260303676731,0.8));
#4246=CARTESIAN_POINT('Ctrl Pts',(17.3601984767102,2.74090509344712,0.));
#4247=CARTESIAN_POINT('Ctrl Pts',(17.3601984767102,2.74090509344712,0.8));
#4248=CARTESIAN_POINT('Ctrl Pts',(17.2558274747242,2.75996987198588,0.));
#4249=CARTESIAN_POINT('Ctrl Pts',(17.2558274747242,2.75996987198588,0.8));
#4250=CARTESIAN_POINT('Ctrl Pts',(17.1523539236755,2.77980355806623,0.));
#4251=CARTESIAN_POINT('Ctrl Pts',(17.1523539236755,2.77980355806623,0.8));
#4252=CARTESIAN_POINT('Ctrl Pts',(17.0497755613017,2.80041201599435,0.));
#4253=CARTESIAN_POINT('Ctrl Pts',(17.0497755613017,2.80041201599435,0.8));
#4254=CARTESIAN_POINT('Ctrl Pts',(16.9480895583239,2.82180372411051,0.));
#4255=CARTESIAN_POINT('Ctrl Pts',(16.9480895583239,2.82180372411051,0.8));
#4256=CARTESIAN_POINT('Ctrl Pts',(16.8472919101999,2.84399335795725,0.));
#4257=CARTESIAN_POINT('Ctrl Pts',(16.8472919101999,2.84399335795725,0.8));
#4258=CARTESIAN_POINT('Ctrl Pts',(16.7473771213426,2.86700345654045,0.));
#4259=CARTESIAN_POINT('Ctrl Pts',(16.7473771213426,2.86700345654045,0.8));
#4260=CARTESIAN_POINT('Ctrl Pts',(16.6483388674869,2.89086011901463,0.));
#4261=CARTESIAN_POINT('Ctrl Pts',(16.6483388674869,2.89086011901463,0.8));
#4262=CARTESIAN_POINT('Ctrl Pts',(16.5501704780866,2.91558952560724,0.));
#4263=CARTESIAN_POINT('Ctrl Pts',(16.5501704780866,2.91558952560724,0.8));
#4264=CARTESIAN_POINT('Ctrl Pts',(16.4528654480788,2.94121447225927,0.));
#4265=CARTESIAN_POINT('Ctrl Pts',(16.4528654480788,2.94121447225927,0.8));
#4266=CARTESIAN_POINT('Ctrl Pts',(16.3564179508358,2.96774998516087,0.));
#4267=CARTESIAN_POINT('Ctrl Pts',(16.3564179508358,2.96774998516087,0.8));
#4268=CARTESIAN_POINT('Ctrl Pts',(16.2608231536537,2.99520326449787,0.));
#4269=CARTESIAN_POINT('Ctrl Pts',(16.2608231536537,2.99520326449787,0.8));
#4270=CARTESIAN_POINT('Ctrl Pts',(16.1850265348214,3.017901983619,0.));
#4271=CARTESIAN_POINT('Ctrl Pts',(16.1850265348214,3.017901983619,0.8));
#4272=CARTESIAN_POINT('Ctrl Pts',(16.1285600825982,3.03533986727249,0.));
#4273=CARTESIAN_POINT('Ctrl Pts',(16.1285600825982,3.03533986727249,0.8));
#4274=CARTESIAN_POINT('Ctrl Pts',(16.0910850093675,3.04714893654943,0.));
#4275=CARTESIAN_POINT('Ctrl Pts',(16.0910850093675,3.04714893654943,0.8));
#4276=CARTESIAN_POINT('Ctrl Pts',(16.0723897798236,3.05309942442486,0.));
#4277=CARTESIAN_POINT('Ctrl Pts',(16.0723897798236,3.05309942442486,0.8));
#4278=CARTESIAN_POINT('',(21.8698949358666,2.47045685332815,0.));
#4279=CARTESIAN_POINT('Ctrl Pts',(21.8698949358666,2.47045685332815,0.));
#4280=CARTESIAN_POINT('Ctrl Pts',(21.8421537213966,2.47002919648042,0.));
#4281=CARTESIAN_POINT('Ctrl Pts',(21.7867581751033,2.46921881327692,0.));
#4282=CARTESIAN_POINT('Ctrl Pts',(21.7039255036033,2.46813802992062,0.));
#4283=CARTESIAN_POINT('Ctrl Pts',(21.5940035770173,2.46696674416242,0.));
#4284=CARTESIAN_POINT('Ctrl Pts',(21.4574729473455,2.4659534701487,0.));
#4285=CARTESIAN_POINT('Ctrl Pts',(21.3218178423218,2.46539297484815,0.));
#4286=CARTESIAN_POINT('Ctrl Pts',(21.1870431813339,2.4652878112588,0.));
#4287=CARTESIAN_POINT('Ctrl Pts',(21.0531548423287,2.46564105028845,0.));
#4288=CARTESIAN_POINT('Ctrl Pts',(20.9201594627917,2.46645613211695,0.));
#4289=CARTESIAN_POINT('Ctrl Pts',(20.788064108923,2.46773689726285,0.));
#4290=CARTESIAN_POINT('Ctrl Pts',(20.6568758203686,2.46948779026547,0.));
#4291=CARTESIAN_POINT('Ctrl Pts',(20.5266011576722,2.47171401077309,0.));
#4292=CARTESIAN_POINT('Ctrl Pts',(20.3972457406013,2.4744216642937,0.));
#4293=CARTESIAN_POINT('Ctrl Pts',(20.2688137185375,2.4776179269555,0.));
#4294=CARTESIAN_POINT('Ctrl Pts',(20.14130736808,2.48131111967648,0.));
#4295=CARTESIAN_POINT('Ctrl Pts',(20.0147277538332,2.48551013628784,0.));
#4296=CARTESIAN_POINT('Ctrl Pts',(19.8890752520755,2.49022393830288,0.));
#4297=CARTESIAN_POINT('Ctrl Pts',(19.7643501103847,2.49546099042566,0.));
#4298=CARTESIAN_POINT('Ctrl Pts',(19.6405529389789,2.50122875244406,0.));
#4299=CARTESIAN_POINT('Ctrl Pts',(19.5176852737689,2.5075330059792,0.));
#4300=CARTESIAN_POINT('Ctrl Pts',(19.3957492675445,2.51437869618159,0.));
#4301=CARTESIAN_POINT('Ctrl Pts',(19.2747472668569,2.52177092535254,0.));
#4302=CARTESIAN_POINT('Ctrl Pts',(19.1546813868179,2.5297159311317,0.));
#4303=CARTESIAN_POINT('Ctrl Pts',(19.0355531009986,2.53822193713302,0.));
#4304=CARTESIAN_POINT('Ctrl Pts',(18.9173626913132,2.54730035722623,0.));
#4305=CARTESIAN_POINT('Ctrl Pts',(18.8001094003819,2.5569648811784,0.));
#4306=CARTESIAN_POINT('Ctrl Pts',(18.6837917967785,2.56722990593845,0.));
#4307=CARTESIAN_POINT('Ctrl Pts',(18.5684080523561,2.57810908573707,0.));
#4308=CARTESIAN_POINT('Ctrl Pts',(18.4539562066007,2.58961400707992,0.));
#4309=CARTESIAN_POINT('Ctrl Pts',(18.3404344648902,2.60175229802987,0.));
#4310=CARTESIAN_POINT('Ctrl Pts',(18.2278411267174,2.61452885707151,0.));
#4311=CARTESIAN_POINT('Ctrl Pts',(18.1161743673468,2.62794819254931,0.));
#4312=CARTESIAN_POINT('Ctrl Pts',(18.0054320300096,2.64201646871413,0.));
#4313=CARTESIAN_POINT('Ctrl Pts',(17.8956114153978,2.65674345742216,0.));
#4314=CARTESIAN_POINT('Ctrl Pts',(17.7867089699005,2.6721450435344,0.));
#4315=CARTESIAN_POINT('Ctrl Pts',(17.6787205767691,2.68824136705761,0.));
#4316=CARTESIAN_POINT('Ctrl Pts',(17.5716419744554,2.70505393036448,0.));
#4317=CARTESIAN_POINT('Ctrl Pts',(17.4654691074453,2.72260303676731,0.));
#4318=CARTESIAN_POINT('Ctrl Pts',(17.3601984767102,2.74090509344712,0.));
#4319=CARTESIAN_POINT('Ctrl Pts',(17.2558274747242,2.75996987198588,0.));
#4320=CARTESIAN_POINT('Ctrl Pts',(17.1523539236755,2.77980355806623,0.));
#4321=CARTESIAN_POINT('Ctrl Pts',(17.0497755613017,2.80041201599435,0.));
#4322=CARTESIAN_POINT('Ctrl Pts',(16.9480895583239,2.82180372411051,0.));
#4323=CARTESIAN_POINT('Ctrl Pts',(16.8472919101999,2.84399335795725,0.));
#4324=CARTESIAN_POINT('Ctrl Pts',(16.7473771213426,2.86700345654045,0.));
#4325=CARTESIAN_POINT('Ctrl Pts',(16.6483388674869,2.89086011901463,0.));
#4326=CARTESIAN_POINT('Ctrl Pts',(16.5501704780866,2.91558952560724,0.));
#4327=CARTESIAN_POINT('Ctrl Pts',(16.4528654480788,2.94121447225927,0.));
#4328=CARTESIAN_POINT('Ctrl Pts',(16.3564179508358,2.96774998516087,0.));
#4329=CARTESIAN_POINT('Ctrl Pts',(16.2608231536537,2.99520326449787,0.));
#4330=CARTESIAN_POINT('Ctrl Pts',(16.1850265348214,3.017901983619,0.));
#4331=CARTESIAN_POINT('Ctrl Pts',(16.1285600825982,3.03533986727249,0.));
#4332=CARTESIAN_POINT('Ctrl Pts',(16.0910850093675,3.04714893654943,0.));
#4333=CARTESIAN_POINT('Ctrl Pts',(16.0723897798236,3.05309942442486,0.));
#4334=CARTESIAN_POINT('',(21.8698949358666,2.47045685332815,0.));
#4335=CARTESIAN_POINT('Origin',(0.0228240625743625,-0.00325943659003847,
0.));
#4336=CARTESIAN_POINT('',(22.0069520476705,-0.337766178787351,0.));
#4337=CARTESIAN_POINT('Origin',(0.0228240625743625,-0.00325943659003847,
0.));
#4338=CARTESIAN_POINT('',(22.0069520476705,-0.337766178787351,0.));
#4339=CARTESIAN_POINT('Ctrl Pts',(12.8760700300043,-4.98225456820765,0.));
#4340=CARTESIAN_POINT('Ctrl Pts',(12.8760700300043,-4.98225456820765,0.8));
#4341=CARTESIAN_POINT('Ctrl Pts',(12.911601364963,-4.93095293768605,0.));
#4342=CARTESIAN_POINT('Ctrl Pts',(12.911601364963,-4.93095293768605,0.8));
#4343=CARTESIAN_POINT('Ctrl Pts',(12.9827499014991,-4.82900339288095,0.));
#4344=CARTESIAN_POINT('Ctrl Pts',(12.9827499014991,-4.82900339288095,0.8));
#4345=CARTESIAN_POINT('Ctrl Pts',(13.0897303060628,-4.67804022390937,0.));
#4346=CARTESIAN_POINT('Ctrl Pts',(13.0897303060628,-4.67804022390937,0.8));
#4347=CARTESIAN_POINT('Ctrl Pts',(13.2328863813922,-4.48068085388413,0.));
#4348=CARTESIAN_POINT('Ctrl Pts',(13.2328863813922,-4.48068085388413,0.8));
#4349=CARTESIAN_POINT('Ctrl Pts',(13.4126933140118,-4.24054508192444,0.));
#4350=CARTESIAN_POINT('Ctrl Pts',(13.4126933140118,-4.24054508192444,0.8));
#4351=CARTESIAN_POINT('Ctrl Pts',(13.5933665642077,-4.00701320408435,0.));
#4352=CARTESIAN_POINT('Ctrl Pts',(13.5933665642077,-4.00701320408435,0.8));
#4353=CARTESIAN_POINT('Ctrl Pts',(13.774912521926,-3.78014665882475,0.));
#4354=CARTESIAN_POINT('Ctrl Pts',(13.774912521926,-3.78014665882475,0.8));
#4355=CARTESIAN_POINT('Ctrl Pts',(13.9573396039476,-3.56003071771216,0.));
#4356=CARTESIAN_POINT('Ctrl Pts',(13.9573396039476,-3.56003071771216,0.8));
#4357=CARTESIAN_POINT('Ctrl Pts',(14.140658157506,-3.34677633810836,0.));
#4358=CARTESIAN_POINT('Ctrl Pts',(14.140658157506,-3.34677633810836,0.8));
#4359=CARTESIAN_POINT('Ctrl Pts',(14.3248808381856,-3.14052416076645,0.));
#4360=CARTESIAN_POINT('Ctrl Pts',(14.3248808381856,-3.14052416076645,0.8));
#4361=CARTESIAN_POINT('Ctrl Pts',(14.5100210865806,-2.94143980895661,0.));
#4362=CARTESIAN_POINT('Ctrl Pts',(14.5100210865806,-2.94143980895661,0.8));
#4363=CARTESIAN_POINT('Ctrl Pts',(14.6960899383056,-2.74970158610734,0.));
#4364=CARTESIAN_POINT('Ctrl Pts',(14.6960899383056,-2.74970158610734,0.8));
#4365=CARTESIAN_POINT('Ctrl Pts',(14.8830933202858,-2.56549033892532,0.));
#4366=CARTESIAN_POINT('Ctrl Pts',(14.8830933202858,-2.56549033892532,0.8));
#4367=CARTESIAN_POINT('Ctrl Pts',(15.0710290132311,-2.38897787703188,0.));
#4368=CARTESIAN_POINT('Ctrl Pts',(15.0710290132311,-2.38897787703188,0.8));
#4369=CARTESIAN_POINT('Ctrl Pts',(15.259883933583,-2.22031662659958,0.));
#4370=CARTESIAN_POINT('Ctrl Pts',(15.259883933583,-2.22031662659958,0.8));
#4371=CARTESIAN_POINT('Ctrl Pts',(15.4496306647197,-2.05962637607463,0.));
#4372=CARTESIAN_POINT('Ctrl Pts',(15.4496306647197,-2.05962637607463,0.8));
#4373=CARTESIAN_POINT('Ctrl Pts',(15.6402267520544,-1.90699143628663,0.));
#4374=CARTESIAN_POINT('Ctrl Pts',(15.6402267520544,-1.90699143628663,0.8));
#4375=CARTESIAN_POINT('Ctrl Pts',(15.8316158881487,-1.7624648648249,0.));
#4376=CARTESIAN_POINT('Ctrl Pts',(15.8316158881487,-1.7624648648249,0.8));
#4377=CARTESIAN_POINT('Ctrl Pts',(16.0237284781333,-1.6260703408609,0.));
#4378=CARTESIAN_POINT('Ctrl Pts',(16.0237284781333,-1.6260703408609,0.8));
#4379=CARTESIAN_POINT('Ctrl Pts',(16.2164824093387,-1.49780464425095,0.));
#4380=CARTESIAN_POINT('Ctrl Pts',(16.2164824093387,-1.49780464425095,0.8));
#4381=CARTESIAN_POINT('Ctrl Pts',(16.4097836562999,-1.37763969244659,0.));
#4382=CARTESIAN_POINT('Ctrl Pts',(16.4097836562999,-1.37763969244659,0.8));
#4383=CARTESIAN_POINT('Ctrl Pts',(16.6035269619235,-1.26552410108711,0.));
#4384=CARTESIAN_POINT('Ctrl Pts',(16.6035269619235,-1.26552410108711,0.8));
#4385=CARTESIAN_POINT('Ctrl Pts',(16.7975972483029,-1.16137944768577,0.));
#4386=CARTESIAN_POINT('Ctrl Pts',(16.7975972483029,-1.16137944768577,0.8));
#4387=CARTESIAN_POINT('Ctrl Pts',(16.9918709559799,-1.06509673829753,0.));
#4388=CARTESIAN_POINT('Ctrl Pts',(16.9918709559799,-1.06509673829753,0.8));
#4389=CARTESIAN_POINT('Ctrl Pts',(17.186217369389,-0.976532429642311,0.));
#4390=CARTESIAN_POINT('Ctrl Pts',(17.186217369389,-0.976532429642311,0.8));
#4391=CARTESIAN_POINT('Ctrl Pts',(17.3804999362579,-0.895504473895477,0.));
#4392=CARTESIAN_POINT('Ctrl Pts',(17.3804999362579,-0.895504473895477,0.8));
#4393=CARTESIAN_POINT('Ctrl Pts',(17.5745775255509,-0.821787616788918,0.));
#4394=CARTESIAN_POINT('Ctrl Pts',(17.5745775255509,-0.821787616788918,0.8));
#4395=CARTESIAN_POINT('Ctrl Pts',(17.768306800903,-0.755118688938746,0.));
#4396=CARTESIAN_POINT('Ctrl Pts',(17.768306800903,-0.755118688938746,0.8));
#4397=CARTESIAN_POINT('Ctrl Pts',(17.9615446709775,-0.69520224526512,0.));
#4398=CARTESIAN_POINT('Ctrl Pts',(17.9615446709775,-0.69520224526512,0.8));
#4399=CARTESIAN_POINT('Ctrl Pts',(18.1541506916354,-0.64171577793088,0.));
#4400=CARTESIAN_POINT('Ctrl Pts',(18.1541506916354,-0.64171577793088,0.8));
#4401=CARTESIAN_POINT('Ctrl Pts',(18.3459895699688,-0.59431487283251,0.));
#4402=CARTESIAN_POINT('Ctrl Pts',(18.3459895699688,-0.59431487283251,0.8));
#4403=CARTESIAN_POINT('Ctrl Pts',(18.5369334769959,-0.5526380354004,0.));
#4404=CARTESIAN_POINT('Ctrl Pts',(18.5369334769959,-0.5526380354004,0.8));
#4405=CARTESIAN_POINT('Ctrl Pts',(18.7268607762213,-0.516309417828724,0.));
#4406=CARTESIAN_POINT('Ctrl Pts',(18.7268607762213,-0.516309417828724,0.8));
#4407=CARTESIAN_POINT('Ctrl Pts',(18.9156548869524,-0.484941413249674,0.));
#4408=CARTESIAN_POINT('Ctrl Pts',(18.9156548869524,-0.484941413249674,0.8));
#4409=CARTESIAN_POINT('Ctrl Pts',(19.1032032689008,-0.458137269165871,0.));
#4410=CARTESIAN_POINT('Ctrl Pts',(19.1032032689008,-0.458137269165871,0.8));
#4411=CARTESIAN_POINT('Ctrl Pts',(19.2893960899415,-0.43549316007932,0.));
#4412=CARTESIAN_POINT('Ctrl Pts',(19.2893960899415,-0.43549316007932,0.8));
#4413=CARTESIAN_POINT('Ctrl Pts',(19.4741261038161,-0.41660154170565,0.));
#4414=CARTESIAN_POINT('Ctrl Pts',(19.4741261038161,-0.41660154170565,0.8));
#4415=CARTESIAN_POINT('Ctrl Pts',(19.6572906727466,-0.401056898895595,0.));
#4416=CARTESIAN_POINT('Ctrl Pts',(19.6572906727466,-0.401056898895595,0.8));
#4417=CARTESIAN_POINT('Ctrl Pts',(19.8387935418497,-0.388461063932855,0.));
#4418=CARTESIAN_POINT('Ctrl Pts',(19.8387935418497,-0.388461063932855,0.8));
#4419=CARTESIAN_POINT('Ctrl Pts',(20.0185463963533,-0.378428232238005,0.));
#4420=CARTESIAN_POINT('Ctrl Pts',(20.0185463963533,-0.378428232238005,0.8));
#4421=CARTESIAN_POINT('Ctrl Pts',(20.1964715553689,-0.370591073258002,0.));
#4422=CARTESIAN_POINT('Ctrl Pts',(20.1964715553689,-0.370591073258002,0.8));
#4423=CARTESIAN_POINT('Ctrl Pts',(20.3724964000758,-0.36459808667592,0.));
#4424=CARTESIAN_POINT('Ctrl Pts',(20.3724964000758,-0.36459808667592,0.8));
#4425=CARTESIAN_POINT('Ctrl Pts',(20.5465452114968,-0.360108143627871,0.));
#4426=CARTESIAN_POINT('Ctrl Pts',(20.5465452114968,-0.360108143627871,0.8));
#4427=CARTESIAN_POINT('Ctrl Pts',(20.7185329691376,-0.356787101989594,0.));
#4428=CARTESIAN_POINT('Ctrl Pts',(20.7185329691376,-0.356787101989594,0.8));
#4429=CARTESIAN_POINT('Ctrl Pts',(20.8883559552082,-0.354300874578963,0.));
#4430=CARTESIAN_POINT('Ctrl Pts',(20.8883559552082,-0.354300874578963,0.8));
#4431=CARTESIAN_POINT('Ctrl Pts',(21.0558920425104,-0.352319152767635,0.));
#4432=CARTESIAN_POINT('Ctrl Pts',(21.0558920425104,-0.352319152767635,0.8));
#4433=CARTESIAN_POINT('Ctrl Pts',(21.2210176856092,-0.350537689254212,0.));
#4434=CARTESIAN_POINT('Ctrl Pts',(21.2210176856092,-0.350537689254212,0.8));
#4435=CARTESIAN_POINT('Ctrl Pts',(21.3836208281069,-0.348695872788689,0.));
#4436=CARTESIAN_POINT('Ctrl Pts',(21.3836208281069,-0.348695872788689,0.8));
#4437=CARTESIAN_POINT('Ctrl Pts',(21.5436163219605,-0.346597508620195,0.));
#4438=CARTESIAN_POINT('Ctrl Pts',(21.5436163219605,-0.346597508620195,0.8));
#4439=CARTESIAN_POINT('Ctrl Pts',(21.700958168925,-0.344126915428887,0.));
#4440=CARTESIAN_POINT('Ctrl Pts',(21.700958168925,-0.344126915428887,0.8));
#4441=CARTESIAN_POINT('Ctrl Pts',(21.8246933346763,-0.341806660643673,0.));
#4442=CARTESIAN_POINT('Ctrl Pts',(21.8246933346763,-0.341806660643673,0.8));
#4443=CARTESIAN_POINT('Ctrl Pts',(21.9162906395289,-0.339864801465046,0.));
#4444=CARTESIAN_POINT('Ctrl Pts',(21.9162906395289,-0.339864801465046,0.8));
#4445=CARTESIAN_POINT('Ctrl Pts',(21.9768207111572,-0.33848064928937,0.));
#4446=CARTESIAN_POINT('Ctrl Pts',(21.9768207111572,-0.33848064928937,0.8));
#4447=CARTESIAN_POINT('Ctrl Pts',(22.0069520476705,-0.337766178787351,0.));
#4448=CARTESIAN_POINT('Ctrl Pts',(22.0069520476705,-0.337766178787351,0.8));
#4449=CARTESIAN_POINT('',(12.8760700300043,-4.98225456820765,0.));
#4450=CARTESIAN_POINT('Ctrl Pts',(12.8760700300043,-4.98225456820765,0.));
#4451=CARTESIAN_POINT('Ctrl Pts',(12.911601364963,-4.93095293768605,0.));
#4452=CARTESIAN_POINT('Ctrl Pts',(12.9827499014991,-4.82900339288095,0.));
#4453=CARTESIAN_POINT('Ctrl Pts',(13.0897303060628,-4.67804022390937,0.));
#4454=CARTESIAN_POINT('Ctrl Pts',(13.2328863813922,-4.48068085388413,0.));
#4455=CARTESIAN_POINT('Ctrl Pts',(13.4126933140118,-4.24054508192444,0.));
#4456=CARTESIAN_POINT('Ctrl Pts',(13.5933665642077,-4.00701320408435,0.));
#4457=CARTESIAN_POINT('Ctrl Pts',(13.774912521926,-3.78014665882475,0.));
#4458=CARTESIAN_POINT('Ctrl Pts',(13.9573396039476,-3.56003071771216,0.));
#4459=CARTESIAN_POINT('Ctrl Pts',(14.140658157506,-3.34677633810836,0.));
#4460=CARTESIAN_POINT('Ctrl Pts',(14.3248808381856,-3.14052416076645,0.));
#4461=CARTESIAN_POINT('Ctrl Pts',(14.5100210865806,-2.94143980895661,0.));
#4462=CARTESIAN_POINT('Ctrl Pts',(14.6960899383056,-2.74970158610734,0.));
#4463=CARTESIAN_POINT('Ctrl Pts',(14.8830933202858,-2.56549033892532,0.));
#4464=CARTESIAN_POINT('Ctrl Pts',(15.0710290132311,-2.38897787703188,0.));
#4465=CARTESIAN_POINT('Ctrl Pts',(15.259883933583,-2.22031662659958,0.));
#4466=CARTESIAN_POINT('Ctrl Pts',(15.4496306647197,-2.05962637607463,0.));
#4467=CARTESIAN_POINT('Ctrl Pts',(15.6402267520544,-1.90699143628663,0.));
#4468=CARTESIAN_POINT('Ctrl Pts',(15.8316158881487,-1.7624648648249,0.));
#4469=CARTESIAN_POINT('Ctrl Pts',(16.0237284781333,-1.6260703408609,0.));
#4470=CARTESIAN_POINT('Ctrl Pts',(16.2164824093387,-1.49780464425095,0.));
#4471=CARTESIAN_POINT('Ctrl Pts',(16.4097836562999,-1.37763969244659,0.));
#4472=CARTESIAN_POINT('Ctrl Pts',(16.6035269619235,-1.26552410108711,0.));
#4473=CARTESIAN_POINT('Ctrl Pts',(16.7975972483029,-1.16137944768577,0.));
#4474=CARTESIAN_POINT('Ctrl Pts',(16.9918709559799,-1.06509673829753,0.));
#4475=CARTESIAN_POINT('Ctrl Pts',(17.186217369389,-0.976532429642311,0.));
#4476=CARTESIAN_POINT('Ctrl Pts',(17.3804999362579,-0.895504473895477,0.));
#4477=CARTESIAN_POINT('Ctrl Pts',(17.5745775255509,-0.821787616788918,0.));
#4478=CARTESIAN_POINT('Ctrl Pts',(17.768306800903,-0.755118688938746,0.));
#4479=CARTESIAN_POINT('Ctrl Pts',(17.9615446709775,-0.69520224526512,0.));
#4480=CARTESIAN_POINT('Ctrl Pts',(18.1541506916354,-0.64171577793088,0.));
#4481=CARTESIAN_POINT('Ctrl Pts',(18.3459895699688,-0.59431487283251,0.));
#4482=CARTESIAN_POINT('Ctrl Pts',(18.5369334769959,-0.5526380354004,0.));
#4483=CARTESIAN_POINT('Ctrl Pts',(18.7268607762213,-0.516309417828724,0.));
#4484=CARTESIAN_POINT('Ctrl Pts',(18.9156548869524,-0.484941413249674,0.));
#4485=CARTESIAN_POINT('Ctrl Pts',(19.1032032689008,-0.458137269165871,0.));
#4486=CARTESIAN_POINT('Ctrl Pts',(19.2893960899415,-0.43549316007932,0.));
#4487=CARTESIAN_POINT('Ctrl Pts',(19.4741261038161,-0.41660154170565,0.));
#4488=CARTESIAN_POINT('Ctrl Pts',(19.6572906727466,-0.401056898895595,0.));
#4489=CARTESIAN_POINT('Ctrl Pts',(19.8387935418497,-0.388461063932855,0.));
#4490=CARTESIAN_POINT('Ctrl Pts',(20.0185463963533,-0.378428232238005,0.));
#4491=CARTESIAN_POINT('Ctrl Pts',(20.1964715553689,-0.370591073258002,0.));
#4492=CARTESIAN_POINT('Ctrl Pts',(20.3724964000758,-0.36459808667592,0.));
#4493=CARTESIAN_POINT('Ctrl Pts',(20.5465452114968,-0.360108143627871,0.));
#4494=CARTESIAN_POINT('Ctrl Pts',(20.7185329691376,-0.356787101989594,0.));
#4495=CARTESIAN_POINT('Ctrl Pts',(20.8883559552082,-0.354300874578963,0.));
#4496=CARTESIAN_POINT('Ctrl Pts',(21.0558920425104,-0.352319152767635,0.));
#4497=CARTESIAN_POINT('Ctrl Pts',(21.2210176856092,-0.350537689254212,0.));
#4498=CARTESIAN_POINT('Ctrl Pts',(21.3836208281069,-0.348695872788689,0.));
#4499=CARTESIAN_POINT('Ctrl Pts',(21.5436163219605,-0.346597508620195,0.));
#4500=CARTESIAN_POINT('Ctrl Pts',(21.700958168925,-0.344126915428887,0.));
#4501=CARTESIAN_POINT('Ctrl Pts',(21.8246933346763,-0.341806660643673,0.));
#4502=CARTESIAN_POINT('Ctrl Pts',(21.9162906395289,-0.339864801465046,0.));
#4503=CARTESIAN_POINT('Ctrl Pts',(21.9768207111572,-0.33848064928937,0.));
#4504=CARTESIAN_POINT('Ctrl Pts',(22.0069520476705,-0.337766178787351,0.));
#4505=CARTESIAN_POINT('',(12.8760700300043,-4.98225456820765,0.));
#4506=CARTESIAN_POINT('Origin',(0.00478510466395576,-0.00391206709661307,
0.));
#4507=CARTESIAN_POINT('',(4.03833616994345,-13.2018033945566,0.));
#4508=CARTESIAN_POINT('Origin',(0.00478510466395576,-0.00391206709661307,
0.));
#4509=CARTESIAN_POINT('',(4.03833616994345,-13.2018033945566,0.));
#4510=CARTESIAN_POINT('Ctrl Pts',(1.8762435558388,-16.5483789021515,0.));
#4511=CARTESIAN_POINT('Ctrl Pts',(1.8762435558388,-16.5483789021515,0.8));
#4512=CARTESIAN_POINT('Ctrl Pts',(1.88476429856238,-16.5348036641231,0.));
#4513=CARTESIAN_POINT('Ctrl Pts',(1.88476429856238,-16.5348036641231,0.8));
#4514=CARTESIAN_POINT('Ctrl Pts',(1.90180860657751,-16.5076572702325,0.));
#4515=CARTESIAN_POINT('Ctrl Pts',(1.90180860657751,-16.5076572702325,0.8));
#4516=CARTESIAN_POINT('Ctrl Pts',(1.92738353630181,-16.4669499258946,0.));
#4517=CARTESIAN_POINT('Ctrl Pts',(1.92738353630181,-16.4669499258946,0.8));
#4518=CARTESIAN_POINT('Ctrl Pts',(1.96150038905457,-16.4126979757369,0.));
#4519=CARTESIAN_POINT('Ctrl Pts',(1.96150038905457,-16.4126979757369,0.8));
#4520=CARTESIAN_POINT('Ctrl Pts',(2.00417467379616,-16.3449239369406,0.));
#4521=CARTESIAN_POINT('Ctrl Pts',(2.00417467379616,-16.3449239369406,0.8));
#4522=CARTESIAN_POINT('Ctrl Pts',(2.04687699077142,-16.2771907887176,0.));
#4523=CARTESIAN_POINT('Ctrl Pts',(2.04687699077142,-16.2771907887176,0.8));
#4524=CARTESIAN_POINT('Ctrl Pts',(2.089606882027,-16.2094983928082,0.));
#4525=CARTESIAN_POINT('Ctrl Pts',(2.089606882027,-16.2094983928082,0.8));
#4526=CARTESIAN_POINT('Ctrl Pts',(2.13236350895635,-16.1418464097457,0.));
#4527=CARTESIAN_POINT('Ctrl Pts',(2.13236350895635,-16.1418464097457,0.8));
#4528=CARTESIAN_POINT('Ctrl Pts',(2.17514553663675,-16.0742342243492,0.));
#4529=CARTESIAN_POINT('Ctrl Pts',(2.17514553663675,-16.0742342243492,0.8));
#4530=CARTESIAN_POINT('Ctrl Pts',(2.21795147223246,-16.0066610548024,0.));
#4531=CARTESIAN_POINT('Ctrl Pts',(2.21795147223246,-16.0066610548024,0.8));
#4532=CARTESIAN_POINT('Ctrl Pts',(2.26078000635919,-15.9391260624026,0.));
#4533=CARTESIAN_POINT('Ctrl Pts',(2.26078000635919,-15.9391260624026,0.8));
#4534=CARTESIAN_POINT('Ctrl Pts',(2.30363035529903,-15.8716284602175,0.));
#4535=CARTESIAN_POINT('Ctrl Pts',(2.30363035529903,-15.8716284602175,0.8));
#4536=CARTESIAN_POINT('Ctrl Pts',(2.34650259793781,-15.8041676201041,0.));
#4537=CARTESIAN_POINT('Ctrl Pts',(2.34650259793781,-15.8041676201041,0.8));
#4538=CARTESIAN_POINT('Ctrl Pts',(2.38939803131868,-15.7367431826075,0.));
#4539=CARTESIAN_POINT('Ctrl Pts',(2.38939803131868,-15.7367431826075,0.8));
#4540=CARTESIAN_POINT('Ctrl Pts',(2.43231859496977,-15.6693549835318,0.));
#4541=CARTESIAN_POINT('Ctrl Pts',(2.43231859496977,-15.6693549835318,0.8));
#4542=CARTESIAN_POINT('Ctrl Pts',(2.47526628015298,-15.6020029769201,0.));
#4543=CARTESIAN_POINT('Ctrl Pts',(2.47526628015298,-15.6020029769201,0.8));
#4544=CARTESIAN_POINT('Ctrl Pts',(2.51824253999766,-15.5346871580661,0.));
#4545=CARTESIAN_POINT('Ctrl Pts',(2.51824253999766,-15.5346871580661,0.8));
#4546=CARTESIAN_POINT('Ctrl Pts',(2.56124770797421,-15.4674074871996,0.));
#4547=CARTESIAN_POINT('Ctrl Pts',(2.56124770797421,-15.4674074871996,0.8));
#4548=CARTESIAN_POINT('Ctrl Pts',(2.60428038076516,-15.4001638076199,0.));
#4549=CARTESIAN_POINT('Ctrl Pts',(2.60428038076516,-15.4001638076199,0.8));
#4550=CARTESIAN_POINT('Ctrl Pts',(2.64733820016099,-15.3329559663697,0.));
#4551=CARTESIAN_POINT('Ctrl Pts',(2.64733820016099,-15.3329559663697,0.8));
#4552=CARTESIAN_POINT('Ctrl Pts',(2.69041866499938,-15.2657839385728,0.));
#4553=CARTESIAN_POINT('Ctrl Pts',(2.69041866499938,-15.2657839385728,0.8));
#4554=CARTESIAN_POINT('Ctrl Pts',(2.73351993710373,-15.1986479513342,0.));
#4555=CARTESIAN_POINT('Ctrl Pts',(2.73351993710373,-15.1986479513342,0.8));
#4556=CARTESIAN_POINT('Ctrl Pts',(2.77664163483637,-15.1315486036371,0.));
#4557=CARTESIAN_POINT('Ctrl Pts',(2.77664163483637,-15.1315486036371,0.8));
#4558=CARTESIAN_POINT('Ctrl Pts',(2.81978567683436,-15.0644869981171,0.));
#4559=CARTESIAN_POINT('Ctrl Pts',(2.81978567683436,-15.0644869981171,0.8));
#4560=CARTESIAN_POINT('Ctrl Pts',(2.86295530378557,-14.9974644314264,0.));
#4561=CARTESIAN_POINT('Ctrl Pts',(2.86295530378557,-14.9974644314264,0.8));
#4562=CARTESIAN_POINT('Ctrl Pts',(2.90615405270916,-14.9304820727944,0.));
#4563=CARTESIAN_POINT('Ctrl Pts',(2.90615405270916,-14.9304820727944,0.8));
#4564=CARTESIAN_POINT('Ctrl Pts',(2.94938474163236,-14.8635406428191,0.));
#4565=CARTESIAN_POINT('Ctrl Pts',(2.94938474163236,-14.8635406428191,0.8));
#4566=CARTESIAN_POINT('Ctrl Pts',(2.99264846606994,-14.7966400967898,0.));
#4567=CARTESIAN_POINT('Ctrl Pts',(2.99264846606994,-14.7966400967898,0.8));
#4568=CARTESIAN_POINT('Ctrl Pts',(3.03594353605967,-14.7297792846444,0.));
#4569=CARTESIAN_POINT('Ctrl Pts',(3.03594353605967,-14.7297792846444,0.8));
#4570=CARTESIAN_POINT('Ctrl Pts',(3.07926649573738,-14.6629563824151,0.));
#4571=CARTESIAN_POINT('Ctrl Pts',(3.07926649573738,-14.6629563824151,0.8));
#4572=CARTESIAN_POINT('Ctrl Pts',(3.12261319920378,-14.5961693436551,0.));
#4573=CARTESIAN_POINT('Ctrl Pts',(3.12261319920378,-14.5961693436551,0.8));
#4574=CARTESIAN_POINT('Ctrl Pts',(3.16597986892221,-14.5294163443994,0.));
#4575=CARTESIAN_POINT('Ctrl Pts',(3.16597986892221,-14.5294163443994,0.8));
#4576=CARTESIAN_POINT('Ctrl Pts',(3.20936414574933,-14.4626962235552,0.));
#4577=CARTESIAN_POINT('Ctrl Pts',(3.20936414574933,-14.4626962235552,0.8));
#4578=CARTESIAN_POINT('Ctrl Pts',(3.25276618653081,-14.3960089435429,0.));
#4579=CARTESIAN_POINT('Ctrl Pts',(3.25276618653081,-14.3960089435429,0.8));
#4580=CARTESIAN_POINT('Ctrl Pts',(3.29618792759755,-14.3293552641515,0.));
#4581=CARTESIAN_POINT('Ctrl Pts',(3.29618792759755,-14.3293552641515,0.8));
#4582=CARTESIAN_POINT('Ctrl Pts',(3.33963229937359,-14.2627363950938,0.));
#4583=CARTESIAN_POINT('Ctrl Pts',(3.33963229937359,-14.2627363950938,0.8));
#4584=CARTESIAN_POINT('Ctrl Pts',(3.38310245839726,-14.1961536554398,0.));
#4585=CARTESIAN_POINT('Ctrl Pts',(3.38310245839726,-14.1961536554398,0.8));
#4586=CARTESIAN_POINT('Ctrl Pts',(3.42660102011585,-14.1296081331697,0.));
#4587=CARTESIAN_POINT('Ctrl Pts',(3.42660102011585,-14.1296081331697,0.8));
#4588=CARTESIAN_POINT('Ctrl Pts',(3.47012926924359,-14.0631003339193,0.));
#4589=CARTESIAN_POINT('Ctrl Pts',(3.47012926924359,-14.0631003339193,0.8));
#4590=CARTESIAN_POINT('Ctrl Pts',(3.51368741377536,-13.9966303056098,0.));
#4591=CARTESIAN_POINT('Ctrl Pts',(3.51368741377536,-13.9966303056098,0.8));
#4592=CARTESIAN_POINT('Ctrl Pts',(3.55727486270803,-13.9301977734141,0.));
#4593=CARTESIAN_POINT('Ctrl Pts',(3.55727486270803,-13.9301977734141,0.8));
#4594=CARTESIAN_POINT('Ctrl Pts',(3.60089049236946,-13.8638022692343,0.));
#4595=CARTESIAN_POINT('Ctrl Pts',(3.60089049236946,-13.8638022692343,0.8));
#4596=CARTESIAN_POINT('Ctrl Pts',(3.64453291386623,-13.7974432610592,0.));
#4597=CARTESIAN_POINT('Ctrl Pts',(3.64453291386623,-13.7974432610592,0.8));
#4598=CARTESIAN_POINT('Ctrl Pts',(3.68820074147483,-13.7311202830285,0.));
#4599=CARTESIAN_POINT('Ctrl Pts',(3.68820074147483,-13.7311202830285,0.8));
#4600=CARTESIAN_POINT('Ctrl Pts',(3.73189264619754,-13.6648329311786,0.));
#4601=CARTESIAN_POINT('Ctrl Pts',(3.73189264619754,-13.6648329311786,0.8));
#4602=CARTESIAN_POINT('Ctrl Pts',(3.77560740451634,-13.5985808559515,0.));
#4603=CARTESIAN_POINT('Ctrl Pts',(3.77560740451634,-13.5985808559515,0.8));
#4604=CARTESIAN_POINT('Ctrl Pts',(3.81934394863844,-13.5323637550536,0.));
#4605=CARTESIAN_POINT('Ctrl Pts',(3.81934394863844,-13.5323637550536,0.8));
#4606=CARTESIAN_POINT('Ctrl Pts',(3.86310141555186,-13.4661813653505,0.));
#4607=CARTESIAN_POINT('Ctrl Pts',(3.86310141555186,-13.4661813653505,0.8));
#4608=CARTESIAN_POINT('Ctrl Pts',(3.90687919728089,-13.4000334541384,0.));
#4609=CARTESIAN_POINT('Ctrl Pts',(3.90687919728089,-13.4000334541384,0.8));
#4610=CARTESIAN_POINT('Ctrl Pts',(3.95067689824643,-13.3339198274137,0.));
#4611=CARTESIAN_POINT('Ctrl Pts',(3.95067689824643,-13.3339198274137,0.8));
#4612=CARTESIAN_POINT('Ctrl Pts',(3.98573081302824,-13.2810562356783,0.));
#4613=CARTESIAN_POINT('Ctrl Pts',(3.98573081302824,-13.2810562356783,0.8));
#4614=CARTESIAN_POINT('Ctrl Pts',(4.01203006522967,-13.2414238614028,0.));
#4615=CARTESIAN_POINT('Ctrl Pts',(4.01203006522967,-13.2414238614028,0.8));
#4616=CARTESIAN_POINT('Ctrl Pts',(4.02956681575191,-13.2150090827978,0.));
#4617=CARTESIAN_POINT('Ctrl Pts',(4.02956681575191,-13.2150090827978,0.8));
#4618=CARTESIAN_POINT('Ctrl Pts',(4.03833616994345,-13.2018033945566,0.));
#4619=CARTESIAN_POINT('Ctrl Pts',(4.03833616994345,-13.2018033945566,0.8));
#4620=CARTESIAN_POINT('',(1.8762435558388,-16.5483789021515,0.));
#4621=CARTESIAN_POINT('Ctrl Pts',(1.8762435558388,-16.5483789021515,0.));
#4622=CARTESIAN_POINT('Ctrl Pts',(1.88476429856238,-16.5348036641231,0.));
#4623=CARTESIAN_POINT('Ctrl Pts',(1.90180860657751,-16.5076572702325,0.));
#4624=CARTESIAN_POINT('Ctrl Pts',(1.92738353630181,-16.4669499258946,0.));
#4625=CARTESIAN_POINT('Ctrl Pts',(1.96150038905457,-16.4126979757369,0.));
#4626=CARTESIAN_POINT('Ctrl Pts',(2.00417467379616,-16.3449239369406,0.));
#4627=CARTESIAN_POINT('Ctrl Pts',(2.04687699077142,-16.2771907887176,0.));
#4628=CARTESIAN_POINT('Ctrl Pts',(2.089606882027,-16.2094983928082,0.));
#4629=CARTESIAN_POINT('Ctrl Pts',(2.13236350895635,-16.1418464097457,0.));
#4630=CARTESIAN_POINT('Ctrl Pts',(2.17514553663675,-16.0742342243492,0.));
#4631=CARTESIAN_POINT('Ctrl Pts',(2.21795147223246,-16.0066610548024,0.));
#4632=CARTESIAN_POINT('Ctrl Pts',(2.26078000635919,-15.9391260624026,0.));
#4633=CARTESIAN_POINT('Ctrl Pts',(2.30363035529903,-15.8716284602175,0.));
#4634=CARTESIAN_POINT('Ctrl Pts',(2.34650259793781,-15.8041676201041,0.));
#4635=CARTESIAN_POINT('Ctrl Pts',(2.38939803131868,-15.7367431826075,0.));
#4636=CARTESIAN_POINT('Ctrl Pts',(2.43231859496977,-15.6693549835318,0.));
#4637=CARTESIAN_POINT('Ctrl Pts',(2.47526628015298,-15.6020029769201,0.));
#4638=CARTESIAN_POINT('Ctrl Pts',(2.51824253999766,-15.5346871580661,0.));
#4639=CARTESIAN_POINT('Ctrl Pts',(2.56124770797421,-15.4674074871996,0.));
#4640=CARTESIAN_POINT('Ctrl Pts',(2.60428038076516,-15.4001638076199,0.));
#4641=CARTESIAN_POINT('Ctrl Pts',(2.64733820016099,-15.3329559663697,0.));
#4642=CARTESIAN_POINT('Ctrl Pts',(2.69041866499938,-15.2657839385728,0.));
#4643=CARTESIAN_POINT('Ctrl Pts',(2.73351993710373,-15.1986479513342,0.));
#4644=CARTESIAN_POINT('Ctrl Pts',(2.77664163483637,-15.1315486036371,0.));
#4645=CARTESIAN_POINT('Ctrl Pts',(2.81978567683436,-15.0644869981171,0.));
#4646=CARTESIAN_POINT('Ctrl Pts',(2.86295530378557,-14.9974644314264,0.));
#4647=CARTESIAN_POINT('Ctrl Pts',(2.90615405270916,-14.9304820727944,0.));
#4648=CARTESIAN_POINT('Ctrl Pts',(2.94938474163236,-14.8635406428191,0.));
#4649=CARTESIAN_POINT('Ctrl Pts',(2.99264846606994,-14.7966400967898,0.));
#4650=CARTESIAN_POINT('Ctrl Pts',(3.03594353605967,-14.7297792846444,0.));
#4651=CARTESIAN_POINT('Ctrl Pts',(3.07926649573738,-14.6629563824151,0.));
#4652=CARTESIAN_POINT('Ctrl Pts',(3.12261319920378,-14.5961693436551,0.));
#4653=CARTESIAN_POINT('Ctrl Pts',(3.16597986892221,-14.5294163443994,0.));
#4654=CARTESIAN_POINT('Ctrl Pts',(3.20936414574933,-14.4626962235552,0.));
#4655=CARTESIAN_POINT('Ctrl Pts',(3.25276618653081,-14.3960089435429,0.));
#4656=CARTESIAN_POINT('Ctrl Pts',(3.29618792759755,-14.3293552641515,0.));
#4657=CARTESIAN_POINT('Ctrl Pts',(3.33963229937359,-14.2627363950938,0.));
#4658=CARTESIAN_POINT('Ctrl Pts',(3.38310245839726,-14.1961536554398,0.));
#4659=CARTESIAN_POINT('Ctrl Pts',(3.42660102011585,-14.1296081331697,0.));
#4660=CARTESIAN_POINT('Ctrl Pts',(3.47012926924359,-14.0631003339193,0.));
#4661=CARTESIAN_POINT('Ctrl Pts',(3.51368741377536,-13.9966303056098,0.));
#4662=CARTESIAN_POINT('Ctrl Pts',(3.55727486270803,-13.9301977734141,0.));
#4663=CARTESIAN_POINT('Ctrl Pts',(3.60089049236946,-13.8638022692343,0.));
#4664=CARTESIAN_POINT('Ctrl Pts',(3.64453291386623,-13.7974432610592,0.));
#4665=CARTESIAN_POINT('Ctrl Pts',(3.68820074147483,-13.7311202830285,0.));
#4666=CARTESIAN_POINT('Ctrl Pts',(3.73189264619754,-13.6648329311786,0.));
#4667=CARTESIAN_POINT('Ctrl Pts',(3.77560740451634,-13.5985808559515,0.));
#4668=CARTESIAN_POINT('Ctrl Pts',(3.81934394863844,-13.5323637550536,0.));
#4669=CARTESIAN_POINT('Ctrl Pts',(3.86310141555186,-13.4661813653505,0.));
#4670=CARTESIAN_POINT('Ctrl Pts',(3.90687919728089,-13.4000334541384,0.));
#4671=CARTESIAN_POINT('Ctrl Pts',(3.95067689824643,-13.3339198274137,0.));
#4672=CARTESIAN_POINT('Ctrl Pts',(3.98573081302824,-13.2810562356783,0.));
#4673=CARTESIAN_POINT('Ctrl Pts',(4.01203006522967,-13.2414238614028,0.));
#4674=CARTESIAN_POINT('Ctrl Pts',(4.02956681575191,-13.2150090827978,0.));
#4675=CARTESIAN_POINT('Ctrl Pts',(4.03833616994345,-13.2018033945566,0.));
#4676=CARTESIAN_POINT('',(1.8762435558388,-16.5483789021515,0.));
#4677=CARTESIAN_POINT('Ctrl Pts',(20.8670983167199,-7.0018406473117,0.));
#4678=CARTESIAN_POINT('Ctrl Pts',(20.8670983167199,-7.0018406473117,0.8));
#4679=CARTESIAN_POINT('Ctrl Pts',(20.7843227683752,-7.05076768528801,0.));
#4680=CARTESIAN_POINT('Ctrl Pts',(20.7843227683752,-7.05076768528801,0.8));
#4681=CARTESIAN_POINT('Ctrl Pts',(20.6189306178479,-7.14840459070755,0.));
#4682=CARTESIAN_POINT('Ctrl Pts',(20.6189306178479,-7.14840459070755,0.8));
#4683=CARTESIAN_POINT('Ctrl Pts',(20.3713192304264,-7.29420843728119,0.));
#4684=CARTESIAN_POINT('Ctrl Pts',(20.3713192304264,-7.29420843728119,0.8));
#4685=CARTESIAN_POINT('Ctrl Pts',(20.0421250127662,-7.48730969386803,0.));
#4686=CARTESIAN_POINT('Ctrl Pts',(20.0421250127662,-7.48730969386803,0.8));
#4687=CARTESIAN_POINT('Ctrl Pts',(19.6322264152242,-7.72650744279042,0.));
#4688=CARTESIAN_POINT('Ctrl Pts',(19.6322264152242,-7.72650744279042,0.8));
#4689=CARTESIAN_POINT('Ctrl Pts',(19.2239267955865,-7.96351778897461,0.));
#4690=CARTESIAN_POINT('Ctrl Pts',(19.2239267955865,-7.96351778897461,0.8));
#4691=CARTESIAN_POINT('Ctrl Pts',(18.8172310171026,-8.19833001501692,0.));
#4692=CARTESIAN_POINT('Ctrl Pts',(18.8172310171026,-8.19833001501692,0.8));
#4693=CARTESIAN_POINT('Ctrl Pts',(18.4121430000483,-8.43093203799614,0.));
#4694=CARTESIAN_POINT('Ctrl Pts',(18.4121430000483,-8.43093203799614,0.8));
#4695=CARTESIAN_POINT('Ctrl Pts',(18.008664451804,-8.66131124957789,0.));
#4696=CARTESIAN_POINT('Ctrl Pts',(18.008664451804,-8.66131124957789,0.8));
#4697=CARTESIAN_POINT('Ctrl Pts',(17.6067944289841,-8.88945529339752,0.));
#4698=CARTESIAN_POINT('Ctrl Pts',(17.6067944289841,-8.88945529339752,0.8));
#4699=CARTESIAN_POINT('Ctrl Pts',(17.2065296950678,-9.11535277281764,0.));
#4700=CARTESIAN_POINT('Ctrl Pts',(17.2065296950678,-9.11535277281764,0.8));
#4701=CARTESIAN_POINT('Ctrl Pts',(16.8078648135415,-9.33899405554911,0.));
#4702=CARTESIAN_POINT('Ctrl Pts',(16.8078648135415,-9.33899405554911,0.8));
#4703=CARTESIAN_POINT('Ctrl Pts',(16.4107922970794,-9.56037206499035,0.));
#4704=CARTESIAN_POINT('Ctrl Pts',(16.4107922970794,-9.56037206499035,0.8));
#4705=CARTESIAN_POINT('Ctrl Pts',(16.015302682961,-9.77948324526542,0.));
#4706=CARTESIAN_POINT('Ctrl Pts',(16.015302682961,-9.77948324526542,0.8));
#4707=CARTESIAN_POINT('Ctrl Pts',(15.6213845835303,-9.9963282368981,0.));
#4708=CARTESIAN_POINT('Ctrl Pts',(15.6213845835303,-9.9963282368981,0.8));
#4709=CARTESIAN_POINT('Ctrl Pts',(15.2290246529135,-10.2109105834988,0.));
#4710=CARTESIAN_POINT('Ctrl Pts',(15.2290246529135,-10.2109105834988,0.8));
#4711=CARTESIAN_POINT('Ctrl Pts',(14.8382075280209,-10.4232357314601,0.));
#4712=CARTESIAN_POINT('Ctrl Pts',(14.8382075280209,-10.4232357314601,0.8));
#4713=CARTESIAN_POINT('Ctrl Pts',(14.448915727346,-10.6333099690131,0.));
#4714=CARTESIAN_POINT('Ctrl Pts',(14.448915727346,-10.6333099690131,0.8));
#4715=CARTESIAN_POINT('Ctrl Pts',(14.0611295253799,-10.8411394961169,0.));
#4716=CARTESIAN_POINT('Ctrl Pts',(14.0611295253799,-10.8411394961169,0.8));
#4717=CARTESIAN_POINT('Ctrl Pts',(13.6748267670936,-11.0467294027344,0.));
#4718=CARTESIAN_POINT('Ctrl Pts',(13.6748267670936,-11.0467294027344,0.8));
#4719=CARTESIAN_POINT('Ctrl Pts',(13.2899830530059,-11.2500846081519,0.));
#4720=CARTESIAN_POINT('Ctrl Pts',(13.2899830530059,-11.2500846081519,0.8));
#4721=CARTESIAN_POINT('Ctrl Pts',(12.906571920893,-11.4512109573021,0.));
#4722=CARTESIAN_POINT('Ctrl Pts',(12.906571920893,-11.4512109573021,0.8));
#4723=CARTESIAN_POINT('Ctrl Pts',(12.524564980734,-11.6501163679991,0.));
#4724=CARTESIAN_POINT('Ctrl Pts',(12.524564980734,-11.6501163679991,0.8));
#4725=CARTESIAN_POINT('Ctrl Pts',(12.1439320285973,-11.8468119226532,0.));
#4726=CARTESIAN_POINT('Ctrl Pts',(12.1439320285973,-11.8468119226532,0.8));
#4727=CARTESIAN_POINT('Ctrl Pts',(11.7646411093557,-12.0413133225542,0.));
#4728=CARTESIAN_POINT('Ctrl Pts',(11.7646411093557,-12.0413133225542,0.8));
#4729=CARTESIAN_POINT('Ctrl Pts',(11.3866586794965,-12.2336399846357,0.));
#4730=CARTESIAN_POINT('Ctrl Pts',(11.3866586794965,-12.2336399846357,0.8));
#4731=CARTESIAN_POINT('Ctrl Pts',(11.00994976284,-12.4238137065859,0.));
#4732=CARTESIAN_POINT('Ctrl Pts',(11.00994976284,-12.4238137065859,0.8));
#4733=CARTESIAN_POINT('Ctrl Pts',(10.634478075871,-12.6118575195205,0.));
#4734=CARTESIAN_POINT('Ctrl Pts',(10.634478075871,-12.6118575195205,0.8));
#4735=CARTESIAN_POINT('Ctrl Pts',(10.260206111061,-12.7977945896969,0.));
#4736=CARTESIAN_POINT('Ctrl Pts',(10.260206111061,-12.7977945896969,0.8));
#4737=CARTESIAN_POINT('Ctrl Pts',(9.88709523704827,-12.9816469991956,0.));
#4738=CARTESIAN_POINT('Ctrl Pts',(9.88709523704827,-12.9816469991956,0.8));
#4739=CARTESIAN_POINT('Ctrl Pts',(9.51510542932322,-13.1634360474546,0.));
#4740=CARTESIAN_POINT('Ctrl Pts',(9.51510542932322,-13.1634360474546,0.8));
#4741=CARTESIAN_POINT('Ctrl Pts',(9.14419491336693,-13.3431828922765,0.));
#4742=CARTESIAN_POINT('Ctrl Pts',(9.14419491336693,-13.3431828922765,0.8));
#4743=CARTESIAN_POINT('Ctrl Pts',(8.77431978941799,-13.5209091383298,0.));
#4744=CARTESIAN_POINT('Ctrl Pts',(8.77431978941799,-13.5209091383298,0.8));
#4745=CARTESIAN_POINT('Ctrl Pts',(8.40543365991809,-13.6966374827663,0.));
#4746=CARTESIAN_POINT('Ctrl Pts',(8.40543365991809,-13.6966374827663,0.8));
#4747=CARTESIAN_POINT('Ctrl Pts',(8.03748713359617,-13.8703924612267,0.));
#4748=CARTESIAN_POINT('Ctrl Pts',(8.03748713359617,-13.8703924612267,0.8));
#4749=CARTESIAN_POINT('Ctrl Pts',(7.67042900566259,-14.0422000024865,0.));
#4750=CARTESIAN_POINT('Ctrl Pts',(7.67042900566259,-14.0422000024865,0.8));
#4751=CARTESIAN_POINT('Ctrl Pts',(7.30420757486405,-14.2120869222732,0.));
#4752=CARTESIAN_POINT('Ctrl Pts',(7.30420757486405,-14.2120869222732,0.8));
#4753=CARTESIAN_POINT('Ctrl Pts',(6.93877182707888,-14.3800805062678,0.));
#4754=CARTESIAN_POINT('Ctrl Pts',(6.93877182707888,-14.3800805062678,0.8));
#4755=CARTESIAN_POINT('Ctrl Pts',(6.57407278355934,-14.5462080865313,0.));
#4756=CARTESIAN_POINT('Ctrl Pts',(6.57407278355934,-14.5462080865313,0.8));
#4757=CARTESIAN_POINT('Ctrl Pts',(6.21006438764265,-14.7104967470039,0.));
#4758=CARTESIAN_POINT('Ctrl Pts',(6.21006438764265,-14.7104967470039,0.8));
#4759=CARTESIAN_POINT('Ctrl Pts',(5.84670080111668,-14.8729737195768,0.));
#4760=CARTESIAN_POINT('Ctrl Pts',(5.84670080111668,-14.8729737195768,0.8));
#4761=CARTESIAN_POINT('Ctrl Pts',(5.48393379586282,-15.0336668142784,0.));
#4762=CARTESIAN_POINT('Ctrl Pts',(5.48393379586282,-15.0336668142784,0.8));
#4763=CARTESIAN_POINT('Ctrl Pts',(5.1217104785771,-15.1926047836535,0.));
#4764=CARTESIAN_POINT('Ctrl Pts',(5.1217104785771,-15.1926047836535,0.8));
#4765=CARTESIAN_POINT('Ctrl Pts',(4.75996991473416,-15.3498180160224,0.));
#4766=CARTESIAN_POINT('Ctrl Pts',(4.75996991473416,-15.3498180160224,0.8));
#4767=CARTESIAN_POINT('Ctrl Pts',(4.39864333059801,-15.5053383057591,0.));
#4768=CARTESIAN_POINT('Ctrl Pts',(4.39864333059801,-15.5053383057591,0.8));
#4769=CARTESIAN_POINT('Ctrl Pts',(4.03766080949398,-15.6591969166997,0.));
#4770=CARTESIAN_POINT('Ctrl Pts',(4.03766080949398,-15.6591969166997,0.8));
#4771=CARTESIAN_POINT('Ctrl Pts',(3.67695679772293,-15.8114230054937,0.));
#4772=CARTESIAN_POINT('Ctrl Pts',(3.67695679772293,-15.8114230054937,0.8));
#4773=CARTESIAN_POINT('Ctrl Pts',(3.31647553970942,-15.9620420639534,0.));
#4774=CARTESIAN_POINT('Ctrl Pts',(3.31647553970942,-15.9620420639534,0.8));
#4775=CARTESIAN_POINT('Ctrl Pts',(2.95617792243107,-16.1110740884297,0.));
#4776=CARTESIAN_POINT('Ctrl Pts',(2.95617792243107,-16.1110740884297,0.8));
#4777=CARTESIAN_POINT('Ctrl Pts',(2.59604072208772,-16.2585334577705,0.));
#4778=CARTESIAN_POINT('Ctrl Pts',(2.59604072208772,-16.2585334577705,0.8));
#4779=CARTESIAN_POINT('Ctrl Pts',(2.3080497112013,-16.3752504546529,0.));
#4780=CARTESIAN_POINT('Ctrl Pts',(2.3080497112013,-16.3752504546529,0.8));
#4781=CARTESIAN_POINT('Ctrl Pts',(2.09212139686346,-16.4620871368327,0.));
#4782=CARTESIAN_POINT('Ctrl Pts',(2.09212139686346,-16.4620871368327,0.8));
#4783=CARTESIAN_POINT('Ctrl Pts',(1.94819802908732,-16.5196668772493,0.));
#4784=CARTESIAN_POINT('Ctrl Pts',(1.94819802908732,-16.5196668772493,0.8));
#4785=CARTESIAN_POINT('Ctrl Pts',(1.8762435558388,-16.5483789021515,0.));
#4786=CARTESIAN_POINT('Ctrl Pts',(1.8762435558388,-16.5483789021515,0.8));
#4787=CARTESIAN_POINT('',(20.8670983167199,-7.0018406473117,0.));
#4788=CARTESIAN_POINT('Ctrl Pts',(20.8670983167199,-7.0018406473117,0.));
#4789=CARTESIAN_POINT('Ctrl Pts',(20.7843227683752,-7.05076768528801,0.));
#4790=CARTESIAN_POINT('Ctrl Pts',(20.6189306178479,-7.14840459070755,0.));
#4791=CARTESIAN_POINT('Ctrl Pts',(20.3713192304264,-7.29420843728119,0.));
#4792=CARTESIAN_POINT('Ctrl Pts',(20.0421250127662,-7.48730969386803,0.));
#4793=CARTESIAN_POINT('Ctrl Pts',(19.6322264152242,-7.72650744279042,0.));
#4794=CARTESIAN_POINT('Ctrl Pts',(19.2239267955865,-7.96351778897461,0.));
#4795=CARTESIAN_POINT('Ctrl Pts',(18.8172310171026,-8.19833001501692,0.));
#4796=CARTESIAN_POINT('Ctrl Pts',(18.4121430000483,-8.43093203799614,0.));
#4797=CARTESIAN_POINT('Ctrl Pts',(18.008664451804,-8.66131124957789,0.));
#4798=CARTESIAN_POINT('Ctrl Pts',(17.6067944289841,-8.88945529339752,0.));
#4799=CARTESIAN_POINT('Ctrl Pts',(17.2065296950678,-9.11535277281764,0.));
#4800=CARTESIAN_POINT('Ctrl Pts',(16.8078648135415,-9.33899405554911,0.));
#4801=CARTESIAN_POINT('Ctrl Pts',(16.4107922970794,-9.56037206499035,0.));
#4802=CARTESIAN_POINT('Ctrl Pts',(16.015302682961,-9.77948324526542,0.));
#4803=CARTESIAN_POINT('Ctrl Pts',(15.6213845835303,-9.9963282368981,0.));
#4804=CARTESIAN_POINT('Ctrl Pts',(15.2290246529135,-10.2109105834988,0.));
#4805=CARTESIAN_POINT('Ctrl Pts',(14.8382075280209,-10.4232357314601,0.));
#4806=CARTESIAN_POINT('Ctrl Pts',(14.448915727346,-10.6333099690131,0.));
#4807=CARTESIAN_POINT('Ctrl Pts',(14.0611295253799,-10.8411394961169,0.));
#4808=CARTESIAN_POINT('Ctrl Pts',(13.6748267670936,-11.0467294027344,0.));
#4809=CARTESIAN_POINT('Ctrl Pts',(13.2899830530059,-11.2500846081519,0.));
#4810=CARTESIAN_POINT('Ctrl Pts',(12.906571920893,-11.4512109573021,0.));
#4811=CARTESIAN_POINT('Ctrl Pts',(12.524564980734,-11.6501163679991,0.));
#4812=CARTESIAN_POINT('Ctrl Pts',(12.1439320285973,-11.8468119226532,0.));
#4813=CARTESIAN_POINT('Ctrl Pts',(11.7646411093557,-12.0413133225542,0.));
#4814=CARTESIAN_POINT('Ctrl Pts',(11.3866586794965,-12.2336399846357,0.));
#4815=CARTESIAN_POINT('Ctrl Pts',(11.00994976284,-12.4238137065859,0.));
#4816=CARTESIAN_POINT('Ctrl Pts',(10.634478075871,-12.6118575195205,0.));
#4817=CARTESIAN_POINT('Ctrl Pts',(10.260206111061,-12.7977945896969,0.));
#4818=CARTESIAN_POINT('Ctrl Pts',(9.88709523704827,-12.9816469991956,0.));
#4819=CARTESIAN_POINT('Ctrl Pts',(9.51510542932322,-13.1634360474546,0.));
#4820=CARTESIAN_POINT('Ctrl Pts',(9.14419491336693,-13.3431828922765,0.));
#4821=CARTESIAN_POINT('Ctrl Pts',(8.77431978941799,-13.5209091383298,0.));
#4822=CARTESIAN_POINT('Ctrl Pts',(8.40543365991809,-13.6966374827663,0.));
#4823=CARTESIAN_POINT('Ctrl Pts',(8.03748713359617,-13.8703924612267,0.));
#4824=CARTESIAN_POINT('Ctrl Pts',(7.67042900566259,-14.0422000024865,0.));
#4825=CARTESIAN_POINT('Ctrl Pts',(7.30420757486405,-14.2120869222732,0.));
#4826=CARTESIAN_POINT('Ctrl Pts',(6.93877182707888,-14.3800805062678,0.));
#4827=CARTESIAN_POINT('Ctrl Pts',(6.57407278355934,-14.5462080865313,0.));
#4828=CARTESIAN_POINT('Ctrl Pts',(6.21006438764265,-14.7104967470039,0.));
#4829=CARTESIAN_POINT('Ctrl Pts',(5.84670080111668,-14.8729737195768,0.));
#4830=CARTESIAN_POINT('Ctrl Pts',(5.48393379586282,-15.0336668142784,0.));
#4831=CARTESIAN_POINT('Ctrl Pts',(5.1217104785771,-15.1926047836535,0.));
#4832=CARTESIAN_POINT('Ctrl Pts',(4.75996991473416,-15.3498180160224,0.));
#4833=CARTESIAN_POINT('Ctrl Pts',(4.39864333059801,-15.5053383057591,0.));
#4834=CARTESIAN_POINT('Ctrl Pts',(4.03766080949398,-15.6591969166997,0.));
#4835=CARTESIAN_POINT('Ctrl Pts',(3.67695679772293,-15.8114230054937,0.));
#4836=CARTESIAN_POINT('Ctrl Pts',(3.31647553970942,-15.9620420639534,0.));
#4837=CARTESIAN_POINT('Ctrl Pts',(2.95617792243107,-16.1110740884297,0.));
#4838=CARTESIAN_POINT('Ctrl Pts',(2.59604072208772,-16.2585334577705,0.));
#4839=CARTESIAN_POINT('Ctrl Pts',(2.3080497112013,-16.3752504546529,0.));
#4840=CARTESIAN_POINT('Ctrl Pts',(2.09212139686346,-16.4620871368327,0.));
#4841=CARTESIAN_POINT('Ctrl Pts',(1.94819802908732,-16.5196668772493,0.));
#4842=CARTESIAN_POINT('Ctrl Pts',(1.8762435558388,-16.5483789021515,0.));
#4843=CARTESIAN_POINT('',(20.8670983167199,-7.0018406473117,0.));
#4844=CARTESIAN_POINT('Origin',(-0.0671061032377196,0.0227794493767752,
0.));
#4845=CARTESIAN_POINT('',(20.3622077184848,-8.3575152335653,0.));
#4846=CARTESIAN_POINT('Origin',(-0.0671061032377196,0.0227794493767752,
0.));
#4847=CARTESIAN_POINT('',(20.3622077184848,-8.3575152335653,0.));
#4848=CARTESIAN_POINT('Ctrl Pts',(1.04592724415179,-17.8873204365534,0.));
#4849=CARTESIAN_POINT('Ctrl Pts',(1.04592724415179,-17.8873204365534,0.8));
#4850=CARTESIAN_POINT('Ctrl Pts',(1.12277735562748,-17.8582233612468,0.));
#4851=CARTESIAN_POINT('Ctrl Pts',(1.12277735562748,-17.8582233612468,0.8));
#4852=CARTESIAN_POINT('Ctrl Pts',(1.27644902357016,-17.7999026798212,0.));
#4853=CARTESIAN_POINT('Ctrl Pts',(1.27644902357016,-17.7999026798212,0.8));
#4854=CARTESIAN_POINT('Ctrl Pts',(1.50687086016064,-17.7120420655257,0.));
#4855=CARTESIAN_POINT('Ctrl Pts',(1.50687086016064,-17.7120420655257,0.8));
#4856=CARTESIAN_POINT('Ctrl Pts',(1.81392853594214,-17.5941348985889,0.));
#4857=CARTESIAN_POINT('Ctrl Pts',(1.81392853594214,-17.5941348985889,0.8));
#4858=CARTESIAN_POINT('Ctrl Pts',(2.19746600413665,-17.4454797069389,0.));
#4859=CARTESIAN_POINT('Ctrl Pts',(2.19746600413665,-17.4454797069389,0.8));
#4860=CARTESIAN_POINT('Ctrl Pts',(2.58072333789646,-17.2955429109107,0.));
#4861=CARTESIAN_POINT('Ctrl Pts',(2.58072333789646,-17.2955429109107,0.8));
#4862=CARTESIAN_POINT('Ctrl Pts',(2.96371029349875,-17.1443075845548,0.));
#4863=CARTESIAN_POINT('Ctrl Pts',(2.96371029349875,-17.1443075845548,0.8));
#4864=CARTESIAN_POINT('Ctrl Pts',(3.34644410539659,-16.9917487022898,0.));
#4865=CARTESIAN_POINT('Ctrl Pts',(3.34644410539659,-16.9917487022898,0.8));
#4866=CARTESIAN_POINT('Ctrl Pts',(3.72895080158779,-16.8378323981366,0.));
#4867=CARTESIAN_POINT('Ctrl Pts',(3.72895080158779,-16.8378323981366,0.8));
#4868=CARTESIAN_POINT('Ctrl Pts',(4.11126242398299,-16.6825187458063,0.));
#4869=CARTESIAN_POINT('Ctrl Pts',(4.11126242398299,-16.6825187458063,0.8));
#4870=CARTESIAN_POINT('Ctrl Pts',(4.49341476955229,-16.525764159402,0.));
#4871=CARTESIAN_POINT('Ctrl Pts',(4.49341476955229,-16.525764159402,0.8));
#4872=CARTESIAN_POINT('Ctrl Pts',(4.87544507166244,-16.36752378825,0.));
#4873=CARTESIAN_POINT('Ctrl Pts',(4.87544507166244,-16.36752378825,0.8));
#4874=CARTESIAN_POINT('Ctrl Pts',(5.25738941877871,-16.2077543793813,0.));
#4875=CARTESIAN_POINT('Ctrl Pts',(5.25738941877871,-16.2077543793813,0.8));
#4876=CARTESIAN_POINT('Ctrl Pts',(5.63928131179667,-16.0464155159254,0.));
#4877=CARTESIAN_POINT('Ctrl Pts',(5.63928131179667,-16.0464155159254,0.8));
#4878=CARTESIAN_POINT('Ctrl Pts',(6.0211523407295,-15.8834679007921,0.));
#4879=CARTESIAN_POINT('Ctrl Pts',(6.0211523407295,-15.8834679007921,0.8));
#4880=CARTESIAN_POINT('Ctrl Pts',(6.40303238055856,-15.7188722924375,0.));
#4881=CARTESIAN_POINT('Ctrl Pts',(6.40303238055856,-15.7188722924375,0.8));
#4882=CARTESIAN_POINT('Ctrl Pts',(6.78494997789509,-15.5525883360701,0.));
#4883=CARTESIAN_POINT('Ctrl Pts',(6.78494997789509,-15.5525883360701,0.8));
#4884=CARTESIAN_POINT('Ctrl Pts',(7.16693264837043,-15.3845732112206,0.));
#4885=CARTESIAN_POINT('Ctrl Pts',(7.16693264837043,-15.3845732112206,0.8));
#4886=CARTESIAN_POINT('Ctrl Pts',(7.54900722076648,-15.2147815028089,0.));
#4887=CARTESIAN_POINT('Ctrl Pts',(7.54900722076648,-15.2147815028089,0.8));
#4888=CARTESIAN_POINT('Ctrl Pts',(7.93120016255306,-15.0431662519098,0.));
#4889=CARTESIAN_POINT('Ctrl Pts',(7.93120016255306,-15.0431662519098,0.8));
#4890=CARTESIAN_POINT('Ctrl Pts',(8.31353792993132,-14.8696797446184,0.));
#4891=CARTESIAN_POINT('Ctrl Pts',(8.31353792993132,-14.8696797446184,0.8));
#4892=CARTESIAN_POINT('Ctrl Pts',(8.69604725980706,-14.6942743968028,0.));
#4893=CARTESIAN_POINT('Ctrl Pts',(8.69604725980706,-14.6942743968028,0.8));
#4894=CARTESIAN_POINT('Ctrl Pts',(9.07875559444407,-14.516903800431,0.));
#4895=CARTESIAN_POINT('Ctrl Pts',(9.07875559444407,-14.516903800431,0.8));
#4896=CARTESIAN_POINT('Ctrl Pts',(9.46169089963621,-14.3375230136289,0.));
#4897=CARTESIAN_POINT('Ctrl Pts',(9.46169089963621,-14.3375230136289,0.8));
#4898=CARTESIAN_POINT('Ctrl Pts',(9.84488115662174,-14.1560884217209,0.));
#4899=CARTESIAN_POINT('Ctrl Pts',(9.84488115662174,-14.1560884217209,0.8));
#4900=CARTESIAN_POINT('Ctrl Pts',(10.2283539365855,-13.9725578043441,0.));
#4901=CARTESIAN_POINT('Ctrl Pts',(10.2283539365855,-13.9725578043441,0.8));
#4902=CARTESIAN_POINT('Ctrl Pts',(10.6121359615769,-13.78689034216,0.));
#4903=CARTESIAN_POINT('Ctrl Pts',(10.6121359615769,-13.78689034216,0.8));
#4904=CARTESIAN_POINT('Ctrl Pts',(10.9962525891012,-13.5990468054186,0.));
#4905=CARTESIAN_POINT('Ctrl Pts',(10.9962525891012,-13.5990468054186,0.8));
#4906=CARTESIAN_POINT('Ctrl Pts',(11.3807277432636,-13.4089891947171,0.));
#4907=CARTESIAN_POINT('Ctrl Pts',(11.3807277432636,-13.4089891947171,0.8));
#4908=CARTESIAN_POINT('Ctrl Pts',(11.7655840206117,-13.216680226403,0.));
#4909=CARTESIAN_POINT('Ctrl Pts',(11.7655840206117,-13.216680226403,0.8));
#4910=CARTESIAN_POINT('Ctrl Pts',(12.1508427210216,-13.0220828981331,0.));
#4911=CARTESIAN_POINT('Ctrl Pts',(12.1508427210216,-13.0220828981331,0.8));
#4912=CARTESIAN_POINT('Ctrl Pts',(12.5365239066032,-12.8251601540547,0.));
#4913=CARTESIAN_POINT('Ctrl Pts',(12.5365239066032,-12.8251601540547,0.8));
#4914=CARTESIAN_POINT('Ctrl Pts',(12.9226464058274,-12.6258743981485,0.));
#4915=CARTESIAN_POINT('Ctrl Pts',(12.9226464058274,-12.6258743981485,0.8));
#4916=CARTESIAN_POINT('Ctrl Pts',(13.3092279942835,-12.4241881934688,0.));
#4917=CARTESIAN_POINT('Ctrl Pts',(13.3092279942835,-12.4241881934688,0.8));
#4918=CARTESIAN_POINT('Ctrl Pts',(13.6962856208432,-12.220065385195,0.));
#4919=CARTESIAN_POINT('Ctrl Pts',(13.6962856208432,-12.220065385195,0.8));
#4920=CARTESIAN_POINT('Ctrl Pts',(14.0838356156728,-12.0134722034152,0.));
#4921=CARTESIAN_POINT('Ctrl Pts',(14.0838356156728,-12.0134722034152,0.8));
#4922=CARTESIAN_POINT('Ctrl Pts',(14.4718938660501,-11.8043783298022,0.));
#4923=CARTESIAN_POINT('Ctrl Pts',(14.4718938660501,-11.8043783298022,0.8));
#4924=CARTESIAN_POINT('Ctrl Pts',(14.8604760526443,-11.5927583597536,0.));
#4925=CARTESIAN_POINT('Ctrl Pts',(14.8604760526443,-11.5927583597536,0.8));
#4926=CARTESIAN_POINT('Ctrl Pts',(15.2495975149555,-11.3785915737945,0.));
#4927=CARTESIAN_POINT('Ctrl Pts',(15.2495975149555,-11.3785915737945,0.8));
#4928=CARTESIAN_POINT('Ctrl Pts',(15.6392729428885,-11.1618609665909,0.));
#4929=CARTESIAN_POINT('Ctrl Pts',(15.6392729428885,-11.1618609665909,0.8));
#4930=CARTESIAN_POINT('Ctrl Pts',(16.0295160998794,-10.9425525649839,0.));
#4931=CARTESIAN_POINT('Ctrl Pts',(16.0295160998794,-10.9425525649839,0.8));
#4932=CARTESIAN_POINT('Ctrl Pts',(16.420339533101,-10.7206547613389,0.));
#4933=CARTESIAN_POINT('Ctrl Pts',(16.420339533101,-10.7206547613389,0.8));
#4934=CARTESIAN_POINT('Ctrl Pts',(16.8117542251671,-10.4961575875938,0.));
#4935=CARTESIAN_POINT('Ctrl Pts',(16.8117542251671,-10.4961575875938,0.8));
#4936=CARTESIAN_POINT('Ctrl Pts',(17.2037694398822,-10.2690526464998,0.));
#4937=CARTESIAN_POINT('Ctrl Pts',(17.2037694398822,-10.2690526464998,0.8));
#4938=CARTESIAN_POINT('Ctrl Pts',(17.596392741317,-10.0393335954355,0.));
#4939=CARTESIAN_POINT('Ctrl Pts',(17.596392741317,-10.0393335954355,0.8));
#4940=CARTESIAN_POINT('Ctrl Pts',(17.9896299304236,-9.80699659040296,0.));
#4941=CARTESIAN_POINT('Ctrl Pts',(17.9896299304236,-9.80699659040296,0.8));
#4942=CARTESIAN_POINT('Ctrl Pts',(18.3834850229329,-9.57204072516968,0.));
#4943=CARTESIAN_POINT('Ctrl Pts',(18.3834850229329,-9.57204072516968,0.8));
#4944=CARTESIAN_POINT('Ctrl Pts',(18.7779601168373,-9.33446879851107,0.));
#4945=CARTESIAN_POINT('Ctrl Pts',(18.7779601168373,-9.33446879851107,0.8));
#4946=CARTESIAN_POINT('Ctrl Pts',(19.1730555162479,-9.09428722214633,0.));
#4947=CARTESIAN_POINT('Ctrl Pts',(19.1730555162479,-9.09428722214633,0.8));
#4948=CARTESIAN_POINT('Ctrl Pts',(19.5687704321269,-8.85150392400116,0.));
#4949=CARTESIAN_POINT('Ctrl Pts',(19.5687704321269,-8.85150392400116,0.8));
#4950=CARTESIAN_POINT('Ctrl Pts',(19.8858369247469,-8.65520216794676,0.));
#4951=CARTESIAN_POINT('Ctrl Pts',(19.8858369247469,-8.65520216794676,0.8));
#4952=CARTESIAN_POINT('Ctrl Pts',(20.12391442464,-8.50681129019843,0.));
#4953=CARTESIAN_POINT('Ctrl Pts',(20.12391442464,-8.50681129019843,0.8));
#4954=CARTESIAN_POINT('Ctrl Pts',(20.2827560687264,-8.40736679330841,0.));
#4955=CARTESIAN_POINT('Ctrl Pts',(20.2827560687264,-8.40736679330841,0.8));
#4956=CARTESIAN_POINT('Ctrl Pts',(20.3622077184848,-8.35751523356529,0.));
#4957=CARTESIAN_POINT('Ctrl Pts',(20.3622077184848,-8.35751523356529,0.8));
#4958=CARTESIAN_POINT('',(1.04592724415179,-17.8873204365534,0.));
#4959=CARTESIAN_POINT('Ctrl Pts',(1.04592724415179,-17.8873204365534,0.));
#4960=CARTESIAN_POINT('Ctrl Pts',(1.12277735562748,-17.8582233612468,0.));
#4961=CARTESIAN_POINT('Ctrl Pts',(1.27644902357016,-17.7999026798212,0.));
#4962=CARTESIAN_POINT('Ctrl Pts',(1.50687086016064,-17.7120420655257,0.));
#4963=CARTESIAN_POINT('Ctrl Pts',(1.81392853594214,-17.5941348985889,0.));
#4964=CARTESIAN_POINT('Ctrl Pts',(2.19746600413665,-17.4454797069389,0.));
#4965=CARTESIAN_POINT('Ctrl Pts',(2.58072333789646,-17.2955429109107,0.));
#4966=CARTESIAN_POINT('Ctrl Pts',(2.96371029349875,-17.1443075845548,0.));
#4967=CARTESIAN_POINT('Ctrl Pts',(3.34644410539659,-16.9917487022898,0.));
#4968=CARTESIAN_POINT('Ctrl Pts',(3.72895080158779,-16.8378323981366,0.));
#4969=CARTESIAN_POINT('Ctrl Pts',(4.11126242398299,-16.6825187458063,0.));
#4970=CARTESIAN_POINT('Ctrl Pts',(4.49341476955229,-16.525764159402,0.));
#4971=CARTESIAN_POINT('Ctrl Pts',(4.87544507166244,-16.36752378825,0.));
#4972=CARTESIAN_POINT('Ctrl Pts',(5.25738941877871,-16.2077543793813,0.));
#4973=CARTESIAN_POINT('Ctrl Pts',(5.63928131179667,-16.0464155159254,0.));
#4974=CARTESIAN_POINT('Ctrl Pts',(6.0211523407295,-15.8834679007921,0.));
#4975=CARTESIAN_POINT('Ctrl Pts',(6.40303238055856,-15.7188722924375,0.));
#4976=CARTESIAN_POINT('Ctrl Pts',(6.78494997789509,-15.5525883360701,0.));
#4977=CARTESIAN_POINT('Ctrl Pts',(7.16693264837043,-15.3845732112206,0.));
#4978=CARTESIAN_POINT('Ctrl Pts',(7.54900722076648,-15.2147815028089,0.));
#4979=CARTESIAN_POINT('Ctrl Pts',(7.93120016255306,-15.0431662519098,0.));
#4980=CARTESIAN_POINT('Ctrl Pts',(8.31353792993132,-14.8696797446184,0.));
#4981=CARTESIAN_POINT('Ctrl Pts',(8.69604725980706,-14.6942743968028,0.));
#4982=CARTESIAN_POINT('Ctrl Pts',(9.07875559444407,-14.516903800431,0.));
#4983=CARTESIAN_POINT('Ctrl Pts',(9.46169089963621,-14.3375230136289,0.));
#4984=CARTESIAN_POINT('Ctrl Pts',(9.84488115662174,-14.1560884217209,0.));
#4985=CARTESIAN_POINT('Ctrl Pts',(10.2283539365855,-13.9725578043441,0.));
#4986=CARTESIAN_POINT('Ctrl Pts',(10.6121359615769,-13.78689034216,0.));
#4987=CARTESIAN_POINT('Ctrl Pts',(10.9962525891012,-13.5990468054186,0.));
#4988=CARTESIAN_POINT('Ctrl Pts',(11.3807277432636,-13.4089891947171,0.));
#4989=CARTESIAN_POINT('Ctrl Pts',(11.7655840206117,-13.216680226403,0.));
#4990=CARTESIAN_POINT('Ctrl Pts',(12.1508427210216,-13.0220828981331,0.));
#4991=CARTESIAN_POINT('Ctrl Pts',(12.5365239066032,-12.8251601540547,0.));
#4992=CARTESIAN_POINT('Ctrl Pts',(12.9226464058274,-12.6258743981485,0.));
#4993=CARTESIAN_POINT('Ctrl Pts',(13.3092279942835,-12.4241881934688,0.));
#4994=CARTESIAN_POINT('Ctrl Pts',(13.6962856208432,-12.220065385195,0.));
#4995=CARTESIAN_POINT('Ctrl Pts',(14.0838356156728,-12.0134722034152,0.));
#4996=CARTESIAN_POINT('Ctrl Pts',(14.4718938660501,-11.8043783298022,0.));
#4997=CARTESIAN_POINT('Ctrl Pts',(14.8604760526443,-11.5927583597536,0.));
#4998=CARTESIAN_POINT('Ctrl Pts',(15.2495975149555,-11.3785915737945,0.));
#4999=CARTESIAN_POINT('Ctrl Pts',(15.6392729428885,-11.1618609665909,0.));
#5000=CARTESIAN_POINT('Ctrl Pts',(16.0295160998794,-10.9425525649839,0.));
#5001=CARTESIAN_POINT('Ctrl Pts',(16.420339533101,-10.7206547613389,0.));
#5002=CARTESIAN_POINT('Ctrl Pts',(16.8117542251671,-10.4961575875938,0.));
#5003=CARTESIAN_POINT('Ctrl Pts',(17.2037694398822,-10.2690526464998,0.));
#5004=CARTESIAN_POINT('Ctrl Pts',(17.596392741317,-10.0393335954355,0.));
#5005=CARTESIAN_POINT('Ctrl Pts',(17.9896299304236,-9.80699659040296,0.));
#5006=CARTESIAN_POINT('Ctrl Pts',(18.3834850229329,-9.57204072516968,0.));
#5007=CARTESIAN_POINT('Ctrl Pts',(18.7779601168373,-9.33446879851107,0.));
#5008=CARTESIAN_POINT('Ctrl Pts',(19.1730555162479,-9.09428722214633,0.));
#5009=CARTESIAN_POINT('Ctrl Pts',(19.5687704321269,-8.85150392400116,0.));
#5010=CARTESIAN_POINT('Ctrl Pts',(19.8858369247469,-8.65520216794676,0.));
#5011=CARTESIAN_POINT('Ctrl Pts',(20.12391442464,-8.50681129019843,0.));
#5012=CARTESIAN_POINT('Ctrl Pts',(20.2827560687264,-8.40736679330841,0.));
#5013=CARTESIAN_POINT('Ctrl Pts',(20.3622077184848,-8.35751523356529,0.));
#5014=CARTESIAN_POINT('',(1.04592724415179,-17.8873204365534,0.));
#5015=CARTESIAN_POINT('Ctrl Pts',(-1.3302756824236,-21.9100858761154,0.));
#5016=CARTESIAN_POINT('Ctrl Pts',(-1.3302756824236,-21.9100858761154,0.8));
#5017=CARTESIAN_POINT('Ctrl Pts',(-1.3209555755757,-21.8937208460078,0.));
#5018=CARTESIAN_POINT('Ctrl Pts',(-1.3209555755757,-21.8937208460078,0.8));
#5019=CARTESIAN_POINT('Ctrl Pts',(-1.3023123020952,-21.860996024513,0.));
#5020=CARTESIAN_POINT('Ctrl Pts',(-1.3023123020952,-21.860996024513,0.8));
#5021=CARTESIAN_POINT('Ctrl Pts',(-1.27433821251616,-21.8119245084313,0.));
#5022=CARTESIAN_POINT('Ctrl Pts',(-1.27433821251616,-21.8119245084313,0.8));
#5023=CARTESIAN_POINT('Ctrl Pts',(-1.23702105577414,-21.7465272731188,0.));
#5024=CARTESIAN_POINT('Ctrl Pts',(-1.23702105577414,-21.7465272731188,0.8));
#5025=CARTESIAN_POINT('Ctrl Pts',(-1.19034374186304,-21.66483330487,0.));
#5026=CARTESIAN_POINT('Ctrl Pts',(-1.19034374186304,-21.66483330487,0.8));
#5027=CARTESIAN_POINT('Ctrl Pts',(-1.14363492973852,-21.5831921705391,0.));
#5028=CARTESIAN_POINT('Ctrl Pts',(-1.14363492973852,-21.5831921705391,0.8));
#5029=CARTESIAN_POINT('Ctrl Pts',(-1.09689344737978,-21.5016042310127,0.));
#5030=CARTESIAN_POINT('Ctrl Pts',(-1.09689344737978,-21.5016042310127,0.8));
#5031=CARTESIAN_POINT('Ctrl Pts',(-1.05011742361827,-21.4200699481953,0.));
#5032=CARTESIAN_POINT('Ctrl Pts',(-1.05011742361827,-21.4200699481953,0.8));
#5033=CARTESIAN_POINT('Ctrl Pts',(-1.0033041171648,-21.3385898833257,0.));
#5034=CARTESIAN_POINT('Ctrl Pts',(-1.0033041171648,-21.3385898833257,0.8));
#5035=CARTESIAN_POINT('Ctrl Pts',(-0.956450533600239,-21.2571646316522,
0.));
#5036=CARTESIAN_POINT('Ctrl Pts',(-0.956450533600239,-21.2571646316522,
0.8));
#5037=CARTESIAN_POINT('Ctrl Pts',(-0.909554052383079,-21.1757947553215,
0.));
#5038=CARTESIAN_POINT('Ctrl Pts',(-0.909554052383079,-21.1757947553215,
0.8));
#5039=CARTESIAN_POINT('Ctrl Pts',(-0.862613057763562,-21.0944807148961,
0.));
#5040=CARTESIAN_POINT('Ctrl Pts',(-0.862613057763562,-21.0944807148961,
0.8));
#5041=CARTESIAN_POINT('Ctrl Pts',(-0.815627557790724,-21.013222800789,0.));
#5042=CARTESIAN_POINT('Ctrl Pts',(-0.815627557790724,-21.013222800789,0.8));
#5043=CARTESIAN_POINT('Ctrl Pts',(-0.768599851089706,-20.9320210596252,
0.));
#5044=CARTESIAN_POINT('Ctrl Pts',(-0.768599851089706,-20.9320210596252,
0.8));
#5045=CARTESIAN_POINT('Ctrl Pts',(-0.721533591902725,-20.850875354549,0.));
#5046=CARTESIAN_POINT('Ctrl Pts',(-0.721533591902725,-20.850875354549,0.8));
#5047=CARTESIAN_POINT('Ctrl Pts',(-0.674432815495764,-20.7697854280752,
0.));
#5048=CARTESIAN_POINT('Ctrl Pts',(-0.674432815495764,-20.7697854280752,
0.8));
#5049=CARTESIAN_POINT('Ctrl Pts',(-0.627300972627793,-20.6887509620541,
0.));
#5050=CARTESIAN_POINT('Ctrl Pts',(-0.627300972627793,-20.6887509620541,
0.8));
#5051=CARTESIAN_POINT('Ctrl Pts',(-0.580139979393079,-20.6077716371675,
0.));
#5052=CARTESIAN_POINT('Ctrl Pts',(-0.580139979393079,-20.6077716371675,
0.8));
#5053=CARTESIAN_POINT('Ctrl Pts',(-0.532949206157706,-20.526847190693,0.));
#5054=CARTESIAN_POINT('Ctrl Pts',(-0.532949206157706,-20.526847190693,0.8));
#5055=CARTESIAN_POINT('Ctrl Pts',(-0.485726191675488,-20.4459774784236,
0.));
#5056=CARTESIAN_POINT('Ctrl Pts',(-0.485726191675488,-20.4459774784236,
0.8));
#5057=CARTESIAN_POINT('Ctrl Pts',(-0.438467420165181,-20.3651625348313,
0.));
#5058=CARTESIAN_POINT('Ctrl Pts',(-0.438467420165181,-20.3651625348313,
0.8));
#5059=CARTESIAN_POINT('Ctrl Pts',(-0.391169077371195,-20.2844026348125,
0.));
#5060=CARTESIAN_POINT('Ctrl Pts',(-0.391169077371195,-20.2844026348125,
0.8));
#5061=CARTESIAN_POINT('Ctrl Pts',(-0.343827804625646,-20.203698349235,0.));
#5062=CARTESIAN_POINT('Ctrl Pts',(-0.343827804625646,-20.203698349235,0.8));
#5063=CARTESIAN_POINT('Ctrl Pts',(-0.296441483883742,-20.1230506147561,
0.));
#5064=CARTESIAN_POINT('Ctrl Pts',(-0.296441483883742,-20.1230506147561,
0.8));
#5065=CARTESIAN_POINT('Ctrl Pts',(-0.249009174768436,-20.042460443495,0.));
#5066=CARTESIAN_POINT('Ctrl Pts',(-0.249009174768436,-20.042460443495,0.8));
#5067=CARTESIAN_POINT('Ctrl Pts',(-0.201531014420286,-19.9619286182914,
0.));
#5068=CARTESIAN_POINT('Ctrl Pts',(-0.201531014420286,-19.9619286182914,
0.8));
#5069=CARTESIAN_POINT('Ctrl Pts',(-0.154008137854197,-19.8814553861512,
0.));
#5070=CARTESIAN_POINT('Ctrl Pts',(-0.154008137854197,-19.8814553861512,
0.8));
#5071=CARTESIAN_POINT('Ctrl Pts',(-0.106442587617897,-19.8010401612996,
0.));
#5072=CARTESIAN_POINT('Ctrl Pts',(-0.106442587617897,-19.8010401612996,
0.8));
#5073=CARTESIAN_POINT('Ctrl Pts',(-0.0588372486006508,-19.7206811885861,
0.));
#5074=CARTESIAN_POINT('Ctrl Pts',(-0.0588372486006508,-19.7206811885861,
0.8));
#5075=CARTESIAN_POINT('Ctrl Pts',(-0.0111953173032468,-19.6403761060285,
0.));
#5076=CARTESIAN_POINT('Ctrl Pts',(-0.0111953173032468,-19.6403761060285,
0.8));
#5077=CARTESIAN_POINT('Ctrl Pts',(0.0364802451908695,-19.5601225437368,
0.));
#5078=CARTESIAN_POINT('Ctrl Pts',(0.0364802451908695,-19.5601225437368,
0.8));
#5079=CARTESIAN_POINT('Ctrl Pts',(0.0841872603348653,-19.4799187143609,
0.));
#5080=CARTESIAN_POINT('Ctrl Pts',(0.0841872603348653,-19.4799187143609,
0.8));
#5081=CARTESIAN_POINT('Ctrl Pts',(0.131924864371221,-19.3997639913115,0.));
#5082=CARTESIAN_POINT('Ctrl Pts',(0.131924864371221,-19.3997639913115,0.8));
#5083=CARTESIAN_POINT('Ctrl Pts',(0.179694091508956,-19.319659535493,0.));
#5084=CARTESIAN_POINT('Ctrl Pts',(0.179694091508956,-19.319659535493,0.8));
#5085=CARTESIAN_POINT('Ctrl Pts',(0.227497205105777,-19.2396076770828,0.));
#5086=CARTESIAN_POINT('Ctrl Pts',(0.227497205105777,-19.2396076770828,0.8));
#5087=CARTESIAN_POINT('Ctrl Pts',(0.275336977566268,-19.1596112451676,0.));
#5088=CARTESIAN_POINT('Ctrl Pts',(0.275336977566268,-19.1596112451676,0.8));
#5089=CARTESIAN_POINT('Ctrl Pts',(0.323215984087523,-19.0796729118001,0.));
#5090=CARTESIAN_POINT('Ctrl Pts',(0.323215984087523,-19.0796729118001,0.8));
#5091=CARTESIAN_POINT('Ctrl Pts',(0.371135902973653,-18.9997945400469,0.));
#5092=CARTESIAN_POINT('Ctrl Pts',(0.371135902973653,-18.9997945400469,0.8));
#5093=CARTESIAN_POINT('Ctrl Pts',(0.419096773625644,-18.9199764955681,0.));
#5094=CARTESIAN_POINT('Ctrl Pts',(0.419096773625644,-18.9199764955681,0.8));
#5095=CARTESIAN_POINT('Ctrl Pts',(0.467097483956477,-18.8402180170662,0.));
#5096=CARTESIAN_POINT('Ctrl Pts',(0.467097483956477,-18.8402180170662,0.8));
#5097=CARTESIAN_POINT('Ctrl Pts',(0.515136301722776,-18.7605176242651,0.));
#5098=CARTESIAN_POINT('Ctrl Pts',(0.515136301722776,-18.7605176242651,0.8));
#5099=CARTESIAN_POINT('Ctrl Pts',(0.563211389407717,-18.6808735100187,0.));
#5100=CARTESIAN_POINT('Ctrl Pts',(0.563211389407717,-18.6808735100187,0.8));
#5101=CARTESIAN_POINT('Ctrl Pts',(0.611321317856024,-18.601283932248,0.));
#5102=CARTESIAN_POINT('Ctrl Pts',(0.611321317856024,-18.601283932248,0.8));
#5103=CARTESIAN_POINT('Ctrl Pts',(0.659465597557422,-18.5217476150815,0.));
#5104=CARTESIAN_POINT('Ctrl Pts',(0.659465597557422,-18.5217476150815,0.8));
#5105=CARTESIAN_POINT('Ctrl Pts',(0.707644440784507,-18.4422636684639,0.));
#5106=CARTESIAN_POINT('Ctrl Pts',(0.707644440784507,-18.4422636684639,0.8));
#5107=CARTESIAN_POINT('Ctrl Pts',(0.755858501836746,-18.3628314930898,0.));
#5108=CARTESIAN_POINT('Ctrl Pts',(0.755858501836746,-18.3628314930898,0.8));
#5109=CARTESIAN_POINT('Ctrl Pts',(0.804108625094612,-18.2834506899303,0.));
#5110=CARTESIAN_POINT('Ctrl Pts',(0.804108625094612,-18.2834506899303,0.8));
#5111=CARTESIAN_POINT('Ctrl Pts',(0.852395591074424,-18.2041209674931,0.));
#5112=CARTESIAN_POINT('Ctrl Pts',(0.852395591074424,-18.2041209674931,0.8));
#5113=CARTESIAN_POINT('Ctrl Pts',(0.900719858044362,-18.124842047517,0.));
#5114=CARTESIAN_POINT('Ctrl Pts',(0.900719858044362,-18.124842047517,0.8));
#5115=CARTESIAN_POINT('Ctrl Pts',(0.949081639743898,-18.0456136825463,0.));
#5116=CARTESIAN_POINT('Ctrl Pts',(0.949081639743898,-18.0456136825463,0.8));
#5117=CARTESIAN_POINT('Ctrl Pts',(0.987801117954496,-17.9822712761239,0.));
#5118=CARTESIAN_POINT('Ctrl Pts',(0.987801117954496,-17.9822712761239,0.8));
#5119=CARTESIAN_POINT('Ctrl Pts',(1.01685761688556,-17.9347870726491,0.));
#5120=CARTESIAN_POINT('Ctrl Pts',(1.01685761688556,-17.9347870726491,0.8));
#5121=CARTESIAN_POINT('Ctrl Pts',(1.03623611807888,-17.9031409755016,0.));
#5122=CARTESIAN_POINT('Ctrl Pts',(1.03623611807888,-17.9031409755016,0.8));
#5123=CARTESIAN_POINT('Ctrl Pts',(1.04592724415179,-17.8873204365534,0.));
#5124=CARTESIAN_POINT('Ctrl Pts',(1.04592724415179,-17.8873204365534,0.8));
#5125=CARTESIAN_POINT('',(-1.3302756824236,-21.9100858761154,0.));
#5126=CARTESIAN_POINT('Ctrl Pts',(-1.3302756824236,-21.9100858761154,0.));
#5127=CARTESIAN_POINT('Ctrl Pts',(-1.3209555755757,-21.8937208460078,0.));
#5128=CARTESIAN_POINT('Ctrl Pts',(-1.3023123020952,-21.860996024513,0.));
#5129=CARTESIAN_POINT('Ctrl Pts',(-1.27433821251616,-21.8119245084313,0.));
#5130=CARTESIAN_POINT('Ctrl Pts',(-1.23702105577414,-21.7465272731188,0.));
#5131=CARTESIAN_POINT('Ctrl Pts',(-1.19034374186304,-21.66483330487,0.));
#5132=CARTESIAN_POINT('Ctrl Pts',(-1.14363492973852,-21.5831921705391,0.));
#5133=CARTESIAN_POINT('Ctrl Pts',(-1.09689344737978,-21.5016042310127,0.));
#5134=CARTESIAN_POINT('Ctrl Pts',(-1.05011742361827,-21.4200699481953,0.));
#5135=CARTESIAN_POINT('Ctrl Pts',(-1.0033041171648,-21.3385898833257,0.));
#5136=CARTESIAN_POINT('Ctrl Pts',(-0.956450533600239,-21.2571646316522,
0.));
#5137=CARTESIAN_POINT('Ctrl Pts',(-0.909554052383079,-21.1757947553215,
0.));
#5138=CARTESIAN_POINT('Ctrl Pts',(-0.862613057763562,-21.0944807148961,
0.));
#5139=CARTESIAN_POINT('Ctrl Pts',(-0.815627557790724,-21.013222800789,0.));
#5140=CARTESIAN_POINT('Ctrl Pts',(-0.768599851089706,-20.9320210596252,
0.));
#5141=CARTESIAN_POINT('Ctrl Pts',(-0.721533591902725,-20.850875354549,0.));
#5142=CARTESIAN_POINT('Ctrl Pts',(-0.674432815495764,-20.7697854280752,
0.));
#5143=CARTESIAN_POINT('Ctrl Pts',(-0.627300972627793,-20.6887509620541,
0.));
#5144=CARTESIAN_POINT('Ctrl Pts',(-0.580139979393079,-20.6077716371675,
0.));
#5145=CARTESIAN_POINT('Ctrl Pts',(-0.532949206157706,-20.526847190693,0.));
#5146=CARTESIAN_POINT('Ctrl Pts',(-0.485726191675488,-20.4459774784236,
0.));
#5147=CARTESIAN_POINT('Ctrl Pts',(-0.438467420165181,-20.3651625348313,
0.));
#5148=CARTESIAN_POINT('Ctrl Pts',(-0.391169077371195,-20.2844026348125,
0.));
#5149=CARTESIAN_POINT('Ctrl Pts',(-0.343827804625646,-20.203698349235,0.));
#5150=CARTESIAN_POINT('Ctrl Pts',(-0.296441483883742,-20.1230506147561,
0.));
#5151=CARTESIAN_POINT('Ctrl Pts',(-0.249009174768436,-20.042460443495,0.));
#5152=CARTESIAN_POINT('Ctrl Pts',(-0.201531014420286,-19.9619286182914,
0.));
#5153=CARTESIAN_POINT('Ctrl Pts',(-0.154008137854197,-19.8814553861512,
0.));
#5154=CARTESIAN_POINT('Ctrl Pts',(-0.106442587617897,-19.8010401612996,
0.));
#5155=CARTESIAN_POINT('Ctrl Pts',(-0.0588372486006508,-19.7206811885861,
0.));
#5156=CARTESIAN_POINT('Ctrl Pts',(-0.0111953173032468,-19.6403761060285,
0.));
#5157=CARTESIAN_POINT('Ctrl Pts',(0.0364802451908695,-19.5601225437368,
0.));
#5158=CARTESIAN_POINT('Ctrl Pts',(0.0841872603348653,-19.4799187143609,
0.));
#5159=CARTESIAN_POINT('Ctrl Pts',(0.131924864371221,-19.3997639913115,0.));
#5160=CARTESIAN_POINT('Ctrl Pts',(0.179694091508956,-19.319659535493,0.));
#5161=CARTESIAN_POINT('Ctrl Pts',(0.227497205105777,-19.2396076770828,0.));
#5162=CARTESIAN_POINT('Ctrl Pts',(0.275336977566268,-19.1596112451676,0.));
#5163=CARTESIAN_POINT('Ctrl Pts',(0.323215984087523,-19.0796729118001,0.));
#5164=CARTESIAN_POINT('Ctrl Pts',(0.371135902973653,-18.9997945400469,0.));
#5165=CARTESIAN_POINT('Ctrl Pts',(0.419096773625644,-18.9199764955681,0.));
#5166=CARTESIAN_POINT('Ctrl Pts',(0.467097483956477,-18.8402180170662,0.));
#5167=CARTESIAN_POINT('Ctrl Pts',(0.515136301722776,-18.7605176242651,0.));
#5168=CARTESIAN_POINT('Ctrl Pts',(0.563211389407717,-18.6808735100187,0.));
#5169=CARTESIAN_POINT('Ctrl Pts',(0.611321317856024,-18.601283932248,0.));
#5170=CARTESIAN_POINT('Ctrl Pts',(0.659465597557422,-18.5217476150815,0.));
#5171=CARTESIAN_POINT('Ctrl Pts',(0.707644440784507,-18.4422636684639,0.));
#5172=CARTESIAN_POINT('Ctrl Pts',(0.755858501836746,-18.3628314930898,0.));
#5173=CARTESIAN_POINT('Ctrl Pts',(0.804108625094612,-18.2834506899303,0.));
#5174=CARTESIAN_POINT('Ctrl Pts',(0.852395591074424,-18.2041209674931,0.));
#5175=CARTESIAN_POINT('Ctrl Pts',(0.900719858044362,-18.124842047517,0.));
#5176=CARTESIAN_POINT('Ctrl Pts',(0.949081639743898,-18.0456136825463,0.));
#5177=CARTESIAN_POINT('Ctrl Pts',(0.987801117954496,-17.9822712761239,0.));
#5178=CARTESIAN_POINT('Ctrl Pts',(1.01685761688556,-17.9347870726491,0.));
#5179=CARTESIAN_POINT('Ctrl Pts',(1.03623611807888,-17.9031409755016,0.));
#5180=CARTESIAN_POINT('Ctrl Pts',(1.04592724415179,-17.8873204365534,0.));
#5181=CARTESIAN_POINT('',(-1.3302756824236,-21.9100858761154,0.));
#5182=CARTESIAN_POINT('Origin',(0.0829768885923096,-0.0230550984857203,
0.));
#5183=CARTESIAN_POINT('',(-2.34888631101068,-21.8204274279389,0.));
#5184=CARTESIAN_POINT('Origin',(0.0829768885923096,-0.0230550984857203,
0.));
#5185=CARTESIAN_POINT('',(-2.34888631101068,-21.8204274279389,0.));
#5186=CARTESIAN_POINT('Ctrl Pts',(-0.37842740416759,-18.4180471513615,0.));
#5187=CARTESIAN_POINT('Ctrl Pts',(-0.37842740416759,-18.4180471513615,0.8));
#5188=CARTESIAN_POINT('Ctrl Pts',(-0.386527930725105,-18.4315162599348,
0.));
#5189=CARTESIAN_POINT('Ctrl Pts',(-0.386527930725105,-18.4315162599348,
0.8));
#5190=CARTESIAN_POINT('Ctrl Pts',(-0.402724633125436,-18.458457833649,0.));
#5191=CARTESIAN_POINT('Ctrl Pts',(-0.402724633125436,-18.458457833649,0.8));
#5192=CARTESIAN_POINT('Ctrl Pts',(-0.427006634582406,-18.4988802639232,
0.));
#5193=CARTESIAN_POINT('Ctrl Pts',(-0.427006634582406,-18.4988802639232,
0.8));
#5194=CARTESIAN_POINT('Ctrl Pts',(-0.459356515230396,-18.5527969901463,
0.));
#5195=CARTESIAN_POINT('Ctrl Pts',(-0.459356515230396,-18.5527969901463,
0.8));
#5196=CARTESIAN_POINT('Ctrl Pts',(-0.49975025728601,-18.6202263689423,0.));
#5197=CARTESIAN_POINT('Ctrl Pts',(-0.49975025728601,-18.6202263689423,0.8));
#5198=CARTESIAN_POINT('Ctrl Pts',(-0.540100341685349,-18.687688736973,0.));
#5199=CARTESIAN_POINT('Ctrl Pts',(-0.540100341685349,-18.687688736973,0.8));
#5200=CARTESIAN_POINT('Ctrl Pts',(-0.580406799885334,-18.7551830300359,
0.));
#5201=CARTESIAN_POINT('Ctrl Pts',(-0.580406799885334,-18.7551830300359,
0.8));
#5202=CARTESIAN_POINT('Ctrl Pts',(-0.620669800808848,-18.8227073821735,
0.));
#5203=CARTESIAN_POINT('Ctrl Pts',(-0.620669800808848,-18.8227073821735,
0.8));
#5204=CARTESIAN_POINT('Ctrl Pts',(-0.660889708872843,-18.8902589051475,
0.));
#5205=CARTESIAN_POINT('Ctrl Pts',(-0.660889708872843,-18.8902589051475,
0.8));
#5206=CARTESIAN_POINT('Ctrl Pts',(-0.701066927270995,-18.9578344529312,
0.));
#5207=CARTESIAN_POINT('Ctrl Pts',(-0.701066927270995,-18.9578344529312,
0.8));
#5208=CARTESIAN_POINT('Ctrl Pts',(-0.741201742362849,-19.0254313843885,
0.));
#5209=CARTESIAN_POINT('Ctrl Pts',(-0.741201742362849,-19.0254313843885,
0.8));
#5210=CARTESIAN_POINT('Ctrl Pts',(-0.781294168730891,-19.0930483262539,
0.));
#5211=CARTESIAN_POINT('Ctrl Pts',(-0.781294168730891,-19.0930483262539,
0.8));
#5212=CARTESIAN_POINT('Ctrl Pts',(-0.821343794297555,-19.1606859393666,
0.));
#5213=CARTESIAN_POINT('Ctrl Pts',(-0.821343794297555,-19.1606859393666,
0.8));
#5214=CARTESIAN_POINT('Ctrl Pts',(-0.86134962623105,-19.2283476848594,0.));
#5215=CARTESIAN_POINT('Ctrl Pts',(-0.86134962623105,-19.2283476848594,0.8));
#5216=CARTESIAN_POINT('Ctrl Pts',(-0.90131040550811,-19.2960384083326,0.));
#5217=CARTESIAN_POINT('Ctrl Pts',(-0.90131040550811,-19.2960384083326,0.8));
#5218=CARTESIAN_POINT('Ctrl Pts',(-0.941224921152454,-19.3637629293821,
0.));
#5219=CARTESIAN_POINT('Ctrl Pts',(-0.941224921152454,-19.3637629293821,
0.8));
#5220=CARTESIAN_POINT('Ctrl Pts',(-0.981092325504422,-19.4315246304218,
0.));
#5221=CARTESIAN_POINT('Ctrl Pts',(-0.981092325504422,-19.4315246304218,
0.8));
#5222=CARTESIAN_POINT('Ctrl Pts',(-1.02091245160797,-19.4993240395524,0.));
#5223=CARTESIAN_POINT('Ctrl Pts',(-1.02091245160797,-19.4993240395524,0.8));
#5224=CARTESIAN_POINT('Ctrl Pts',(-1.06068613128204,-19.5671574150958,0.));
#5225=CARTESIAN_POINT('Ctrl Pts',(-1.06068613128204,-19.5671574150958,0.8));
#5226=CARTESIAN_POINT('Ctrl Pts',(-1.1004148474809,-19.635018648132,0.));
#5227=CARTESIAN_POINT('Ctrl Pts',(-1.1004148474809,-19.635018648132,0.8));
#5228=CARTESIAN_POINT('Ctrl Pts',(-1.14010039043884,-19.7029011522237,0.));
#5229=CARTESIAN_POINT('Ctrl Pts',(-1.14010039043884,-19.7029011522237,0.8));
#5230=CARTESIAN_POINT('Ctrl Pts',(-1.1797445148706,-19.7707997529923,0.));
#5231=CARTESIAN_POINT('Ctrl Pts',(-1.1797445148706,-19.7707997529923,0.8));
#5232=CARTESIAN_POINT('Ctrl Pts',(-1.21934859781793,-19.8387125827966,0.));
#5233=CARTESIAN_POINT('Ctrl Pts',(-1.21934859781793,-19.8387125827966,0.8));
#5234=CARTESIAN_POINT('Ctrl Pts',(-1.25891329758269,-19.9066429711265,0.));
#5235=CARTESIAN_POINT('Ctrl Pts',(-1.25891329758269,-19.9066429711265,0.8));
#5236=CARTESIAN_POINT('Ctrl Pts',(-1.29843862942815,-19.9745973126625,0.));
#5237=CARTESIAN_POINT('Ctrl Pts',(-1.29843862942815,-19.9745973126625,0.8));
#5238=CARTESIAN_POINT('Ctrl Pts',(-1.33792403960486,-20.0425829510716,0.));
#5239=CARTESIAN_POINT('Ctrl Pts',(-1.33792403960486,-20.0425829510716,0.8));
#5240=CARTESIAN_POINT('Ctrl Pts',(-1.37736847961507,-20.1106060622332,0.));
#5241=CARTESIAN_POINT('Ctrl Pts',(-1.37736847961507,-20.1106060622332,0.8));
#5242=CARTESIAN_POINT('Ctrl Pts',(-1.41677047981799,-20.1786695311998,0.));
#5243=CARTESIAN_POINT('Ctrl Pts',(-1.41677047981799,-20.1786695311998,0.8));
#5244=CARTESIAN_POINT('Ctrl Pts',(-1.45612822394658,-20.2467708349955,0.));
#5245=CARTESIAN_POINT('Ctrl Pts',(-1.45612822394658,-20.2467708349955,0.8));
#5246=CARTESIAN_POINT('Ctrl Pts',(-1.49543987449249,-20.3149041692228,0.));
#5247=CARTESIAN_POINT('Ctrl Pts',(-1.49543987449249,-20.3149041692228,0.8));
#5248=CARTESIAN_POINT('Ctrl Pts',(-1.53470389831931,-20.383062554438,0.));
#5249=CARTESIAN_POINT('Ctrl Pts',(-1.53470389831931,-20.383062554438,0.8));
#5250=CARTESIAN_POINT('Ctrl Pts',(-1.57391939366958,-20.451239942925,0.));
#5251=CARTESIAN_POINT('Ctrl Pts',(-1.57391939366958,-20.451239942925,0.8));
#5252=CARTESIAN_POINT('Ctrl Pts',(-1.61308642021252,-20.5194333288961,0.));
#5253=CARTESIAN_POINT('Ctrl Pts',(-1.61308642021252,-20.5194333288961,0.8));
#5254=CARTESIAN_POINT('Ctrl Pts',(-1.65220632934813,-20.5876448536109,0.));
#5255=CARTESIAN_POINT('Ctrl Pts',(-1.65220632934813,-20.5876448536109,0.8));
#5256=CARTESIAN_POINT('Ctrl Pts',(-1.69128117284396,-20.6558798450648,0.));
#5257=CARTESIAN_POINT('Ctrl Pts',(-1.69128117284396,-20.6558798450648,0.8));
#5258=CARTESIAN_POINT('Ctrl Pts',(-1.73031311618057,-20.7241448745983,0.));
#5259=CARTESIAN_POINT('Ctrl Pts',(-1.73031311618057,-20.7241448745983,0.8));
#5260=CARTESIAN_POINT('Ctrl Pts',(-1.76930385259446,-20.7924458126775,0.));
#5261=CARTESIAN_POINT('Ctrl Pts',(-1.76930385259446,-20.7924458126775,0.8));
#5262=CARTESIAN_POINT('Ctrl Pts',(-1.80825401616617,-20.8607858808149,0.));
#5263=CARTESIAN_POINT('Ctrl Pts',(-1.80825401616617,-20.8607858808149,0.8));
#5264=CARTESIAN_POINT('Ctrl Pts',(-1.84716259701383,-20.9291637069109,0.));
#5265=CARTESIAN_POINT('Ctrl Pts',(-1.84716259701383,-20.9291637069109,0.8));
#5266=CARTESIAN_POINT('Ctrl Pts',(-1.8860275946173,-20.9975749317483,0.));
#5267=CARTESIAN_POINT('Ctrl Pts',(-1.8860275946173,-20.9975749317483,0.8));
#5268=CARTESIAN_POINT('Ctrl Pts',(-1.92484666661596,-21.066013798929,0.));
#5269=CARTESIAN_POINT('Ctrl Pts',(-1.92484666661596,-21.066013798929,0.8));
#5270=CARTESIAN_POINT('Ctrl Pts',(-1.96361777880202,-21.1344747444921,0.));
#5271=CARTESIAN_POINT('Ctrl Pts',(-1.96361777880202,-21.1344747444921,0.8));
#5272=CARTESIAN_POINT('Ctrl Pts',(-2.0023398568652,-21.202953986517,0.));
#5273=CARTESIAN_POINT('Ctrl Pts',(-2.0023398568652,-21.202953986517,0.8));
#5274=CARTESIAN_POINT('Ctrl Pts',(-2.04101343906911,-21.2714511136422,0.));
#5275=CARTESIAN_POINT('Ctrl Pts',(-2.04101343906911,-21.2714511136422,0.8));
#5276=CARTESIAN_POINT('Ctrl Pts',(-2.07964020510252,-21.3399681425721,0.));
#5277=CARTESIAN_POINT('Ctrl Pts',(-2.07964020510252,-21.3399681425721,0.8));
#5278=CARTESIAN_POINT('Ctrl Pts',(-2.11822251029921,-21.4085085848871,0.));
#5279=CARTESIAN_POINT('Ctrl Pts',(-2.11822251029921,-21.4085085848871,0.8));
#5280=CARTESIAN_POINT('Ctrl Pts',(-2.15676292140719,-21.477076514749,0.));
#5281=CARTESIAN_POINT('Ctrl Pts',(-2.15676292140719,-21.477076514749,0.8));
#5282=CARTESIAN_POINT('Ctrl Pts',(-2.19526375371923,-21.5456756374317,0.));
#5283=CARTESIAN_POINT('Ctrl Pts',(-2.19526375371923,-21.5456756374317,0.8));
#5284=CARTESIAN_POINT('Ctrl Pts',(-2.2337266091861,-21.614308357854,0.));
#5285=CARTESIAN_POINT('Ctrl Pts',(-2.2337266091861,-21.614308357854,0.8));
#5286=CARTESIAN_POINT('Ctrl Pts',(-2.27215250577795,-21.6829760600168,0.));
#5287=CARTESIAN_POINT('Ctrl Pts',(-2.27215250577795,-21.6829760600168,0.8));
#5288=CARTESIAN_POINT('Ctrl Pts',(-2.30286410565373,-21.7379387176335,0.));
#5289=CARTESIAN_POINT('Ctrl Pts',(-2.30286410565373,-21.7379387176335,0.8));
#5290=CARTESIAN_POINT('Ctrl Pts',(-2.32588153259013,-21.7791768143802,0.));
#5291=CARTESIAN_POINT('Ctrl Pts',(-2.32588153259013,-21.7791768143802,0.8));
#5292=CARTESIAN_POINT('Ctrl Pts',(-2.34121925615774,-21.8066760313419,0.));
#5293=CARTESIAN_POINT('Ctrl Pts',(-2.34121925615774,-21.8066760313419,0.8));
#5294=CARTESIAN_POINT('Ctrl Pts',(-2.34888631101068,-21.8204274279389,0.));
#5295=CARTESIAN_POINT('Ctrl Pts',(-2.34888631101068,-21.8204274279389,0.8));
#5296=CARTESIAN_POINT('',(-0.37842740416759,-18.4180471513615,0.));
#5297=CARTESIAN_POINT('Ctrl Pts',(-0.37842740416759,-18.4180471513615,0.));
#5298=CARTESIAN_POINT('Ctrl Pts',(-0.386527930725105,-18.4315162599348,
0.));
#5299=CARTESIAN_POINT('Ctrl Pts',(-0.402724633125436,-18.458457833649,0.));
#5300=CARTESIAN_POINT('Ctrl Pts',(-0.427006634582406,-18.4988802639232,
0.));
#5301=CARTESIAN_POINT('Ctrl Pts',(-0.459356515230396,-18.5527969901463,
0.));
#5302=CARTESIAN_POINT('Ctrl Pts',(-0.49975025728601,-18.6202263689423,0.));
#5303=CARTESIAN_POINT('Ctrl Pts',(-0.540100341685349,-18.687688736973,0.));
#5304=CARTESIAN_POINT('Ctrl Pts',(-0.580406799885334,-18.7551830300359,
0.));
#5305=CARTESIAN_POINT('Ctrl Pts',(-0.620669800808848,-18.8227073821735,
0.));
#5306=CARTESIAN_POINT('Ctrl Pts',(-0.660889708872843,-18.8902589051475,
0.));
#5307=CARTESIAN_POINT('Ctrl Pts',(-0.701066927270995,-18.9578344529312,
0.));
#5308=CARTESIAN_POINT('Ctrl Pts',(-0.741201742362849,-19.0254313843885,
0.));
#5309=CARTESIAN_POINT('Ctrl Pts',(-0.781294168730891,-19.0930483262539,
0.));
#5310=CARTESIAN_POINT('Ctrl Pts',(-0.821343794297555,-19.1606859393666,
0.));
#5311=CARTESIAN_POINT('Ctrl Pts',(-0.86134962623105,-19.2283476848594,0.));
#5312=CARTESIAN_POINT('Ctrl Pts',(-0.90131040550811,-19.2960384083326,0.));
#5313=CARTESIAN_POINT('Ctrl Pts',(-0.941224921152454,-19.3637629293821,
0.));
#5314=CARTESIAN_POINT('Ctrl Pts',(-0.981092325504422,-19.4315246304218,
0.));
#5315=CARTESIAN_POINT('Ctrl Pts',(-1.02091245160797,-19.4993240395524,0.));
#5316=CARTESIAN_POINT('Ctrl Pts',(-1.06068613128204,-19.5671574150958,0.));
#5317=CARTESIAN_POINT('Ctrl Pts',(-1.1004148474809,-19.635018648132,0.));
#5318=CARTESIAN_POINT('Ctrl Pts',(-1.14010039043884,-19.7029011522237,0.));
#5319=CARTESIAN_POINT('Ctrl Pts',(-1.1797445148706,-19.7707997529923,0.));
#5320=CARTESIAN_POINT('Ctrl Pts',(-1.21934859781793,-19.8387125827966,0.));
#5321=CARTESIAN_POINT('Ctrl Pts',(-1.25891329758269,-19.9066429711265,0.));
#5322=CARTESIAN_POINT('Ctrl Pts',(-1.29843862942815,-19.9745973126625,0.));
#5323=CARTESIAN_POINT('Ctrl Pts',(-1.33792403960486,-20.0425829510716,0.));
#5324=CARTESIAN_POINT('Ctrl Pts',(-1.37736847961507,-20.1106060622332,0.));
#5325=CARTESIAN_POINT('Ctrl Pts',(-1.41677047981799,-20.1786695311998,0.));
#5326=CARTESIAN_POINT('Ctrl Pts',(-1.45612822394658,-20.2467708349955,0.));
#5327=CARTESIAN_POINT('Ctrl Pts',(-1.49543987449249,-20.3149041692228,0.));
#5328=CARTESIAN_POINT('Ctrl Pts',(-1.53470389831931,-20.383062554438,0.));
#5329=CARTESIAN_POINT('Ctrl Pts',(-1.57391939366958,-20.451239942925,0.));
#5330=CARTESIAN_POINT('Ctrl Pts',(-1.61308642021252,-20.5194333288961,0.));
#5331=CARTESIAN_POINT('Ctrl Pts',(-1.65220632934813,-20.5876448536109,0.));
#5332=CARTESIAN_POINT('Ctrl Pts',(-1.69128117284396,-20.6558798450648,0.));
#5333=CARTESIAN_POINT('Ctrl Pts',(-1.73031311618057,-20.7241448745983,0.));
#5334=CARTESIAN_POINT('Ctrl Pts',(-1.76930385259446,-20.7924458126775,0.));
#5335=CARTESIAN_POINT('Ctrl Pts',(-1.80825401616617,-20.8607858808149,0.));
#5336=CARTESIAN_POINT('Ctrl Pts',(-1.84716259701383,-20.9291637069109,0.));
#5337=CARTESIAN_POINT('Ctrl Pts',(-1.8860275946173,-20.9975749317483,0.));
#5338=CARTESIAN_POINT('Ctrl Pts',(-1.92484666661596,-21.066013798929,0.));
#5339=CARTESIAN_POINT('Ctrl Pts',(-1.96361777880202,-21.1344747444921,0.));
#5340=CARTESIAN_POINT('Ctrl Pts',(-2.0023398568652,-21.202953986517,0.));
#5341=CARTESIAN_POINT('Ctrl Pts',(-2.04101343906911,-21.2714511136422,0.));
#5342=CARTESIAN_POINT('Ctrl Pts',(-2.07964020510252,-21.3399681425721,0.));
#5343=CARTESIAN_POINT('Ctrl Pts',(-2.11822251029921,-21.4085085848871,0.));
#5344=CARTESIAN_POINT('Ctrl Pts',(-2.15676292140719,-21.477076514749,0.));
#5345=CARTESIAN_POINT('Ctrl Pts',(-2.19526375371923,-21.5456756374317,0.));
#5346=CARTESIAN_POINT('Ctrl Pts',(-2.2337266091861,-21.614308357854,0.));
#5347=CARTESIAN_POINT('Ctrl Pts',(-2.27215250577795,-21.6829760600168,0.));
#5348=CARTESIAN_POINT('Ctrl Pts',(-2.30286410565373,-21.7379387176335,0.));
#5349=CARTESIAN_POINT('Ctrl Pts',(-2.32588153259013,-21.7791768143802,0.));
#5350=CARTESIAN_POINT('Ctrl Pts',(-2.34121925615774,-21.8066760313419,0.));
#5351=CARTESIAN_POINT('Ctrl Pts',(-2.34888631101068,-21.8204274279389,0.));
#5352=CARTESIAN_POINT('',(-0.37842740416759,-18.4180471513615,0.));
#5353=CARTESIAN_POINT('Ctrl Pts',(-7.1693982199068,-20.7240044319238,0.));
#5354=CARTESIAN_POINT('Ctrl Pts',(-7.1693982199068,-20.7240044319238,0.8));
#5355=CARTESIAN_POINT('Ctrl Pts',(-7.14180644188965,-20.7153323304692,0.));
#5356=CARTESIAN_POINT('Ctrl Pts',(-7.14180644188965,-20.7153323304692,0.8));
#5357=CARTESIAN_POINT('Ctrl Pts',(-7.08663188488008,-20.6979780976002,0.));
#5358=CARTESIAN_POINT('Ctrl Pts',(-7.08663188488008,-20.6979780976002,0.8));
#5359=CARTESIAN_POINT('Ctrl Pts',(-7.00389704643709,-20.6719166584127,0.));
#5360=CARTESIAN_POINT('Ctrl Pts',(-7.00389704643709,-20.6719166584127,0.8));
#5361=CARTESIAN_POINT('Ctrl Pts',(-6.89363795784858,-20.6371078539038,0.));
#5362=CARTESIAN_POINT('Ctrl Pts',(-6.89363795784858,-20.6371078539038,0.8));
#5363=CARTESIAN_POINT('Ctrl Pts',(-6.75590433647333,-20.5934960553819,0.));
#5364=CARTESIAN_POINT('Ctrl Pts',(-6.75590433647333,-20.5934960553819,0.8));
#5365=CARTESIAN_POINT('Ctrl Pts',(-6.61826117275495,-20.549782574331,0.));
#5366=CARTESIAN_POINT('Ctrl Pts',(-6.61826117275495,-20.549782574331,0.8));
#5367=CARTESIAN_POINT('Ctrl Pts',(-6.48070863566689,-20.5059659263079,0.));
#5368=CARTESIAN_POINT('Ctrl Pts',(-6.48070863566689,-20.5059659263079,0.8));
#5369=CARTESIAN_POINT('Ctrl Pts',(-6.34324676743892,-20.4620439060143,0.));
#5370=CARTESIAN_POINT('Ctrl Pts',(-6.34324676743892,-20.4620439060143,0.8));
#5371=CARTESIAN_POINT('Ctrl Pts',(-6.20587539977648,-20.418013445446,0.));
#5372=CARTESIAN_POINT('Ctrl Pts',(-6.20587539977648,-20.418013445446,0.8));
#5373=CARTESIAN_POINT('Ctrl Pts',(-6.0685942788948,-20.3738712778236,0.));
#5374=CARTESIAN_POINT('Ctrl Pts',(-6.0685942788948,-20.3738712778236,0.8));
#5375=CARTESIAN_POINT('Ctrl Pts',(-5.93140319185611,-20.3296146154958,0.));
#5376=CARTESIAN_POINT('Ctrl Pts',(-5.93140319185611,-20.3296146154958,0.8));
#5377=CARTESIAN_POINT('Ctrl Pts',(-5.79430209199455,-20.2852418348729,0.));
#5378=CARTESIAN_POINT('Ctrl Pts',(-5.79430209199455,-20.2852418348729,0.8));
#5379=CARTESIAN_POINT('Ctrl Pts',(-5.65729121788153,-20.2407531451151,0.));
#5380=CARTESIAN_POINT('Ctrl Pts',(-5.65729121788153,-20.2407531451151,0.8));
#5381=CARTESIAN_POINT('Ctrl Pts',(-5.52037122576031,-20.1961513237573,0.));
#5382=CARTESIAN_POINT('Ctrl Pts',(-5.52037122576031,-20.1961513237573,0.8));
#5383=CARTESIAN_POINT('Ctrl Pts',(-5.38354288271495,-20.1514406168835,0.));
#5384=CARTESIAN_POINT('Ctrl Pts',(-5.38354288271495,-20.1514406168835,0.8));
#5385=CARTESIAN_POINT('Ctrl Pts',(-5.24680674510245,-20.1066255836758,0.));
#5386=CARTESIAN_POINT('Ctrl Pts',(-5.24680674510245,-20.1066255836758,0.8));
#5387=CARTESIAN_POINT('Ctrl Pts',(-5.11016283405779,-20.0617099536072,0.));
#5388=CARTESIAN_POINT('Ctrl Pts',(-5.11016283405779,-20.0617099536072,0.8));
#5389=CARTESIAN_POINT('Ctrl Pts',(-4.97361032100019,-20.0166955083664,0.));
#5390=CARTESIAN_POINT('Ctrl Pts',(-4.97361032100019,-20.0166955083664,0.8));
#5391=CARTESIAN_POINT('Ctrl Pts',(-4.83714716999802,-19.9715808744592,0.));
#5392=CARTESIAN_POINT('Ctrl Pts',(-4.83714716999802,-19.9715808744592,0.8));
#5393=CARTESIAN_POINT('Ctrl Pts',(-4.70077072937526,-19.9263624912352,0.));
#5394=CARTESIAN_POINT('Ctrl Pts',(-4.70077072937526,-19.9263624912352,0.8));
#5395=CARTESIAN_POINT('Ctrl Pts',(-4.56447836044596,-19.8810356753472,0.));
#5396=CARTESIAN_POINT('Ctrl Pts',(-4.56447836044596,-19.8810356753472,0.8));
#5397=CARTESIAN_POINT('Ctrl Pts',(-4.42826805950835,-19.8355956584064,0.));
#5398=CARTESIAN_POINT('Ctrl Pts',(-4.42826805950835,-19.8355956584064,0.8));
#5399=CARTESIAN_POINT('Ctrl Pts',(-4.29213905949835,-19.7900386164875,0.));
#5400=CARTESIAN_POINT('Ctrl Pts',(-4.29213905949835,-19.7900386164875,0.8));
#5401=CARTESIAN_POINT('Ctrl Pts',(-4.15609250051332,-19.7443627662223,0.));
#5402=CARTESIAN_POINT('Ctrl Pts',(-4.15609250051332,-19.7443627662223,0.8));
#5403=CARTESIAN_POINT('Ctrl Pts',(-4.02013057598363,-19.6985679588915,0.));
#5404=CARTESIAN_POINT('Ctrl Pts',(-4.02013057598363,-19.6985679588915,0.8));
#5405=CARTESIAN_POINT('Ctrl Pts',(-3.88425560585462,-19.6526552007635,0.));
#5406=CARTESIAN_POINT('Ctrl Pts',(-3.88425560585462,-19.6526552007635,0.8));
#5407=CARTESIAN_POINT('Ctrl Pts',(-3.74846912176017,-19.6066262053337,0.));
#5408=CARTESIAN_POINT('Ctrl Pts',(-3.74846912176017,-19.6066262053337,0.8));
#5409=CARTESIAN_POINT('Ctrl Pts',(-3.61277097374531,-19.5604829416413,0.));
#5410=CARTESIAN_POINT('Ctrl Pts',(-3.61277097374531,-19.5604829416413,0.8));
#5411=CARTESIAN_POINT('Ctrl Pts',(-3.47715833874668,-19.5142271781647,0.));
#5412=CARTESIAN_POINT('Ctrl Pts',(-3.47715833874668,-19.5142271781647,0.8));
#5413=CARTESIAN_POINT('Ctrl Pts',(-3.34162683266707,-19.4678603055222,0.));
#5414=CARTESIAN_POINT('Ctrl Pts',(-3.34162683266707,-19.4678603055222,0.8));
#5415=CARTESIAN_POINT('Ctrl Pts',(-3.20617172210155,-19.421383178136,0.));
#5416=CARTESIAN_POINT('Ctrl Pts',(-3.20617172210155,-19.421383178136,0.8));
#5417=CARTESIAN_POINT('Ctrl Pts',(-3.07078911025551,-19.3747959472138,0.));
#5418=CARTESIAN_POINT('Ctrl Pts',(-3.07078911025551,-19.3747959472138,0.8));
#5419=CARTESIAN_POINT('Ctrl Pts',(-2.9354770995337,-19.3280979066256,0.));
#5420=CARTESIAN_POINT('Ctrl Pts',(-2.9354770995337,-19.3280979066256,0.8));
#5421=CARTESIAN_POINT('Ctrl Pts',(-2.80023705709602,-19.2812873127585,0.));
#5422=CARTESIAN_POINT('Ctrl Pts',(-2.80023705709602,-19.2812873127585,0.8));
#5423=CARTESIAN_POINT('Ctrl Pts',(-2.66507237783326,-19.234361795743,0.));
#5424=CARTESIAN_POINT('Ctrl Pts',(-2.66507237783326,-19.234361795743,0.8));
#5425=CARTESIAN_POINT('Ctrl Pts',(-2.52998713398672,-19.1873187977895,0.));
#5426=CARTESIAN_POINT('Ctrl Pts',(-2.52998713398672,-19.1873187977895,0.8));
#5427=CARTESIAN_POINT('Ctrl Pts',(-2.3949847549804,-19.1401560080469,0.));
#5428=CARTESIAN_POINT('Ctrl Pts',(-2.3949847549804,-19.1401560080469,0.8));
#5429=CARTESIAN_POINT('Ctrl Pts',(-2.26006671891006,-19.0928717932146,0.));
#5430=CARTESIAN_POINT('Ctrl Pts',(-2.26006671891006,-19.0928717932146,0.8));
#5431=CARTESIAN_POINT('Ctrl Pts',(-2.12523115793824,-19.0454656603799,0.));
#5432=CARTESIAN_POINT('Ctrl Pts',(-2.12523115793824,-19.0454656603799,0.8));
#5433=CARTESIAN_POINT('Ctrl Pts',(-1.99047389787887,-18.9979378888422,0.));
#5434=CARTESIAN_POINT('Ctrl Pts',(-1.99047389787887,-18.9979378888422,0.8));
#5435=CARTESIAN_POINT('Ctrl Pts',(-1.8557895877957,-18.9502891333243,0.));
#5436=CARTESIAN_POINT('Ctrl Pts',(-1.8557895877957,-18.9502891333243,0.8));
#5437=CARTESIAN_POINT('Ctrl Pts',(-1.72117279624223,-18.9025200399961,0.));
#5438=CARTESIAN_POINT('Ctrl Pts',(-1.72117279624223,-18.9025200399961,0.8));
#5439=CARTESIAN_POINT('Ctrl Pts',(-1.58661910516109,-18.8546308660477,0.));
#5440=CARTESIAN_POINT('Ctrl Pts',(-1.58661910516109,-18.8546308660477,0.8));
#5441=CARTESIAN_POINT('Ctrl Pts',(-1.45212624079965,-18.8066210861398,0.));
#5442=CARTESIAN_POINT('Ctrl Pts',(-1.45212624079965,-18.8066210861398,0.8));
#5443=CARTESIAN_POINT('Ctrl Pts',(-1.31769357768089,-18.7584896438177,0.));
#5444=CARTESIAN_POINT('Ctrl Pts',(-1.31769357768089,-18.7584896438177,0.8));
#5445=CARTESIAN_POINT('Ctrl Pts',(-1.18332159790662,-18.7102352224916,0.));
#5446=CARTESIAN_POINT('Ctrl Pts',(-1.18332159790662,-18.7102352224916,0.8));
#5447=CARTESIAN_POINT('Ctrl Pts',(-1.04901136738724,-18.6618565124769,0.));
#5448=CARTESIAN_POINT('Ctrl Pts',(-1.04901136738724,-18.6618565124769,0.8));
#5449=CARTESIAN_POINT('Ctrl Pts',(-0.914764008073542,-18.6133524810703,
0.));
#5450=CARTESIAN_POINT('Ctrl Pts',(-0.914764008073542,-18.6133524810703,
0.8));
#5451=CARTESIAN_POINT('Ctrl Pts',(-0.780580162947606,-18.5647226506882,
0.));
#5452=CARTESIAN_POINT('Ctrl Pts',(-0.780580162947606,-18.5647226506882,
0.8));
#5453=CARTESIAN_POINT('Ctrl Pts',(-0.646460113791005,-18.5159669371133,
0.));
#5454=CARTESIAN_POINT('Ctrl Pts',(-0.646460113791005,-18.5159669371133,
0.8));
#5455=CARTESIAN_POINT('Ctrl Pts',(-0.539215148524171,-18.4768617748409,
0.));
#5456=CARTESIAN_POINT('Ctrl Pts',(-0.539215148524171,-18.4768617748409,
0.8));
#5457=CARTESIAN_POINT('Ctrl Pts',(-0.458810123075476,-18.4474764160171,
0.));
#5458=CARTESIAN_POINT('Ctrl Pts',(-0.458810123075476,-18.4474764160171,
0.8));
#5459=CARTESIAN_POINT('Ctrl Pts',(-0.405219519371353,-18.4278610877544,
0.));
#5460=CARTESIAN_POINT('Ctrl Pts',(-0.405219519371353,-18.4278610877544,
0.8));
#5461=CARTESIAN_POINT('Ctrl Pts',(-0.37842740416759,-18.4180471513615,0.));
#5462=CARTESIAN_POINT('Ctrl Pts',(-0.37842740416759,-18.4180471513615,0.8));
#5463=CARTESIAN_POINT('',(-7.1693982199068,-20.7240044319238,0.));
#5464=CARTESIAN_POINT('Ctrl Pts',(-7.1693982199068,-20.7240044319238,0.));
#5465=CARTESIAN_POINT('Ctrl Pts',(-7.14180644188965,-20.7153323304692,0.));
#5466=CARTESIAN_POINT('Ctrl Pts',(-7.08663188488008,-20.6979780976002,0.));
#5467=CARTESIAN_POINT('Ctrl Pts',(-7.00389704643709,-20.6719166584127,0.));
#5468=CARTESIAN_POINT('Ctrl Pts',(-6.89363795784858,-20.6371078539038,0.));
#5469=CARTESIAN_POINT('Ctrl Pts',(-6.75590433647333,-20.5934960553819,0.));
#5470=CARTESIAN_POINT('Ctrl Pts',(-6.61826117275495,-20.549782574331,0.));
#5471=CARTESIAN_POINT('Ctrl Pts',(-6.48070863566689,-20.5059659263079,0.));
#5472=CARTESIAN_POINT('Ctrl Pts',(-6.34324676743892,-20.4620439060143,0.));
#5473=CARTESIAN_POINT('Ctrl Pts',(-6.20587539977648,-20.418013445446,0.));
#5474=CARTESIAN_POINT('Ctrl Pts',(-6.0685942788948,-20.3738712778236,0.));
#5475=CARTESIAN_POINT('Ctrl Pts',(-5.93140319185611,-20.3296146154958,0.));
#5476=CARTESIAN_POINT('Ctrl Pts',(-5.79430209199455,-20.2852418348729,0.));
#5477=CARTESIAN_POINT('Ctrl Pts',(-5.65729121788153,-20.2407531451151,0.));
#5478=CARTESIAN_POINT('Ctrl Pts',(-5.52037122576031,-20.1961513237573,0.));
#5479=CARTESIAN_POINT('Ctrl Pts',(-5.38354288271495,-20.1514406168835,0.));
#5480=CARTESIAN_POINT('Ctrl Pts',(-5.24680674510245,-20.1066255836758,0.));
#5481=CARTESIAN_POINT('Ctrl Pts',(-5.11016283405779,-20.0617099536072,0.));
#5482=CARTESIAN_POINT('Ctrl Pts',(-4.97361032100019,-20.0166955083664,0.));
#5483=CARTESIAN_POINT('Ctrl Pts',(-4.83714716999802,-19.9715808744592,0.));
#5484=CARTESIAN_POINT('Ctrl Pts',(-4.70077072937526,-19.9263624912352,0.));
#5485=CARTESIAN_POINT('Ctrl Pts',(-4.56447836044596,-19.8810356753472,0.));
#5486=CARTESIAN_POINT('Ctrl Pts',(-4.42826805950835,-19.8355956584064,0.));
#5487=CARTESIAN_POINT('Ctrl Pts',(-4.29213905949835,-19.7900386164875,0.));
#5488=CARTESIAN_POINT('Ctrl Pts',(-4.15609250051332,-19.7443627662223,0.));
#5489=CARTESIAN_POINT('Ctrl Pts',(-4.02013057598363,-19.6985679588915,0.));
#5490=CARTESIAN_POINT('Ctrl Pts',(-3.88425560585462,-19.6526552007635,0.));
#5491=CARTESIAN_POINT('Ctrl Pts',(-3.74846912176017,-19.6066262053337,0.));
#5492=CARTESIAN_POINT('Ctrl Pts',(-3.61277097374531,-19.5604829416413,0.));
#5493=CARTESIAN_POINT('Ctrl Pts',(-3.47715833874668,-19.5142271781647,0.));
#5494=CARTESIAN_POINT('Ctrl Pts',(-3.34162683266707,-19.4678603055222,0.));
#5495=CARTESIAN_POINT('Ctrl Pts',(-3.20617172210155,-19.421383178136,0.));
#5496=CARTESIAN_POINT('Ctrl Pts',(-3.07078911025551,-19.3747959472138,0.));
#5497=CARTESIAN_POINT('Ctrl Pts',(-2.9354770995337,-19.3280979066256,0.));
#5498=CARTESIAN_POINT('Ctrl Pts',(-2.80023705709602,-19.2812873127585,0.));
#5499=CARTESIAN_POINT('Ctrl Pts',(-2.66507237783326,-19.234361795743,0.));
#5500=CARTESIAN_POINT('Ctrl Pts',(-2.52998713398672,-19.1873187977895,0.));
#5501=CARTESIAN_POINT('Ctrl Pts',(-2.3949847549804,-19.1401560080469,0.));
#5502=CARTESIAN_POINT('Ctrl Pts',(-2.26006671891006,-19.0928717932146,0.));
#5503=CARTESIAN_POINT('Ctrl Pts',(-2.12523115793824,-19.0454656603799,0.));
#5504=CARTESIAN_POINT('Ctrl Pts',(-1.99047389787887,-18.9979378888422,0.));
#5505=CARTESIAN_POINT('Ctrl Pts',(-1.8557895877957,-18.9502891333243,0.));
#5506=CARTESIAN_POINT('Ctrl Pts',(-1.72117279624223,-18.9025200399961,0.));
#5507=CARTESIAN_POINT('Ctrl Pts',(-1.58661910516109,-18.8546308660477,0.));
#5508=CARTESIAN_POINT('Ctrl Pts',(-1.45212624079965,-18.8066210861398,0.));
#5509=CARTESIAN_POINT('Ctrl Pts',(-1.31769357768089,-18.7584896438177,0.));
#5510=CARTESIAN_POINT('Ctrl Pts',(-1.18332159790662,-18.7102352224916,0.));
#5511=CARTESIAN_POINT('Ctrl Pts',(-1.04901136738724,-18.6618565124769,0.));
#5512=CARTESIAN_POINT('Ctrl Pts',(-0.914764008073542,-18.6133524810703,
0.));
#5513=CARTESIAN_POINT('Ctrl Pts',(-0.780580162947606,-18.5647226506882,
0.));
#5514=CARTESIAN_POINT('Ctrl Pts',(-0.646460113791005,-18.5159669371133,
0.));
#5515=CARTESIAN_POINT('Ctrl Pts',(-0.539215148524171,-18.4768617748409,
0.));
#5516=CARTESIAN_POINT('Ctrl Pts',(-0.458810123075476,-18.4474764160171,
0.));
#5517=CARTESIAN_POINT('Ctrl Pts',(-0.405219519371353,-18.4278610877544,
0.));
#5518=CARTESIAN_POINT('Ctrl Pts',(-0.37842740416759,-18.4180471513615,0.));
#5519=CARTESIAN_POINT('',(-7.1693982199068,-20.7240044319238,0.));
#5520=CARTESIAN_POINT('Origin',(0.10175637342708,0.0778162783514924,0.));
#5521=CARTESIAN_POINT('',(-8.66786537448857,-20.1379985303839,0.));
#5522=CARTESIAN_POINT('Origin',(0.10175637342708,0.0778162783514924,0.));
#5523=CARTESIAN_POINT('',(-8.66786537448857,-20.1379985303839,0.));
#5524=CARTESIAN_POINT('Ctrl Pts',(0.412231519273218,-17.1203804465473,0.));
#5525=CARTESIAN_POINT('Ctrl Pts',(0.412231519273218,-17.1203804465473,0.8));
#5526=CARTESIAN_POINT('Ctrl Pts',(0.376609514568261,-17.1339994115426,0.));
#5527=CARTESIAN_POINT('Ctrl Pts',(0.376609514568261,-17.1339994115426,0.8));
#5528=CARTESIAN_POINT('Ctrl Pts',(0.305358308890746,-17.1612040800956,0.));
#5529=CARTESIAN_POINT('Ctrl Pts',(0.305358308890746,-17.1612040800956,0.8));
#5530=CARTESIAN_POINT('Ctrl Pts',(0.198459911577467,-17.2019112986134,0.));
#5531=CARTESIAN_POINT('Ctrl Pts',(0.198459911577467,-17.2019112986134,0.8));
#5532=CARTESIAN_POINT('Ctrl Pts',(0.0558855093951442,-17.2559878913541,
0.));
#5533=CARTESIAN_POINT('Ctrl Pts',(0.0558855093951442,-17.2559878913541,
0.8));
#5534=CARTESIAN_POINT('Ctrl Pts',(-0.122405021443889,-17.3232502078169,
0.));
#5535=CARTESIAN_POINT('Ctrl Pts',(-0.122405021443889,-17.3232502078169,
0.8));
#5536=CARTESIAN_POINT('Ctrl Pts',(-0.300769354807253,-17.3901786264987,
0.));
#5537=CARTESIAN_POINT('Ctrl Pts',(-0.300769354807253,-17.3901786264987,
0.8));
#5538=CARTESIAN_POINT('Ctrl Pts',(-0.479209826672395,-17.4567731877372,
0.));
#5539=CARTESIAN_POINT('Ctrl Pts',(-0.479209826672395,-17.4567731877372,
0.8));
#5540=CARTESIAN_POINT('Ctrl Pts',(-0.657730145763765,-17.5230348512257,
0.));
#5541=CARTESIAN_POINT('Ctrl Pts',(-0.657730145763765,-17.5230348512257,
0.8));
#5542=CARTESIAN_POINT('Ctrl Pts',(-0.836335692718475,-17.5889658981108,
0.));
#5543=CARTESIAN_POINT('Ctrl Pts',(-0.836335692718475,-17.5889658981108,
0.8));
#5544=CARTESIAN_POINT('Ctrl Pts',(-1.01503292965605,-17.6545695057244,0.));
#5545=CARTESIAN_POINT('Ctrl Pts',(-1.01503292965605,-17.6545695057244,0.8));
#5546=CARTESIAN_POINT('Ctrl Pts',(-1.19382881988516,-17.7198493412457,0.));
#5547=CARTESIAN_POINT('Ctrl Pts',(-1.19382881988516,-17.7198493412457,0.8));
#5548=CARTESIAN_POINT('Ctrl Pts',(-1.37273024805016,-17.7848091607396,0.));
#5549=CARTESIAN_POINT('Ctrl Pts',(-1.37273024805016,-17.7848091607396,0.8));
#5550=CARTESIAN_POINT('Ctrl Pts',(-1.55174342624201,-17.8494524115729,0.));
#5551=CARTESIAN_POINT('Ctrl Pts',(-1.55174342624201,-17.8494524115729,0.8));
#5552=CARTESIAN_POINT('Ctrl Pts',(-1.73087333347476,-17.9137818537524,0.));
#5553=CARTESIAN_POINT('Ctrl Pts',(-1.73087333347476,-17.9137818537524,0.8));
#5554=CARTESIAN_POINT('Ctrl Pts',(-1.91012428716384,-17.9777996219031,0.));
#5555=CARTESIAN_POINT('Ctrl Pts',(-1.91012428716384,-17.9777996219031,0.8));
#5556=CARTESIAN_POINT('Ctrl Pts',(-2.08950048153803,-18.0415072784128,0.));
#5557=CARTESIAN_POINT('Ctrl Pts',(-2.08950048153803,-18.0415072784128,0.8));
#5558=CARTESIAN_POINT('Ctrl Pts',(-2.26900652548672,-18.1049058784785,0.));
#5559=CARTESIAN_POINT('Ctrl Pts',(-2.26900652548672,-18.1049058784785,0.8));
#5560=CARTESIAN_POINT('Ctrl Pts',(-2.44864799849358,-18.1679960338578,0.));
#5561=CARTESIAN_POINT('Ctrl Pts',(-2.44864799849358,-18.1679960338578,0.8));
#5562=CARTESIAN_POINT('Ctrl Pts',(-2.62843193926486,-18.2307779948492,0.));
#5563=CARTESIAN_POINT('Ctrl Pts',(-2.62843193926486,-18.2307779948492,0.8));
#5564=CARTESIAN_POINT('Ctrl Pts',(-2.80836603284578,-18.2932519524877,0.));
#5565=CARTESIAN_POINT('Ctrl Pts',(-2.80836603284578,-18.2932519524877,0.8));
#5566=CARTESIAN_POINT('Ctrl Pts',(-2.98845784776749,-18.3554183413998,0.));
#5567=CARTESIAN_POINT('Ctrl Pts',(-2.98845784776749,-18.3554183413998,0.8));
#5568=CARTESIAN_POINT('Ctrl Pts',(-3.16871406614323,-18.417278142939,0.));
#5569=CARTESIAN_POINT('Ctrl Pts',(-3.16871406614323,-18.417278142939,0.8));
#5570=CARTESIAN_POINT('Ctrl Pts',(-3.34913967425261,-18.4788332176457,0.));
#5571=CARTESIAN_POINT('Ctrl Pts',(-3.34913967425261,-18.4788332176457,0.8));
#5572=CARTESIAN_POINT('Ctrl Pts',(-3.52973726416999,-18.5400865810938,0.));
#5573=CARTESIAN_POINT('Ctrl Pts',(-3.52973726416999,-18.5400865810938,0.8));
#5574=CARTESIAN_POINT('Ctrl Pts',(-3.71050804930903,-18.6010417726603,0.));
#5575=CARTESIAN_POINT('Ctrl Pts',(-3.71050804930903,-18.6010417726603,0.8));
#5576=CARTESIAN_POINT('Ctrl Pts',(-3.89145278190588,-18.661702278358,0.));
#5577=CARTESIAN_POINT('Ctrl Pts',(-3.89145278190588,-18.661702278358,0.8));
#5578=CARTESIAN_POINT('Ctrl Pts',(-4.07257268183651,-18.7220709551464,0.));
#5579=CARTESIAN_POINT('Ctrl Pts',(-4.07257268183651,-18.7220709551464,0.8));
#5580=CARTESIAN_POINT('Ctrl Pts',(-4.25387040058454,-18.7821494306558,0.));
#5581=CARTESIAN_POINT('Ctrl Pts',(-4.25387040058454,-18.7821494306558,0.8));
#5582=CARTESIAN_POINT('Ctrl Pts',(-4.4353508417208,-18.8419376075847,0.));
#5583=CARTESIAN_POINT('Ctrl Pts',(-4.4353508417208,-18.8419376075847,0.8));
#5584=CARTESIAN_POINT('Ctrl Pts',(-4.61702018521426,-18.9014344239708,0.));
#5585=CARTESIAN_POINT('Ctrl Pts',(-4.61702018521426,-18.9014344239708,0.8));
#5586=CARTESIAN_POINT('Ctrl Pts',(-4.79888502371758,-18.9606385404982,0.));
#5587=CARTESIAN_POINT('Ctrl Pts',(-4.79888502371758,-18.9606385404982,0.8));
#5588=CARTESIAN_POINT('Ctrl Pts',(-4.98095147100963,-19.0195490459631,0.));
#5589=CARTESIAN_POINT('Ctrl Pts',(-4.98095147100963,-19.0195490459631,0.8));
#5590=CARTESIAN_POINT('Ctrl Pts',(-5.16322423402739,-19.0781662019276,0.));
#5591=CARTESIAN_POINT('Ctrl Pts',(-5.16322423402739,-19.0781662019276,0.8));
#5592=CARTESIAN_POINT('Ctrl Pts',(-5.34570581217666,-19.1364920730439,0.));
#5593=CARTESIAN_POINT('Ctrl Pts',(-5.34570581217666,-19.1364920730439,0.8));
#5594=CARTESIAN_POINT('Ctrl Pts',(-5.52839730318285,-19.1945297165653,0.));
#5595=CARTESIAN_POINT('Ctrl Pts',(-5.52839730318285,-19.1945297165653,0.8));
#5596=CARTESIAN_POINT('Ctrl Pts',(-5.71129909250113,-19.2522824762698,0.));
#5597=CARTESIAN_POINT('Ctrl Pts',(-5.71129909250113,-19.2522824762698,0.8));
#5598=CARTESIAN_POINT('Ctrl Pts',(-5.89441156642088,-19.3097532599653,0.));
#5599=CARTESIAN_POINT('Ctrl Pts',(-5.89441156642088,-19.3097532599653,0.8));
#5600=CARTESIAN_POINT('Ctrl Pts',(-6.07773583737006,-19.3669437988978,0.));
#5601=CARTESIAN_POINT('Ctrl Pts',(-6.07773583737006,-19.3669437988978,0.8));
#5602=CARTESIAN_POINT('Ctrl Pts',(-6.26127437699048,-19.4238540134525,0.));
#5603=CARTESIAN_POINT('Ctrl Pts',(-6.26127437699048,-19.4238540134525,0.8));
#5604=CARTESIAN_POINT('Ctrl Pts',(-6.44503047059283,-19.4804827077065,0.));
#5605=CARTESIAN_POINT('Ctrl Pts',(-6.44503047059283,-19.4804827077065,0.8));
#5606=CARTESIAN_POINT('Ctrl Pts',(-6.62900774658414,-19.5368281810484,0.));
#5607=CARTESIAN_POINT('Ctrl Pts',(-6.62900774658414,-19.5368281810484,0.8));
#5608=CARTESIAN_POINT('Ctrl Pts',(-6.81320967867548,-19.5928888687049,0.));
#5609=CARTESIAN_POINT('Ctrl Pts',(-6.81320967867548,-19.5928888687049,0.8));
#5610=CARTESIAN_POINT('Ctrl Pts',(-6.9976390793947,-19.6486639978216,0.));
#5611=CARTESIAN_POINT('Ctrl Pts',(-6.9976390793947,-19.6486639978216,0.8));
#5612=CARTESIAN_POINT('Ctrl Pts',(-7.18229762919773,-19.7041541900588,0.));
#5613=CARTESIAN_POINT('Ctrl Pts',(-7.18229762919773,-19.7041541900588,0.8));
#5614=CARTESIAN_POINT('Ctrl Pts',(-7.36718611379275,-19.7593610552974,0.));
#5615=CARTESIAN_POINT('Ctrl Pts',(-7.36718611379275,-19.7593610552974,0.8));
#5616=CARTESIAN_POINT('Ctrl Pts',(-7.55230461434878,-19.8142868502121,0.));
#5617=CARTESIAN_POINT('Ctrl Pts',(-7.55230461434878,-19.8142868502121,0.8));
#5618=CARTESIAN_POINT('Ctrl Pts',(-7.73765270693199,-19.8689341235077,0.));
#5619=CARTESIAN_POINT('Ctrl Pts',(-7.73765270693199,-19.8689341235077,0.8));
#5620=CARTESIAN_POINT('Ctrl Pts',(-7.92322965052864,-19.9233053726323,0.));
#5621=CARTESIAN_POINT('Ctrl Pts',(-7.92322965052864,-19.9233053726323,0.8));
#5622=CARTESIAN_POINT('Ctrl Pts',(-8.10903457059464,-19.9774027130218,0.));
#5623=CARTESIAN_POINT('Ctrl Pts',(-8.10903457059464,-19.9774027130218,0.8));
#5624=CARTESIAN_POINT('Ctrl Pts',(-8.29506658111807,-20.0312278465533,0.));
#5625=CARTESIAN_POINT('Ctrl Pts',(-8.29506658111807,-20.0312278465533,0.8));
#5626=CARTESIAN_POINT('Ctrl Pts',(-8.44407323984527,-20.0740711883938,0.));
#5627=CARTESIAN_POINT('Ctrl Pts',(-8.44407323984527,-20.0740711883938,0.8));
#5628=CARTESIAN_POINT('Ctrl Pts',(-8.55592982516915,-20.1060821111378,0.));
#5629=CARTESIAN_POINT('Ctrl Pts',(-8.55592982516915,-20.1060821111378,0.8));
#5630=CARTESIAN_POINT('Ctrl Pts',(-8.63054600433467,-20.1273687243017,0.));
#5631=CARTESIAN_POINT('Ctrl Pts',(-8.63054600433467,-20.1273687243017,0.8));
#5632=CARTESIAN_POINT('Ctrl Pts',(-8.66786537448857,-20.1379985303839,0.));
#5633=CARTESIAN_POINT('Ctrl Pts',(-8.66786537448857,-20.1379985303839,0.8));
#5634=CARTESIAN_POINT('',(0.412231519273218,-17.1203804465473,0.));
#5635=CARTESIAN_POINT('Ctrl Pts',(0.412231519273218,-17.1203804465473,0.));
#5636=CARTESIAN_POINT('Ctrl Pts',(0.376609514568261,-17.1339994115426,0.));
#5637=CARTESIAN_POINT('Ctrl Pts',(0.305358308890746,-17.1612040800956,0.));
#5638=CARTESIAN_POINT('Ctrl Pts',(0.198459911577467,-17.2019112986134,0.));
#5639=CARTESIAN_POINT('Ctrl Pts',(0.0558855093951442,-17.2559878913541,
0.));
#5640=CARTESIAN_POINT('Ctrl Pts',(-0.122405021443889,-17.3232502078169,
0.));
#5641=CARTESIAN_POINT('Ctrl Pts',(-0.300769354807253,-17.3901786264987,
0.));
#5642=CARTESIAN_POINT('Ctrl Pts',(-0.479209826672395,-17.4567731877372,
0.));
#5643=CARTESIAN_POINT('Ctrl Pts',(-0.657730145763765,-17.5230348512257,
0.));
#5644=CARTESIAN_POINT('Ctrl Pts',(-0.836335692718475,-17.5889658981108,
0.));
#5645=CARTESIAN_POINT('Ctrl Pts',(-1.01503292965605,-17.6545695057244,0.));
#5646=CARTESIAN_POINT('Ctrl Pts',(-1.19382881988516,-17.7198493412457,0.));
#5647=CARTESIAN_POINT('Ctrl Pts',(-1.37273024805016,-17.7848091607396,0.));
#5648=CARTESIAN_POINT('Ctrl Pts',(-1.55174342624201,-17.8494524115729,0.));
#5649=CARTESIAN_POINT('Ctrl Pts',(-1.73087333347476,-17.9137818537524,0.));
#5650=CARTESIAN_POINT('Ctrl Pts',(-1.91012428716384,-17.9777996219031,0.));
#5651=CARTESIAN_POINT('Ctrl Pts',(-2.08950048153803,-18.0415072784128,0.));
#5652=CARTESIAN_POINT('Ctrl Pts',(-2.26900652548672,-18.1049058784785,0.));
#5653=CARTESIAN_POINT('Ctrl Pts',(-2.44864799849358,-18.1679960338578,0.));
#5654=CARTESIAN_POINT('Ctrl Pts',(-2.62843193926486,-18.2307779948492,0.));
#5655=CARTESIAN_POINT('Ctrl Pts',(-2.80836603284578,-18.2932519524877,0.));
#5656=CARTESIAN_POINT('Ctrl Pts',(-2.98845784776749,-18.3554183413998,0.));
#5657=CARTESIAN_POINT('Ctrl Pts',(-3.16871406614323,-18.417278142939,0.));
#5658=CARTESIAN_POINT('Ctrl Pts',(-3.34913967425261,-18.4788332176457,0.));
#5659=CARTESIAN_POINT('Ctrl Pts',(-3.52973726416999,-18.5400865810938,0.));
#5660=CARTESIAN_POINT('Ctrl Pts',(-3.71050804930903,-18.6010417726603,0.));
#5661=CARTESIAN_POINT('Ctrl Pts',(-3.89145278190588,-18.661702278358,0.));
#5662=CARTESIAN_POINT('Ctrl Pts',(-4.07257268183651,-18.7220709551464,0.));
#5663=CARTESIAN_POINT('Ctrl Pts',(-4.25387040058454,-18.7821494306558,0.));
#5664=CARTESIAN_POINT('Ctrl Pts',(-4.4353508417208,-18.8419376075847,0.));
#5665=CARTESIAN_POINT('Ctrl Pts',(-4.61702018521426,-18.9014344239708,0.));
#5666=CARTESIAN_POINT('Ctrl Pts',(-4.79888502371758,-18.9606385404982,0.));
#5667=CARTESIAN_POINT('Ctrl Pts',(-4.98095147100963,-19.0195490459631,0.));
#5668=CARTESIAN_POINT('Ctrl Pts',(-5.16322423402739,-19.0781662019276,0.));
#5669=CARTESIAN_POINT('Ctrl Pts',(-5.34570581217666,-19.1364920730439,0.));
#5670=CARTESIAN_POINT('Ctrl Pts',(-5.52839730318285,-19.1945297165653,0.));
#5671=CARTESIAN_POINT('Ctrl Pts',(-5.71129909250113,-19.2522824762698,0.));
#5672=CARTESIAN_POINT('Ctrl Pts',(-5.89441156642088,-19.3097532599653,0.));
#5673=CARTESIAN_POINT('Ctrl Pts',(-6.07773583737006,-19.3669437988978,0.));
#5674=CARTESIAN_POINT('Ctrl Pts',(-6.26127437699048,-19.4238540134525,0.));
#5675=CARTESIAN_POINT('Ctrl Pts',(-6.44503047059283,-19.4804827077065,0.));
#5676=CARTESIAN_POINT('Ctrl Pts',(-6.62900774658414,-19.5368281810484,0.));
#5677=CARTESIAN_POINT('Ctrl Pts',(-6.81320967867548,-19.5928888687049,0.));
#5678=CARTESIAN_POINT('Ctrl Pts',(-6.9976390793947,-19.6486639978216,0.));
#5679=CARTESIAN_POINT('Ctrl Pts',(-7.18229762919773,-19.7041541900588,0.));
#5680=CARTESIAN_POINT('Ctrl Pts',(-7.36718611379275,-19.7593610552974,0.));
#5681=CARTESIAN_POINT('Ctrl Pts',(-7.55230461434878,-19.8142868502121,0.));
#5682=CARTESIAN_POINT('Ctrl Pts',(-7.73765270693199,-19.8689341235077,0.));
#5683=CARTESIAN_POINT('Ctrl Pts',(-7.92322965052864,-19.9233053726323,0.));
#5684=CARTESIAN_POINT('Ctrl Pts',(-8.10903457059464,-19.9774027130218,0.));
#5685=CARTESIAN_POINT('Ctrl Pts',(-8.29506658111807,-20.0312278465533,0.));
#5686=CARTESIAN_POINT('Ctrl Pts',(-8.44407323984527,-20.0740711883938,0.));
#5687=CARTESIAN_POINT('Ctrl Pts',(-8.55592982516915,-20.1060821111378,0.));
#5688=CARTESIAN_POINT('Ctrl Pts',(-8.63054600433467,-20.1273687243017,0.));
#5689=CARTESIAN_POINT('Ctrl Pts',(-8.66786537448857,-20.1379985303839,0.));
#5690=CARTESIAN_POINT('',(0.412231519273218,-17.1203804465473,0.));
#5691=CARTESIAN_POINT('Ctrl Pts',(2.70408878848758,-13.5378404833997,0.));
#5692=CARTESIAN_POINT('Ctrl Pts',(2.70408878848758,-13.5378404833997,0.8));
#5693=CARTESIAN_POINT('Ctrl Pts',(2.69470475220743,-13.5520331288489,0.));
#5694=CARTESIAN_POINT('Ctrl Pts',(2.69470475220743,-13.5520331288489,0.8));
#5695=CARTESIAN_POINT('Ctrl Pts',(2.67594093276338,-13.5804206590364,0.));
#5696=CARTESIAN_POINT('Ctrl Pts',(2.67594093276338,-13.5804206590364,0.8));
#5697=CARTESIAN_POINT('Ctrl Pts',(2.64780796294538,-13.6230086721848,0.));
#5698=CARTESIAN_POINT('Ctrl Pts',(2.64780796294538,-13.6230086721848,0.8));
#5699=CARTESIAN_POINT('Ctrl Pts',(2.61032287184386,-13.6798061342028,0.));
#5700=CARTESIAN_POINT('Ctrl Pts',(2.61032287184386,-13.6798061342028,0.8));
#5701=CARTESIAN_POINT('Ctrl Pts',(2.56350917436825,-13.750825521693,0.));
#5702=CARTESIAN_POINT('Ctrl Pts',(2.56350917436825,-13.750825521693,0.8));
#5703=CARTESIAN_POINT('Ctrl Pts',(2.51673829891601,-13.8218678389048,0.));
#5704=CARTESIAN_POINT('Ctrl Pts',(2.51673829891601,-13.8218678389048,0.8));
#5705=CARTESIAN_POINT('Ctrl Pts',(2.47001043056024,-13.8929337594833,0.));
#5706=CARTESIAN_POINT('Ctrl Pts',(2.47001043056024,-13.8929337594833,0.8));
#5707=CARTESIAN_POINT('Ctrl Pts',(2.4233257643884,-13.9640243477255,0.));
#5708=CARTESIAN_POINT('Ctrl Pts',(2.4233257643884,-13.9640243477255,0.8));
#5709=CARTESIAN_POINT('Ctrl Pts',(2.3766844852235,-14.0351411456318,0.));
#5710=CARTESIAN_POINT('Ctrl Pts',(2.3766844852235,-14.0351411456318,0.8));
#5711=CARTESIAN_POINT('Ctrl Pts',(2.33008673072559,-14.1062858658824,0.));
#5712=CARTESIAN_POINT('Ctrl Pts',(2.33008673072559,-14.1062858658824,0.8));
#5713=CARTESIAN_POINT('Ctrl Pts',(2.2835325535317,-14.1774600846224,0.));
#5714=CARTESIAN_POINT('Ctrl Pts',(2.2835325535317,-14.1774600846224,0.8));
#5715=CARTESIAN_POINT('Ctrl Pts',(2.23702188236436,-14.2486649334565,0.));
#5716=CARTESIAN_POINT('Ctrl Pts',(2.23702188236436,-14.2486649334565,0.8));
#5717=CARTESIAN_POINT('Ctrl Pts',(2.19055448201453,-14.3199007898951,0.));
#5718=CARTESIAN_POINT('Ctrl Pts',(2.19055448201453,-14.3199007898951,0.8));
#5719=CARTESIAN_POINT('Ctrl Pts',(2.14412991216801,-14.3911669659653,0.));
#5720=CARTESIAN_POINT('Ctrl Pts',(2.14412991216801,-14.3911669659653,0.8));
#5721=CARTESIAN_POINT('Ctrl Pts',(2.09774758655074,-14.462462111112,0.));
#5722=CARTESIAN_POINT('Ctrl Pts',(2.09774758655074,-14.462462111112,0.8));
#5723=CARTESIAN_POINT('Ctrl Pts',(2.05140683088767,-14.5337846129423,0.));
#5724=CARTESIAN_POINT('Ctrl Pts',(2.05140683088767,-14.5337846129423,0.8));
#5725=CARTESIAN_POINT('Ctrl Pts',(2.0051069398718,-14.60513299693,0.));
#5726=CARTESIAN_POINT('Ctrl Pts',(2.0051069398718,-14.60513299693,0.8));
#5727=CARTESIAN_POINT('Ctrl Pts',(1.95884723320654,-14.6765063259265,0.));
#5728=CARTESIAN_POINT('Ctrl Pts',(1.95884723320654,-14.6765063259265,0.8));
#5729=CARTESIAN_POINT('Ctrl Pts',(1.9126271109575,-14.7479045998736,0.));
#5730=CARTESIAN_POINT('Ctrl Pts',(1.9126271109575,-14.7479045998736,0.8));
#5731=CARTESIAN_POINT('Ctrl Pts',(1.86644623384693,-14.8193285199118,0.));
#5732=CARTESIAN_POINT('Ctrl Pts',(1.86644623384693,-14.8193285199118,0.8));
#5733=CARTESIAN_POINT('Ctrl Pts',(1.82030470323131,-14.8907792537285,0.));
#5734=CARTESIAN_POINT('Ctrl Pts',(1.82030470323131,-14.8907792537285,0.8));
#5735=CARTESIAN_POINT('Ctrl Pts',(1.7742032410857,-14.9622582011826,0.));
#5736=CARTESIAN_POINT('Ctrl Pts',(1.7742032410857,-14.9622582011826,0.8));
#5737=CARTESIAN_POINT('Ctrl Pts',(1.72814337062359,-15.0337667598568,0.));
#5738=CARTESIAN_POINT('Ctrl Pts',(1.72814337062359,-15.0337667598568,0.8));
#5739=CARTESIAN_POINT('Ctrl Pts',(1.68212759708141,-15.1053060901458,0.));
#5740=CARTESIAN_POINT('Ctrl Pts',(1.68212759708141,-15.1053060901458,0.8));
#5741=CARTESIAN_POINT('Ctrl Pts',(1.63615878363039,-15.1768770607286,0.));
#5742=CARTESIAN_POINT('Ctrl Pts',(1.63615878363039,-15.1768770607286,0.8));
#5743=CARTESIAN_POINT('Ctrl Pts',(1.59023952765831,-15.2484801926981,0.));
#5744=CARTESIAN_POINT('Ctrl Pts',(1.59023952765831,-15.2484801926981,0.8));
#5745=CARTESIAN_POINT('Ctrl Pts',(1.54437153553728,-15.3201156024619,0.));
#5746=CARTESIAN_POINT('Ctrl Pts',(1.54437153553728,-15.3201156024619,0.8));
#5747=CARTESIAN_POINT('Ctrl Pts',(1.49855499434313,-15.391782943124,0.));
#5748=CARTESIAN_POINT('Ctrl Pts',(1.49855499434313,-15.391782943124,0.8));
#5749=CARTESIAN_POINT('Ctrl Pts',(1.45278794067063,-15.4634813444965,0.));
#5750=CARTESIAN_POINT('Ctrl Pts',(1.45278794067063,-15.4634813444965,0.8));
#5751=CARTESIAN_POINT('Ctrl Pts',(1.40706712180334,-15.5352095777097,0.));
#5752=CARTESIAN_POINT('Ctrl Pts',(1.40706712180334,-15.5352095777097,0.8));
#5753=CARTESIAN_POINT('Ctrl Pts',(1.36138885225434,-15.6069662183233,0.));
#5754=CARTESIAN_POINT('Ctrl Pts',(1.36138885225434,-15.6069662183233,0.8));
#5755=CARTESIAN_POINT('Ctrl Pts',(1.31574986881055,-15.6787498085261,0.));
#5756=CARTESIAN_POINT('Ctrl Pts',(1.31574986881055,-15.6787498085261,0.8));
#5757=CARTESIAN_POINT('Ctrl Pts',(1.27014818576798,-15.7505590186731,0.));
#5758=CARTESIAN_POINT('Ctrl Pts',(1.27014818576798,-15.7505590186731,0.8));
#5759=CARTESIAN_POINT('Ctrl Pts',(1.22458395085647,-15.8223928085472,0.));
#5760=CARTESIAN_POINT('Ctrl Pts',(1.22458395085647,-15.8223928085472,0.8));
#5761=CARTESIAN_POINT('Ctrl Pts',(1.17905882961771,-15.894250581555,0.));
#5762=CARTESIAN_POINT('Ctrl Pts',(1.17905882961771,-15.894250581555,0.8));
#5763=CARTESIAN_POINT('Ctrl Pts',(1.13357539314211,-15.9661323393418,0.));
#5764=CARTESIAN_POINT('Ctrl Pts',(1.13357539314211,-15.9661323393418,0.8));
#5765=CARTESIAN_POINT('Ctrl Pts',(1.08813650643073,-16.0380388370027,0.));
#5766=CARTESIAN_POINT('Ctrl Pts',(1.08813650643073,-16.0380388370027,0.8));
#5767=CARTESIAN_POINT('Ctrl Pts',(1.0427447164919,-16.1099717394892,0.));
#5768=CARTESIAN_POINT('Ctrl Pts',(1.0427447164919,-16.1099717394892,0.8));
#5769=CARTESIAN_POINT('Ctrl Pts',(0.997401639361025,-16.1819337787473,0.));
#5770=CARTESIAN_POINT('Ctrl Pts',(0.997401639361025,-16.1819337787473,0.8));
#5771=CARTESIAN_POINT('Ctrl Pts',(0.952108097615165,-16.2539281274254,0.));
#5772=CARTESIAN_POINT('Ctrl Pts',(0.952108097615165,-16.2539281274254,0.8));
#5773=CARTESIAN_POINT('Ctrl Pts',(0.90686425479835,-16.3259577733742,0.));
#5774=CARTESIAN_POINT('Ctrl Pts',(0.90686425479835,-16.3259577733742,0.8));
#5775=CARTESIAN_POINT('Ctrl Pts',(0.861669747780399,-16.3980248930714,0.));
#5776=CARTESIAN_POINT('Ctrl Pts',(0.861669747780399,-16.3980248930714,0.8));
#5777=CARTESIAN_POINT('Ctrl Pts',(0.81652381700942,-16.4701302225048,0.));
#5778=CARTESIAN_POINT('Ctrl Pts',(0.81652381700942,-16.4701302225048,0.8));
#5779=CARTESIAN_POINT('Ctrl Pts',(0.771425435030642,-16.5422724253841,0.));
#5780=CARTESIAN_POINT('Ctrl Pts',(0.771425435030642,-16.5422724253841,0.8));
#5781=CARTESIAN_POINT('Ctrl Pts',(0.726373416034737,-16.6144487278789,0.));
#5782=CARTESIAN_POINT('Ctrl Pts',(0.726373416034737,-16.6144487278789,0.8));
#5783=CARTESIAN_POINT('Ctrl Pts',(0.681366524169261,-16.6866555488314,0.));
#5784=CARTESIAN_POINT('Ctrl Pts',(0.681366524169261,-16.6866555488314,0.8));
#5785=CARTESIAN_POINT('Ctrl Pts',(0.63640358081158,-16.7588891280522,0.));
#5786=CARTESIAN_POINT('Ctrl Pts',(0.63640358081158,-16.7588891280522,0.8));
#5787=CARTESIAN_POINT('Ctrl Pts',(0.591483571066894,-16.8311461535727,0.));
#5788=CARTESIAN_POINT('Ctrl Pts',(0.591483571066894,-16.8311461535727,0.8));
#5789=CARTESIAN_POINT('Ctrl Pts',(0.546605749670711,-16.9034243891048,0.));
#5790=CARTESIAN_POINT('Ctrl Pts',(0.546605749670711,-16.9034243891048,0.8));
#5791=CARTESIAN_POINT('Ctrl Pts',(0.501769604040987,-16.9757224643516,0.));
#5792=CARTESIAN_POINT('Ctrl Pts',(0.501769604040987,-16.9757224643516,0.8));
#5793=CARTESIAN_POINT('Ctrl Pts',(0.465933774392527,-17.033576226342,0.));
#5794=CARTESIAN_POINT('Ctrl Pts',(0.465933774392527,-17.033576226342,0.8));
#5795=CARTESIAN_POINT('Ctrl Pts',(0.439075441703258,-17.0769750371812,0.));
#5796=CARTESIAN_POINT('Ctrl Pts',(0.439075441703258,-17.0769750371812,0.8));
#5797=CARTESIAN_POINT('Ctrl Pts',(0.421178121010866,-17.1059113483274,0.));
#5798=CARTESIAN_POINT('Ctrl Pts',(0.421178121010866,-17.1059113483274,0.8));
#5799=CARTESIAN_POINT('Ctrl Pts',(0.412231519273218,-17.1203804465473,0.));
#5800=CARTESIAN_POINT('Ctrl Pts',(0.412231519273218,-17.1203804465473,0.8));
#5801=CARTESIAN_POINT('',(2.70408878848758,-13.5378404833997,0.));
#5802=CARTESIAN_POINT('Ctrl Pts',(2.70408878848758,-13.5378404833997,0.));
#5803=CARTESIAN_POINT('Ctrl Pts',(2.69470475220743,-13.5520331288489,0.));
#5804=CARTESIAN_POINT('Ctrl Pts',(2.67594093276338,-13.5804206590364,0.));
#5805=CARTESIAN_POINT('Ctrl Pts',(2.64780796294538,-13.6230086721848,0.));
#5806=CARTESIAN_POINT('Ctrl Pts',(2.61032287184386,-13.6798061342028,0.));
#5807=CARTESIAN_POINT('Ctrl Pts',(2.56350917436825,-13.750825521693,0.));
#5808=CARTESIAN_POINT('Ctrl Pts',(2.51673829891601,-13.8218678389048,0.));
#5809=CARTESIAN_POINT('Ctrl Pts',(2.47001043056024,-13.8929337594833,0.));
#5810=CARTESIAN_POINT('Ctrl Pts',(2.4233257643884,-13.9640243477255,0.));
#5811=CARTESIAN_POINT('Ctrl Pts',(2.3766844852235,-14.0351411456318,0.));
#5812=CARTESIAN_POINT('Ctrl Pts',(2.33008673072559,-14.1062858658824,0.));
#5813=CARTESIAN_POINT('Ctrl Pts',(2.2835325535317,-14.1774600846224,0.));
#5814=CARTESIAN_POINT('Ctrl Pts',(2.23702188236436,-14.2486649334565,0.));
#5815=CARTESIAN_POINT('Ctrl Pts',(2.19055448201453,-14.3199007898951,0.));
#5816=CARTESIAN_POINT('Ctrl Pts',(2.14412991216801,-14.3911669659653,0.));
#5817=CARTESIAN_POINT('Ctrl Pts',(2.09774758655074,-14.462462111112,0.));
#5818=CARTESIAN_POINT('Ctrl Pts',(2.05140683088767,-14.5337846129423,0.));
#5819=CARTESIAN_POINT('Ctrl Pts',(2.0051069398718,-14.60513299693,0.));
#5820=CARTESIAN_POINT('Ctrl Pts',(1.95884723320654,-14.6765063259265,0.));
#5821=CARTESIAN_POINT('Ctrl Pts',(1.9126271109575,-14.7479045998736,0.));
#5822=CARTESIAN_POINT('Ctrl Pts',(1.86644623384693,-14.8193285199118,0.));
#5823=CARTESIAN_POINT('Ctrl Pts',(1.82030470323131,-14.8907792537285,0.));
#5824=CARTESIAN_POINT('Ctrl Pts',(1.7742032410857,-14.9622582011826,0.));
#5825=CARTESIAN_POINT('Ctrl Pts',(1.72814337062359,-15.0337667598568,0.));
#5826=CARTESIAN_POINT('Ctrl Pts',(1.68212759708141,-15.1053060901458,0.));
#5827=CARTESIAN_POINT('Ctrl Pts',(1.63615878363039,-15.1768770607286,0.));
#5828=CARTESIAN_POINT('Ctrl Pts',(1.59023952765831,-15.2484801926981,0.));
#5829=CARTESIAN_POINT('Ctrl Pts',(1.54437153553728,-15.3201156024619,0.));
#5830=CARTESIAN_POINT('Ctrl Pts',(1.49855499434313,-15.391782943124,0.));
#5831=CARTESIAN_POINT('Ctrl Pts',(1.45278794067063,-15.4634813444965,0.));
#5832=CARTESIAN_POINT('Ctrl Pts',(1.40706712180334,-15.5352095777097,0.));
#5833=CARTESIAN_POINT('Ctrl Pts',(1.36138885225434,-15.6069662183233,0.));
#5834=CARTESIAN_POINT('Ctrl Pts',(1.31574986881055,-15.6787498085261,0.));
#5835=CARTESIAN_POINT('Ctrl Pts',(1.27014818576798,-15.7505590186731,0.));
#5836=CARTESIAN_POINT('Ctrl Pts',(1.22458395085647,-15.8223928085472,0.));
#5837=CARTESIAN_POINT('Ctrl Pts',(1.17905882961771,-15.894250581555,0.));
#5838=CARTESIAN_POINT('Ctrl Pts',(1.13357539314211,-15.9661323393418,0.));
#5839=CARTESIAN_POINT('Ctrl Pts',(1.08813650643073,-16.0380388370027,0.));
#5840=CARTESIAN_POINT('Ctrl Pts',(1.0427447164919,-16.1099717394892,0.));
#5841=CARTESIAN_POINT('Ctrl Pts',(0.997401639361025,-16.1819337787473,0.));
#5842=CARTESIAN_POINT('Ctrl Pts',(0.952108097615165,-16.2539281274254,0.));
#5843=CARTESIAN_POINT('Ctrl Pts',(0.90686425479835,-16.3259577733742,0.));
#5844=CARTESIAN_POINT('Ctrl Pts',(0.861669747780399,-16.3980248930714,0.));
#5845=CARTESIAN_POINT('Ctrl Pts',(0.81652381700942,-16.4701302225048,0.));
#5846=CARTESIAN_POINT('Ctrl Pts',(0.771425435030642,-16.5422724253841,0.));
#5847=CARTESIAN_POINT('Ctrl Pts',(0.726373416034737,-16.6144487278789,0.));
#5848=CARTESIAN_POINT('Ctrl Pts',(0.681366524169261,-16.6866555488314,0.));
#5849=CARTESIAN_POINT('Ctrl Pts',(0.63640358081158,-16.7588891280522,0.));
#5850=CARTESIAN_POINT('Ctrl Pts',(0.591483571066894,-16.8311461535727,0.));
#5851=CARTESIAN_POINT('Ctrl Pts',(0.546605749670711,-16.9034243891048,0.));
#5852=CARTESIAN_POINT('Ctrl Pts',(0.501769604040987,-16.9757224643516,0.));
#5853=CARTESIAN_POINT('Ctrl Pts',(0.465933774392527,-17.033576226342,0.));
#5854=CARTESIAN_POINT('Ctrl Pts',(0.439075441703258,-17.0769750371812,0.));
#5855=CARTESIAN_POINT('Ctrl Pts',(0.421178121010866,-17.1059113483274,0.));
#5856=CARTESIAN_POINT('Ctrl Pts',(0.412231519273218,-17.1203804465473,0.));
#5857=CARTESIAN_POINT('',(2.70408878848758,-13.5378404833997,0.));
#5858=CARTESIAN_POINT('Origin',(0.00425723094561875,0.0026746067925143,
0.));
#5859=CARTESIAN_POINT('',(-0.560732651752134,-13.7928110961203,0.));
#5860=CARTESIAN_POINT('Origin',(0.00425723094561875,0.0026746067925143,
0.));
#5861=CARTESIAN_POINT('',(-0.560732651752134,-13.7928110961203,0.));
#5862=CARTESIAN_POINT('Ctrl Pts',(-8.75236986258086,-20.1011405394964,0.));
#5863=CARTESIAN_POINT('Ctrl Pts',(-8.75236986258086,-20.1011405394964,0.8));
#5864=CARTESIAN_POINT('Ctrl Pts',(-8.72533923677436,-20.0525356782244,0.));
#5865=CARTESIAN_POINT('Ctrl Pts',(-8.72533923677436,-20.0525356782244,0.8));
#5866=CARTESIAN_POINT('Ctrl Pts',(-8.67127563143062,-19.955712759944,0.));
#5867=CARTESIAN_POINT('Ctrl Pts',(-8.67127563143062,-19.955712759944,0.8));
#5868=CARTESIAN_POINT('Ctrl Pts',(-8.59017316213667,-19.8116387953368,0.));
#5869=CARTESIAN_POINT('Ctrl Pts',(-8.59017316213667,-19.8116387953368,0.8));
#5870=CARTESIAN_POINT('Ctrl Pts',(-8.4820224054162,-19.6218625128912,0.));
#5871=CARTESIAN_POINT('Ctrl Pts',(-8.4820224054162,-19.6218625128912,0.8));
#5872=CARTESIAN_POINT('Ctrl Pts',(-8.34680837955295,-19.3885245768152,0.));
#5873=CARTESIAN_POINT('Ctrl Pts',(-8.34680837955295,-19.3885245768152,0.8));
#5874=CARTESIAN_POINT('Ctrl Pts',(-8.21156279137485,-19.15908942928,0.));
#5875=CARTESIAN_POINT('Ctrl Pts',(-8.21156279137485,-19.15908942928,0.8));
#5876=CARTESIAN_POINT('Ctrl Pts',(-8.07627370994988,-18.9335863733117,0.));
#5877=CARTESIAN_POINT('Ctrl Pts',(-8.07627370994988,-18.9335863733117,0.8));
#5878=CARTESIAN_POINT('Ctrl Pts',(-7.9409213399768,-18.7120539153498,0.));
#5879=CARTESIAN_POINT('Ctrl Pts',(-7.9409213399768,-18.7120539153498,0.8));
#5880=CARTESIAN_POINT('Ctrl Pts',(-7.80547587990218,-18.494540171937,0.));
#5881=CARTESIAN_POINT('Ctrl Pts',(-7.80547587990218,-18.494540171937,0.8));
#5882=CARTESIAN_POINT('Ctrl Pts',(-7.66989597331444,-18.2811026483827,0.));
#5883=CARTESIAN_POINT('Ctrl Pts',(-7.66989597331444,-18.2811026483827,0.8));
#5884=CARTESIAN_POINT('Ctrl Pts',(-7.53413023103008,-18.0718050194276,0.));
#5885=CARTESIAN_POINT('Ctrl Pts',(-7.53413023103008,-18.0718050194276,0.8));
#5886=CARTESIAN_POINT('Ctrl Pts',(-7.39811831526564,-17.8667142868006,0.));
#5887=CARTESIAN_POINT('Ctrl Pts',(-7.39811831526564,-17.8667142868006,0.8));
#5888=CARTESIAN_POINT('Ctrl Pts',(-7.26179221492499,-17.6658975524441,0.));
#5889=CARTESIAN_POINT('Ctrl Pts',(-7.26179221492499,-17.6658975524441,0.8));
#5890=CARTESIAN_POINT('Ctrl Pts',(-7.12507732830225,-17.4694191487756,0.));
#5891=CARTESIAN_POINT('Ctrl Pts',(-7.12507732830225,-17.4694191487756,0.8));
#5892=CARTESIAN_POINT('Ctrl Pts',(-6.98789385933344,-17.2773367025693,0.));
#5893=CARTESIAN_POINT('Ctrl Pts',(-6.98789385933344,-17.2773367025693,0.8));
#5894=CARTESIAN_POINT('Ctrl Pts',(-6.85015679686184,-17.0897016846806,0.));
#5895=CARTESIAN_POINT('Ctrl Pts',(-6.85015679686184,-17.0897016846806,0.8));
#5896=CARTESIAN_POINT('Ctrl Pts',(-6.71177525571494,-16.9065619854764,0.));
#5897=CARTESIAN_POINT('Ctrl Pts',(-6.71177525571494,-16.9065619854764,0.8));
#5898=CARTESIAN_POINT('Ctrl Pts',(-6.57265199305452,-16.7279637476581,0.));
#5899=CARTESIAN_POINT('Ctrl Pts',(-6.57265199305452,-16.7279637476581,0.8));
#5900=CARTESIAN_POINT('Ctrl Pts',(-6.43268290916593,-16.5539533166988,0.));
#5901=CARTESIAN_POINT('Ctrl Pts',(-6.43268290916593,-16.5539533166988,0.8));
#5902=CARTESIAN_POINT('Ctrl Pts',(-6.29175641737868,-16.3845791517197,0.));
#5903=CARTESIAN_POINT('Ctrl Pts',(-6.29175641737868,-16.3845791517197,0.8));
#5904=CARTESIAN_POINT('Ctrl Pts',(-6.14975340373766,-16.2198930886354,0.));
#5905=CARTESIAN_POINT('Ctrl Pts',(-6.14975340373766,-16.2198930886354,0.8));
#5906=CARTESIAN_POINT('Ctrl Pts',(-6.00654791249165,-16.0599507735344,0.));
#5907=CARTESIAN_POINT('Ctrl Pts',(-6.00654791249165,-16.0599507735344,0.8));
#5908=CARTESIAN_POINT('Ctrl Pts',(-5.8620076269955,-15.9048122260576,0.));
#5909=CARTESIAN_POINT('Ctrl Pts',(-5.8620076269955,-15.9048122260576,0.8));
#5910=CARTESIAN_POINT('Ctrl Pts',(-5.71599450126202,-15.754542186401,0.));
#5911=CARTESIAN_POINT('Ctrl Pts',(-5.71599450126202,-15.754542186401,0.8));
#5912=CARTESIAN_POINT('Ctrl Pts',(-5.56836521932495,-15.6092105333595,0.));
#5913=CARTESIAN_POINT('Ctrl Pts',(-5.56836521932495,-15.6092105333595,0.8));
#5914=CARTESIAN_POINT('Ctrl Pts',(-5.41897226928524,-15.4688921362094,0.));
#5915=CARTESIAN_POINT('Ctrl Pts',(-5.41897226928524,-15.4688921362094,0.8));
#5916=CARTESIAN_POINT('Ctrl Pts',(-5.26766560742472,-15.3336661657156,0.));
#5917=CARTESIAN_POINT('Ctrl Pts',(-5.26766560742472,-15.3336661657156,0.8));
#5918=CARTESIAN_POINT('Ctrl Pts',(-5.11429418102591,-15.2036154524673,0.));
#5919=CARTESIAN_POINT('Ctrl Pts',(-5.11429418102591,-15.2036154524673,0.8));
#5920=CARTESIAN_POINT('Ctrl Pts',(-4.95870759635898,-15.0788256573722,0.));
#5921=CARTESIAN_POINT('Ctrl Pts',(-4.95870759635898,-15.0788256573722,0.8));
#5922=CARTESIAN_POINT('Ctrl Pts',(-4.80075768335504,-14.9593844768382,0.));
#5923=CARTESIAN_POINT('Ctrl Pts',(-4.80075768335504,-14.9593844768382,0.8));
#5924=CARTESIAN_POINT('Ctrl Pts',(-4.64030082460882,-14.8453800833531,0.));
#5925=CARTESIAN_POINT('Ctrl Pts',(-4.64030082460882,-14.8453800833531,0.8));
#5926=CARTESIAN_POINT('Ctrl Pts',(-4.47720059869574,-14.7368992269468,0.));
#5927=CARTESIAN_POINT('Ctrl Pts',(-4.47720059869574,-14.7368992269468,0.8));
#5928=CARTESIAN_POINT('Ctrl Pts',(-4.3113303462461,-14.6340253413138,0.));
#5929=CARTESIAN_POINT('Ctrl Pts',(-4.3113303462461,-14.6340253413138,0.8));
#5930=CARTESIAN_POINT('Ctrl Pts',(-4.14257599505637,-14.5368363951865,0.));
#5931=CARTESIAN_POINT('Ctrl Pts',(-4.14257599505637,-14.5368363951865,0.8));
#5932=CARTESIAN_POINT('Ctrl Pts',(-3.97083852184671,-14.4454029304458,0.));
#5933=CARTESIAN_POINT('Ctrl Pts',(-3.97083852184671,-14.4454029304458,0.8));
#5934=CARTESIAN_POINT('Ctrl Pts',(-3.79603244765991,-14.3597886055597,0.));
#5935=CARTESIAN_POINT('Ctrl Pts',(-3.79603244765991,-14.3597886055597,0.8));
#5936=CARTESIAN_POINT('Ctrl Pts',(-3.61808461901422,-14.280050555822,0.));
#5937=CARTESIAN_POINT('Ctrl Pts',(-3.61808461901422,-14.280050555822,0.8));
#5938=CARTESIAN_POINT('Ctrl Pts',(-3.4369332315437,-14.2062393432014,0.));
#5939=CARTESIAN_POINT('Ctrl Pts',(-3.4369332315437,-14.2062393432014,0.8));
#5940=CARTESIAN_POINT('Ctrl Pts',(-3.25252631092371,-14.13839962215,0.));
#5941=CARTESIAN_POINT('Ctrl Pts',(-3.25252631092371,-14.13839962215,0.8));
#5942=CARTESIAN_POINT('Ctrl Pts',(-3.06482269541317,-14.0765675311988,0.));
#5943=CARTESIAN_POINT('Ctrl Pts',(-3.06482269541317,-14.0765675311988,0.8));
#5944=CARTESIAN_POINT('Ctrl Pts',(-2.87379555329893,-14.0207648069749,0.));
#5945=CARTESIAN_POINT('Ctrl Pts',(-2.87379555329893,-14.0207648069749,0.8));
#5946=CARTESIAN_POINT('Ctrl Pts',(-2.67943555872499,-13.9709932747242,0.));
#5947=CARTESIAN_POINT('Ctrl Pts',(-2.67943555872499,-13.9709932747242,0.8));
#5948=CARTESIAN_POINT('Ctrl Pts',(-2.48175386728036,-13.92722965155,0.));
#5949=CARTESIAN_POINT('Ctrl Pts',(-2.48175386728036,-13.92722965155,0.8));
#5950=CARTESIAN_POINT('Ctrl Pts',(-2.28078657012572,-13.8894181954179,0.));
#5951=CARTESIAN_POINT('Ctrl Pts',(-2.28078657012572,-13.8894181954179,0.8));
#5952=CARTESIAN_POINT('Ctrl Pts',(-2.07658809290095,-13.8574791936131,0.));
#5953=CARTESIAN_POINT('Ctrl Pts',(-2.07658809290095,-13.8574791936131,0.8));
#5954=CARTESIAN_POINT('Ctrl Pts',(-1.86922233723297,-13.8313206626302,0.));
#5955=CARTESIAN_POINT('Ctrl Pts',(-1.86922233723297,-13.8313206626302,0.8));
#5956=CARTESIAN_POINT('Ctrl Pts',(-1.65875473531143,-13.8108487215113,0.));
#5957=CARTESIAN_POINT('Ctrl Pts',(-1.65875473531143,-13.8108487215113,0.8));
#5958=CARTESIAN_POINT('Ctrl Pts',(-1.44524399012377,-13.7959783831074,0.));
#5959=CARTESIAN_POINT('Ctrl Pts',(-1.44524399012377,-13.7959783831074,0.8));
#5960=CARTESIAN_POINT('Ctrl Pts',(-1.22873411686985,-13.7866439090122,0.));
#5961=CARTESIAN_POINT('Ctrl Pts',(-1.22873411686985,-13.7866439090122,0.8));
#5962=CARTESIAN_POINT('Ctrl Pts',(-1.00925620584594,-13.7827971856028,0.));
#5963=CARTESIAN_POINT('Ctrl Pts',(-1.00925620584594,-13.7827971856028,0.8));
#5964=CARTESIAN_POINT('Ctrl Pts',(-0.831315356608155,-13.7840843262402,
0.));
#5965=CARTESIAN_POINT('Ctrl Pts',(-0.831315356608155,-13.7840843262402,
0.8));
#5966=CARTESIAN_POINT('Ctrl Pts',(-0.696537763562001,-13.7874967089939,
0.));
#5967=CARTESIAN_POINT('Ctrl Pts',(-0.696537763562001,-13.7874967089939,
0.8));
#5968=CARTESIAN_POINT('Ctrl Pts',(-0.606098881287082,-13.7908584904662,
0.));
#5969=CARTESIAN_POINT('Ctrl Pts',(-0.606098881287082,-13.7908584904662,
0.8));
#5970=CARTESIAN_POINT('Ctrl Pts',(-0.560732651752134,-13.7928110961203,
0.));
#5971=CARTESIAN_POINT('Ctrl Pts',(-0.560732651752134,-13.7928110961203,
0.8));
#5972=CARTESIAN_POINT('',(-8.75236986258086,-20.1011405394964,0.));
#5973=CARTESIAN_POINT('Ctrl Pts',(-8.75236986258086,-20.1011405394964,0.));
#5974=CARTESIAN_POINT('Ctrl Pts',(-8.72533923677436,-20.0525356782244,0.));
#5975=CARTESIAN_POINT('Ctrl Pts',(-8.67127563143062,-19.955712759944,0.));
#5976=CARTESIAN_POINT('Ctrl Pts',(-8.59017316213667,-19.8116387953368,0.));
#5977=CARTESIAN_POINT('Ctrl Pts',(-8.4820224054162,-19.6218625128912,0.));
#5978=CARTESIAN_POINT('Ctrl Pts',(-8.34680837955295,-19.3885245768152,0.));
#5979=CARTESIAN_POINT('Ctrl Pts',(-8.21156279137485,-19.15908942928,0.));
#5980=CARTESIAN_POINT('Ctrl Pts',(-8.07627370994988,-18.9335863733117,0.));
#5981=CARTESIAN_POINT('Ctrl Pts',(-7.9409213399768,-18.7120539153498,0.));
#5982=CARTESIAN_POINT('Ctrl Pts',(-7.80547587990218,-18.494540171937,0.));
#5983=CARTESIAN_POINT('Ctrl Pts',(-7.66989597331444,-18.2811026483827,0.));
#5984=CARTESIAN_POINT('Ctrl Pts',(-7.53413023103008,-18.0718050194276,0.));
#5985=CARTESIAN_POINT('Ctrl Pts',(-7.39811831526564,-17.8667142868006,0.));
#5986=CARTESIAN_POINT('Ctrl Pts',(-7.26179221492499,-17.6658975524441,0.));
#5987=CARTESIAN_POINT('Ctrl Pts',(-7.12507732830225,-17.4694191487756,0.));
#5988=CARTESIAN_POINT('Ctrl Pts',(-6.98789385933344,-17.2773367025693,0.));
#5989=CARTESIAN_POINT('Ctrl Pts',(-6.85015679686184,-17.0897016846806,0.));
#5990=CARTESIAN_POINT('Ctrl Pts',(-6.71177525571494,-16.9065619854764,0.));
#5991=CARTESIAN_POINT('Ctrl Pts',(-6.57265199305452,-16.7279637476581,0.));
#5992=CARTESIAN_POINT('Ctrl Pts',(-6.43268290916593,-16.5539533166988,0.));
#5993=CARTESIAN_POINT('Ctrl Pts',(-6.29175641737868,-16.3845791517197,0.));
#5994=CARTESIAN_POINT('Ctrl Pts',(-6.14975340373766,-16.2198930886354,0.));
#5995=CARTESIAN_POINT('Ctrl Pts',(-6.00654791249165,-16.0599507735344,0.));
#5996=CARTESIAN_POINT('Ctrl Pts',(-5.8620076269955,-15.9048122260576,0.));
#5997=CARTESIAN_POINT('Ctrl Pts',(-5.71599450126202,-15.754542186401,0.));
#5998=CARTESIAN_POINT('Ctrl Pts',(-5.56836521932495,-15.6092105333595,0.));
#5999=CARTESIAN_POINT('Ctrl Pts',(-5.41897226928524,-15.4688921362094,0.));
#6000=CARTESIAN_POINT('Ctrl Pts',(-5.26766560742472,-15.3336661657156,0.));
#6001=CARTESIAN_POINT('Ctrl Pts',(-5.11429418102591,-15.2036154524673,0.));
#6002=CARTESIAN_POINT('Ctrl Pts',(-4.95870759635898,-15.0788256573722,0.));
#6003=CARTESIAN_POINT('Ctrl Pts',(-4.80075768335504,-14.9593844768382,0.));
#6004=CARTESIAN_POINT('Ctrl Pts',(-4.64030082460882,-14.8453800833531,0.));
#6005=CARTESIAN_POINT('Ctrl Pts',(-4.47720059869574,-14.7368992269468,0.));
#6006=CARTESIAN_POINT('Ctrl Pts',(-4.3113303462461,-14.6340253413138,0.));
#6007=CARTESIAN_POINT('Ctrl Pts',(-4.14257599505637,-14.5368363951865,0.));
#6008=CARTESIAN_POINT('Ctrl Pts',(-3.97083852184671,-14.4454029304458,0.));
#6009=CARTESIAN_POINT('Ctrl Pts',(-3.79603244765991,-14.3597886055597,0.));
#6010=CARTESIAN_POINT('Ctrl Pts',(-3.61808461901422,-14.280050555822,0.));
#6011=CARTESIAN_POINT('Ctrl Pts',(-3.4369332315437,-14.2062393432014,0.));
#6012=CARTESIAN_POINT('Ctrl Pts',(-3.25252631092371,-14.13839962215,0.));
#6013=CARTESIAN_POINT('Ctrl Pts',(-3.06482269541317,-14.0765675311988,0.));
#6014=CARTESIAN_POINT('Ctrl Pts',(-2.87379555329893,-14.0207648069749,0.));
#6015=CARTESIAN_POINT('Ctrl Pts',(-2.67943555872499,-13.9709932747242,0.));
#6016=CARTESIAN_POINT('Ctrl Pts',(-2.48175386728036,-13.92722965155,0.));
#6017=CARTESIAN_POINT('Ctrl Pts',(-2.28078657012572,-13.8894181954179,0.));
#6018=CARTESIAN_POINT('Ctrl Pts',(-2.07658809290095,-13.8574791936131,0.));
#6019=CARTESIAN_POINT('Ctrl Pts',(-1.86922233723297,-13.8313206626302,0.));
#6020=CARTESIAN_POINT('Ctrl Pts',(-1.65875473531143,-13.8108487215113,0.));
#6021=CARTESIAN_POINT('Ctrl Pts',(-1.44524399012377,-13.7959783831074,0.));
#6022=CARTESIAN_POINT('Ctrl Pts',(-1.22873411686985,-13.7866439090122,0.));
#6023=CARTESIAN_POINT('Ctrl Pts',(-1.00925620584594,-13.7827971856028,0.));
#6024=CARTESIAN_POINT('Ctrl Pts',(-0.831315356608155,-13.7840843262402,
0.));
#6025=CARTESIAN_POINT('Ctrl Pts',(-0.696537763562001,-13.7874967089939,
0.));
#6026=CARTESIAN_POINT('Ctrl Pts',(-0.606098881287082,-13.7908584904662,
0.));
#6027=CARTESIAN_POINT('Ctrl Pts',(-0.560732651752134,-13.7928110961203,
0.));
#6028=CARTESIAN_POINT('',(-8.75236986258086,-20.1011405394964,0.));
#6029=CARTESIAN_POINT('Origin',(0.097666268365022,0.0630105070655085,0.));
#6030=CARTESIAN_POINT('',(-11.2425948067531,-18.813286950216,0.));
#6031=CARTESIAN_POINT('Origin',(0.097666268365022,0.0630105070655085,0.));
#6032=CARTESIAN_POINT('',(-11.2425948067531,-18.813286950216,0.));
#6033=CARTESIAN_POINT('Ctrl Pts',(-9.90270387121608,-10.7440886448783,0.));
#6034=CARTESIAN_POINT('Ctrl Pts',(-9.90270387121608,-10.7440886448783,0.8));
#6035=CARTESIAN_POINT('Ctrl Pts',(-9.88825582683013,-10.7881845436536,0.));
#6036=CARTESIAN_POINT('Ctrl Pts',(-9.88825582683013,-10.7881845436536,0.8));
#6037=CARTESIAN_POINT('Ctrl Pts',(-9.85985859826896,-10.8761604884121,0.));
#6038=CARTESIAN_POINT('Ctrl Pts',(-9.85985859826896,-10.8761604884121,0.8));
#6039=CARTESIAN_POINT('Ctrl Pts',(-9.81875933597118,-11.0074768472384,0.));
#6040=CARTESIAN_POINT('Ctrl Pts',(-9.81875933597118,-11.0074768472384,0.8));
#6041=CARTESIAN_POINT('Ctrl Pts',(-9.76695543094242,-11.1812693649535,0.));
#6042=CARTESIAN_POINT('Ctrl Pts',(-9.76695543094242,-11.1812693649535,0.8));
#6043=CARTESIAN_POINT('Ctrl Pts',(-9.70720550569142,-11.3963429609156,0.));
#6044=CARTESIAN_POINT('Ctrl Pts',(-9.70720550569142,-11.3963429609156,0.8));
#6045=CARTESIAN_POINT('Ctrl Pts',(-9.65248026637125,-11.6092366212486,0.));
#6046=CARTESIAN_POINT('Ctrl Pts',(-9.65248026637125,-11.6092366212486,0.8));
#6047=CARTESIAN_POINT('Ctrl Pts',(-9.60280437264253,-11.8199309801695,0.));
#6048=CARTESIAN_POINT('Ctrl Pts',(-9.60280437264253,-11.8199309801695,0.8));
#6049=CARTESIAN_POINT('Ctrl Pts',(-9.55820564107065,-12.0283994737808,0.));
#6050=CARTESIAN_POINT('Ctrl Pts',(-9.55820564107065,-12.0283994737808,0.8));
#6051=CARTESIAN_POINT('Ctrl Pts',(-9.51871314455321,-12.2346077327444,0.));
#6052=CARTESIAN_POINT('Ctrl Pts',(-9.51871314455321,-12.2346077327444,0.8));
#6053=CARTESIAN_POINT('Ctrl Pts',(-9.48435529791543,-12.4385127956254,0.));
#6054=CARTESIAN_POINT('Ctrl Pts',(-9.48435529791543,-12.4385127956254,0.8));
#6055=CARTESIAN_POINT('Ctrl Pts',(-9.4551565867053,-12.6400655838633,0.));
#6056=CARTESIAN_POINT('Ctrl Pts',(-9.4551565867053,-12.6400655838633,0.8));
#6057=CARTESIAN_POINT('Ctrl Pts',(-9.43113412817659,-12.8392136321992,0.));
#6058=CARTESIAN_POINT('Ctrl Pts',(-9.43113412817659,-12.8392136321992,0.8));
#6059=CARTESIAN_POINT('Ctrl Pts',(-9.4122940628513,-13.0359038280238,0.));
#6060=CARTESIAN_POINT('Ctrl Pts',(-9.4122940628513,-13.0359038280238,0.8));
#6061=CARTESIAN_POINT('Ctrl Pts',(-9.39862800689718,-13.23008510171,0.));
#6062=CARTESIAN_POINT('Ctrl Pts',(-9.39862800689718,-13.23008510171,0.8));
#6063=CARTESIAN_POINT('Ctrl Pts',(-9.3901089004203,-13.4217114726457,0.));
#6064=CARTESIAN_POINT('Ctrl Pts',(-9.3901089004203,-13.4217114726457,0.8));
#6065=CARTESIAN_POINT('Ctrl Pts',(-9.38668813994722,-13.610744211093,0.));
#6066=CARTESIAN_POINT('Ctrl Pts',(-9.38668813994722,-13.610744211093,0.8));
#6067=CARTESIAN_POINT('Ctrl Pts',(-9.38829740639027,-13.7971508236162,0.));
#6068=CARTESIAN_POINT('Ctrl Pts',(-9.38829740639027,-13.7971508236162,0.8));
#6069=CARTESIAN_POINT('Ctrl Pts',(-9.39484956175983,-13.9809046436065,0.));
#6070=CARTESIAN_POINT('Ctrl Pts',(-9.39484956175983,-13.9809046436065,0.8));
#6071=CARTESIAN_POINT('Ctrl Pts',(-9.40623971178933,-14.1619842555489,0.));
#6072=CARTESIAN_POINT('Ctrl Pts',(-9.40623971178933,-14.1619842555489,0.8));
#6073=CARTESIAN_POINT('Ctrl Pts',(-9.42234602314168,-14.340373121294,0.));
#6074=CARTESIAN_POINT('Ctrl Pts',(-9.42234602314168,-14.340373121294,0.8));
#6075=CARTESIAN_POINT('Ctrl Pts',(-9.44303041232804,-14.5160591026888,0.));
#6076=CARTESIAN_POINT('Ctrl Pts',(-9.44303041232804,-14.5160591026888,0.8));
#6077=CARTESIAN_POINT('Ctrl Pts',(-9.4681396623122,-14.6890352876166,0.));
#6078=CARTESIAN_POINT('Ctrl Pts',(-9.4681396623122,-14.6890352876166,0.8));
#6079=CARTESIAN_POINT('Ctrl Pts',(-9.49750653051204,-14.8593010123585,0.));
#6080=CARTESIAN_POINT('Ctrl Pts',(-9.49750653051204,-14.8593010123585,0.8));
#6081=CARTESIAN_POINT('Ctrl Pts',(-9.5309506610259,-15.0268629631505,0.));
#6082=CARTESIAN_POINT('Ctrl Pts',(-9.5309506610259,-15.0268629631505,0.8));
#6083=CARTESIAN_POINT('Ctrl Pts',(-9.56827950904653,-15.191736207341,0.));
#6084=CARTESIAN_POINT('Ctrl Pts',(-9.56827950904653,-15.191736207341,0.8));
#6085=CARTESIAN_POINT('Ctrl Pts',(-9.60928887842505,-15.3539456974121,0.));
#6086=CARTESIAN_POINT('Ctrl Pts',(-9.60928887842505,-15.3539456974121,0.8));
#6087=CARTESIAN_POINT('Ctrl Pts',(-9.65376492584515,-15.5135254906263,0.));
#6088=CARTESIAN_POINT('Ctrl Pts',(-9.65376492584515,-15.5135254906263,0.8));
#6089=CARTESIAN_POINT('Ctrl Pts',(-9.70148656441056,-15.670517260749,0.));
#6090=CARTESIAN_POINT('Ctrl Pts',(-9.70148656441056,-15.670517260749,0.8));
#6091=CARTESIAN_POINT('Ctrl Pts',(-9.75222766238939,-15.8249691301441,0.));
#6092=CARTESIAN_POINT('Ctrl Pts',(-9.75222766238939,-15.8249691301441,0.8));
#6093=CARTESIAN_POINT('Ctrl Pts',(-9.80575912471891,-15.9769344724268,0.));
#6094=CARTESIAN_POINT('Ctrl Pts',(-9.80575912471891,-15.9769344724268,0.8));
#6095=CARTESIAN_POINT('Ctrl Pts',(-9.86185116821272,-16.1264707855383,0.));
#6096=CARTESIAN_POINT('Ctrl Pts',(-9.86185116821272,-16.1264707855383,0.8));
#6097=CARTESIAN_POINT('Ctrl Pts',(-9.92027358248726,-16.2736388541961,0.));
#6098=CARTESIAN_POINT('Ctrl Pts',(-9.92027358248726,-16.2736388541961,0.8));
#6099=CARTESIAN_POINT('Ctrl Pts',(-9.98079545263082,-16.4185020370133,0.));
#6100=CARTESIAN_POINT('Ctrl Pts',(-9.98079545263082,-16.4185020370133,0.8));
#6101=CARTESIAN_POINT('Ctrl Pts',(-10.0431849975966,-16.5611255823745,0.));
#6102=CARTESIAN_POINT('Ctrl Pts',(-10.0431849975966,-16.5611255823745,0.8));
#6103=CARTESIAN_POINT('Ctrl Pts',(-10.1072093021055,-16.7015760020805,0.));
#6104=CARTESIAN_POINT('Ctrl Pts',(-10.1072093021055,-16.7015760020805,0.8));
#6105=CARTESIAN_POINT('Ctrl Pts',(-10.1726340152578,-16.8399204935109,0.));
#6106=CARTESIAN_POINT('Ctrl Pts',(-10.1726340152578,-16.8399204935109,0.8));
#6107=CARTESIAN_POINT('Ctrl Pts',(-10.239226497603,-16.9762263373527,0.));
#6108=CARTESIAN_POINT('Ctrl Pts',(-10.239226497603,-16.9762263373527,0.8));
#6109=CARTESIAN_POINT('Ctrl Pts',(-10.3067591678826,-17.1105603618036,0.));
#6110=CARTESIAN_POINT('Ctrl Pts',(-10.3067591678826,-17.1105603618036,0.8));
#6111=CARTESIAN_POINT('Ctrl Pts',(-10.3750124340139,-17.2429883869035,0.));
#6112=CARTESIAN_POINT('Ctrl Pts',(-10.3750124340139,-17.2429883869035,0.8));
#6113=CARTESIAN_POINT('Ctrl Pts',(-10.4437785392763,-17.3735748509232,0.));
#6114=CARTESIAN_POINT('Ctrl Pts',(-10.4437785392763,-17.3735748509232,0.8));
#6115=CARTESIAN_POINT('Ctrl Pts',(-10.5128626365779,-17.5023820301019,0.));
#6116=CARTESIAN_POINT('Ctrl Pts',(-10.5128626365779,-17.5023820301019,0.8));
#6117=CARTESIAN_POINT('Ctrl Pts',(-10.5820773032806,-17.6294682505081,0.));
#6118=CARTESIAN_POINT('Ctrl Pts',(-10.5820773032806,-17.6294682505081,0.8));
#6119=CARTESIAN_POINT('Ctrl Pts',(-10.6512379090531,-17.7548862540204,0.));
#6120=CARTESIAN_POINT('Ctrl Pts',(-10.6512379090531,-17.7548862540204,0.8));
#6121=CARTESIAN_POINT('Ctrl Pts',(-10.7201585336309,-17.8786816934186,0.));
#6122=CARTESIAN_POINT('Ctrl Pts',(-10.7201585336309,-17.8786816934186,0.8));
#6123=CARTESIAN_POINT('Ctrl Pts',(-10.7886454099249,-18.0008912077017,0.));
#6124=CARTESIAN_POINT('Ctrl Pts',(-10.7886454099249,-18.0008912077017,0.8));
#6125=CARTESIAN_POINT('Ctrl Pts',(-10.8565052677425,-18.1215431076329,0.));
#6126=CARTESIAN_POINT('Ctrl Pts',(-10.8565052677425,-18.1215431076329,0.8));
#6127=CARTESIAN_POINT('Ctrl Pts',(-10.9235597191674,-18.2406590630277,0.));
#6128=CARTESIAN_POINT('Ctrl Pts',(-10.9235597191674,-18.2406590630277,0.8));
#6129=CARTESIAN_POINT('Ctrl Pts',(-10.9896567204877,-18.3582554213904,0.));
#6130=CARTESIAN_POINT('Ctrl Pts',(-10.9896567204877,-18.3582554213904,0.8));
#6131=CARTESIAN_POINT('Ctrl Pts',(-11.0546856061741,-18.4743448532456,0.));
#6132=CARTESIAN_POINT('Ctrl Pts',(-11.0546856061741,-18.4743448532456,0.8));
#6133=CARTESIAN_POINT('Ctrl Pts',(-11.1185834417606,-18.588937424231,0.));
#6134=CARTESIAN_POINT('Ctrl Pts',(-11.1185834417606,-18.588937424231,0.8));
#6135=CARTESIAN_POINT('Ctrl Pts',(-11.1687726939918,-18.6794197527058,0.));
#6136=CARTESIAN_POINT('Ctrl Pts',(-11.1687726939918,-18.6794197527058,0.8));
#6137=CARTESIAN_POINT('Ctrl Pts',(-11.2058883079561,-18.7466131113315,0.));
#6138=CARTESIAN_POINT('Ctrl Pts',(-11.2058883079561,-18.7466131113315,0.8));
#6139=CARTESIAN_POINT('Ctrl Pts',(-11.2303982701602,-18.7911118153058,0.));
#6140=CARTESIAN_POINT('Ctrl Pts',(-11.2303982701602,-18.7911118153058,0.8));
#6141=CARTESIAN_POINT('Ctrl Pts',(-11.2425948067531,-18.813286950216,0.));
#6142=CARTESIAN_POINT('Ctrl Pts',(-11.2425948067531,-18.813286950216,0.8));
#6143=CARTESIAN_POINT('',(-9.90270387121608,-10.7440886448783,0.));
#6144=CARTESIAN_POINT('Ctrl Pts',(-9.90270387121608,-10.7440886448783,0.));
#6145=CARTESIAN_POINT('Ctrl Pts',(-9.88825582683013,-10.7881845436536,0.));
#6146=CARTESIAN_POINT('Ctrl Pts',(-9.85985859826896,-10.8761604884121,0.));
#6147=CARTESIAN_POINT('Ctrl Pts',(-9.81875933597118,-11.0074768472384,0.));
#6148=CARTESIAN_POINT('Ctrl Pts',(-9.76695543094242,-11.1812693649535,0.));
#6149=CARTESIAN_POINT('Ctrl Pts',(-9.70720550569142,-11.3963429609156,0.));
#6150=CARTESIAN_POINT('Ctrl Pts',(-9.65248026637125,-11.6092366212486,0.));
#6151=CARTESIAN_POINT('Ctrl Pts',(-9.60280437264253,-11.8199309801695,0.));
#6152=CARTESIAN_POINT('Ctrl Pts',(-9.55820564107065,-12.0283994737808,0.));
#6153=CARTESIAN_POINT('Ctrl Pts',(-9.51871314455321,-12.2346077327444,0.));
#6154=CARTESIAN_POINT('Ctrl Pts',(-9.48435529791543,-12.4385127956254,0.));
#6155=CARTESIAN_POINT('Ctrl Pts',(-9.4551565867053,-12.6400655838633,0.));
#6156=CARTESIAN_POINT('Ctrl Pts',(-9.43113412817659,-12.8392136321992,0.));
#6157=CARTESIAN_POINT('Ctrl Pts',(-9.4122940628513,-13.0359038280238,0.));
#6158=CARTESIAN_POINT('Ctrl Pts',(-9.39862800689718,-13.23008510171,0.));
#6159=CARTESIAN_POINT('Ctrl Pts',(-9.3901089004203,-13.4217114726457,0.));
#6160=CARTESIAN_POINT('Ctrl Pts',(-9.38668813994722,-13.610744211093,0.));
#6161=CARTESIAN_POINT('Ctrl Pts',(-9.38829740639027,-13.7971508236162,0.));
#6162=CARTESIAN_POINT('Ctrl Pts',(-9.39484956175983,-13.9809046436065,0.));
#6163=CARTESIAN_POINT('Ctrl Pts',(-9.40623971178933,-14.1619842555489,0.));
#6164=CARTESIAN_POINT('Ctrl Pts',(-9.42234602314168,-14.340373121294,0.));
#6165=CARTESIAN_POINT('Ctrl Pts',(-9.44303041232804,-14.5160591026888,0.));
#6166=CARTESIAN_POINT('Ctrl Pts',(-9.4681396623122,-14.6890352876166,0.));
#6167=CARTESIAN_POINT('Ctrl Pts',(-9.49750653051204,-14.8593010123585,0.));
#6168=CARTESIAN_POINT('Ctrl Pts',(-9.5309506610259,-15.0268629631505,0.));
#6169=CARTESIAN_POINT('Ctrl Pts',(-9.56827950904653,-15.191736207341,0.));
#6170=CARTESIAN_POINT('Ctrl Pts',(-9.60928887842505,-15.3539456974121,0.));
#6171=CARTESIAN_POINT('Ctrl Pts',(-9.65376492584515,-15.5135254906263,0.));
#6172=CARTESIAN_POINT('Ctrl Pts',(-9.70148656441056,-15.670517260749,0.));
#6173=CARTESIAN_POINT('Ctrl Pts',(-9.75222766238939,-15.8249691301441,0.));
#6174=CARTESIAN_POINT('Ctrl Pts',(-9.80575912471891,-15.9769344724268,0.));
#6175=CARTESIAN_POINT('Ctrl Pts',(-9.86185116821272,-16.1264707855383,0.));
#6176=CARTESIAN_POINT('Ctrl Pts',(-9.92027358248726,-16.2736388541961,0.));
#6177=CARTESIAN_POINT('Ctrl Pts',(-9.98079545263082,-16.4185020370133,0.));
#6178=CARTESIAN_POINT('Ctrl Pts',(-10.0431849975966,-16.5611255823745,0.));
#6179=CARTESIAN_POINT('Ctrl Pts',(-10.1072093021055,-16.7015760020805,0.));
#6180=CARTESIAN_POINT('Ctrl Pts',(-10.1726340152578,-16.8399204935109,0.));
#6181=CARTESIAN_POINT('Ctrl Pts',(-10.239226497603,-16.9762263373527,0.));
#6182=CARTESIAN_POINT('Ctrl Pts',(-10.3067591678826,-17.1105603618036,0.));
#6183=CARTESIAN_POINT('Ctrl Pts',(-10.3750124340139,-17.2429883869035,0.));
#6184=CARTESIAN_POINT('Ctrl Pts',(-10.4437785392763,-17.3735748509232,0.));
#6185=CARTESIAN_POINT('Ctrl Pts',(-10.5128626365779,-17.5023820301019,0.));
#6186=CARTESIAN_POINT('Ctrl Pts',(-10.5820773032806,-17.6294682505081,0.));
#6187=CARTESIAN_POINT('Ctrl Pts',(-10.6512379090531,-17.7548862540204,0.));
#6188=CARTESIAN_POINT('Ctrl Pts',(-10.7201585336309,-17.8786816934186,0.));
#6189=CARTESIAN_POINT('Ctrl Pts',(-10.7886454099249,-18.0008912077017,0.));
#6190=CARTESIAN_POINT('Ctrl Pts',(-10.8565052677425,-18.1215431076329,0.));
#6191=CARTESIAN_POINT('Ctrl Pts',(-10.9235597191674,-18.2406590630277,0.));
#6192=CARTESIAN_POINT('Ctrl Pts',(-10.9896567204877,-18.3582554213904,0.));
#6193=CARTESIAN_POINT('Ctrl Pts',(-11.0546856061741,-18.4743448532456,0.));
#6194=CARTESIAN_POINT('Ctrl Pts',(-11.1185834417606,-18.588937424231,0.));
#6195=CARTESIAN_POINT('Ctrl Pts',(-11.1687726939918,-18.6794197527058,0.));
#6196=CARTESIAN_POINT('Ctrl Pts',(-11.2058883079561,-18.7466131113315,0.));
#6197=CARTESIAN_POINT('Ctrl Pts',(-11.2303982701602,-18.7911118153058,0.));
#6198=CARTESIAN_POINT('Ctrl Pts',(-11.2425948067531,-18.813286950216,0.));
#6199=CARTESIAN_POINT('',(-9.90270387121608,-10.7440886448783,0.));
#6200=CARTESIAN_POINT('Ctrl Pts',(-14.8657335993978,-16.0920395727744,0.));
#6201=CARTESIAN_POINT('Ctrl Pts',(-14.8657335993978,-16.0920395727744,0.8));
#6202=CARTESIAN_POINT('Ctrl Pts',(-14.8484772203038,-16.0709424700324,0.));
#6203=CARTESIAN_POINT('Ctrl Pts',(-14.8484772203038,-16.0709424700324,0.8));
#6204=CARTESIAN_POINT('Ctrl Pts',(-14.813907858795,-16.0287411117581,0.));
#6205=CARTESIAN_POINT('Ctrl Pts',(-14.813907858795,-16.0287411117581,0.8));
#6206=CARTESIAN_POINT('Ctrl Pts',(-14.7618840065446,-15.965417615929,0.));
#6207=CARTESIAN_POINT('Ctrl Pts',(-14.7618840065446,-15.965417615929,0.8));
#6208=CARTESIAN_POINT('Ctrl Pts',(-14.6921790292465,-15.8809433437757,0.));
#6209=CARTESIAN_POINT('Ctrl Pts',(-14.6921790292465,-15.8809433437757,0.8));
#6210=CARTESIAN_POINT('Ctrl Pts',(-14.6044802234011,-15.7752789298452,0.));
#6211=CARTESIAN_POINT('Ctrl Pts',(-14.6044802234011,-15.7752789298452,0.8));
#6212=CARTESIAN_POINT('Ctrl Pts',(-14.5162125135209,-15.6695432318173,0.));
#6213=CARTESIAN_POINT('Ctrl Pts',(-14.5162125135209,-15.6695432318173,0.8));
#6214=CARTESIAN_POINT('Ctrl Pts',(-14.42737493117,-15.5637370285306,0.));
#6215=CARTESIAN_POINT('Ctrl Pts',(-14.42737493117,-15.5637370285306,0.8));
#6216=CARTESIAN_POINT('Ctrl Pts',(-14.3379673952288,-15.457861841254,0.));
#6217=CARTESIAN_POINT('Ctrl Pts',(-14.3379673952288,-15.457861841254,0.8));
#6218=CARTESIAN_POINT('Ctrl Pts',(-14.2479911583745,-15.3519200440748,0.));
#6219=CARTESIAN_POINT('Ctrl Pts',(-14.2479911583745,-15.3519200440748,0.8));
#6220=CARTESIAN_POINT('Ctrl Pts',(-14.1574487495524,-15.245914313797,0.));
#6221=CARTESIAN_POINT('Ctrl Pts',(-14.1574487495524,-15.245914313797,0.8));
#6222=CARTESIAN_POINT('Ctrl Pts',(-14.0663440208814,-15.1398471490879,0.));
#6223=CARTESIAN_POINT('Ctrl Pts',(-14.0663440208814,-15.1398471490879,0.8));
#6224=CARTESIAN_POINT('Ctrl Pts',(-13.974682129492,-15.0337204086215,0.));
#6225=CARTESIAN_POINT('Ctrl Pts',(-13.974682129492,-15.0337204086215,0.8));
#6226=CARTESIAN_POINT('Ctrl Pts',(-13.8824696705956,-14.9275347365284,0.));
#6227=CARTESIAN_POINT('Ctrl Pts',(-13.8824696705956,-14.9275347365284,0.8));
#6228=CARTESIAN_POINT('Ctrl Pts',(-13.7897144263606,-14.8212893803917,0.));
#6229=CARTESIAN_POINT('Ctrl Pts',(-13.7897144263606,-14.8212893803917,0.8));
#6230=CARTESIAN_POINT('Ctrl Pts',(-13.6964243269187,-14.714982858856,0.));
#6231=CARTESIAN_POINT('Ctrl Pts',(-13.6964243269187,-14.714982858856,0.8));
#6232=CARTESIAN_POINT('Ctrl Pts',(-13.6026065313789,-14.6086134756543,0.));
#6233=CARTESIAN_POINT('Ctrl Pts',(-13.6026065313789,-14.6086134756543,0.8));
#6234=CARTESIAN_POINT('Ctrl Pts',(-13.508266591889,-14.5021798486949,0.));
#6235=CARTESIAN_POINT('Ctrl Pts',(-13.508266591889,-14.5021798486949,0.8));
#6236=CARTESIAN_POINT('Ctrl Pts',(-13.4134073110945,-14.3956815480966,0.));
#6237=CARTESIAN_POINT('Ctrl Pts',(-13.4134073110945,-14.3956815480966,0.8));
#6238=CARTESIAN_POINT('Ctrl Pts',(-13.3180287530976,-14.2891192840746,0.));
#6239=CARTESIAN_POINT('Ctrl Pts',(-13.3180287530976,-14.2891192840746,0.8));
#6240=CARTESIAN_POINT('Ctrl Pts',(-13.2221298293685,-14.1824944538995,0.));
#6241=CARTESIAN_POINT('Ctrl Pts',(-13.2221298293685,-14.1824944538995,0.8));
#6242=CARTESIAN_POINT('Ctrl Pts',(-13.1257095788666,-14.0758088350259,0.));
#6243=CARTESIAN_POINT('Ctrl Pts',(-13.1257095788666,-14.0758088350259,0.8));
#6244=CARTESIAN_POINT('Ctrl Pts',(-13.0287684325353,-13.9690642547269,0.));
#6245=CARTESIAN_POINT('Ctrl Pts',(-13.0287684325353,-13.9690642547269,0.8));
#6246=CARTESIAN_POINT('Ctrl Pts',(-12.9313098754432,-13.8622621924905,0.));
#6247=CARTESIAN_POINT('Ctrl Pts',(-12.9313098754432,-13.8622621924905,0.8));
#6248=CARTESIAN_POINT('Ctrl Pts',(-12.8333405313337,-13.7554037155904,0.));
#6249=CARTESIAN_POINT('Ctrl Pts',(-12.8333405313337,-13.7554037155904,0.8));
#6250=CARTESIAN_POINT('Ctrl Pts',(-12.7348685185021,-13.6484897821119,0.));
#6251=CARTESIAN_POINT('Ctrl Pts',(-12.7348685185021,-13.6484897821119,0.8));
#6252=CARTESIAN_POINT('Ctrl Pts',(-12.6359022177913,-13.5415214688917,0.));
#6253=CARTESIAN_POINT('Ctrl Pts',(-12.6359022177913,-13.5415214688917,0.8));
#6254=CARTESIAN_POINT('Ctrl Pts',(-12.5364490275961,-13.4345001844083,0.));
#6255=CARTESIAN_POINT('Ctrl Pts',(-12.5364490275961,-13.4345001844083,0.8));
#6256=CARTESIAN_POINT('Ctrl Pts',(-12.4365137970306,-13.3274280061127,0.));
#6257=CARTESIAN_POINT('Ctrl Pts',(-12.4365137970306,-13.3274280061127,0.8));
#6258=CARTESIAN_POINT('Ctrl Pts',(-12.3360987316826,-13.2203075186503,0.));
#6259=CARTESIAN_POINT('Ctrl Pts',(-12.3360987316826,-13.2203075186503,0.8));
#6260=CARTESIAN_POINT('Ctrl Pts',(-12.2352048183683,-13.1131411588098,0.));
#6261=CARTESIAN_POINT('Ctrl Pts',(-12.2352048183683,-13.1131411588098,0.8));
#6262=CARTESIAN_POINT('Ctrl Pts',(-12.1338329070558,-13.0059306523127,0.));
#6263=CARTESIAN_POINT('Ctrl Pts',(-12.1338329070558,-13.0059306523127,0.8));
#6264=CARTESIAN_POINT('Ctrl Pts',(-12.0319848145185,-12.8986765057689,0.));
#6265=CARTESIAN_POINT('Ctrl Pts',(-12.0319848145185,-12.8986765057689,0.8));
#6266=CARTESIAN_POINT('Ctrl Pts',(-11.9296647523478,-12.7913772471711,0.));
#6267=CARTESIAN_POINT('Ctrl Pts',(-11.9296647523478,-12.7913772471711,0.8));
#6268=CARTESIAN_POINT('Ctrl Pts',(-11.8268794275456,-12.6840296267644,0.));
#6269=CARTESIAN_POINT('Ctrl Pts',(-11.8268794275456,-12.6840296267644,0.8));
#6270=CARTESIAN_POINT('Ctrl Pts',(-11.7236366248316,-12.576629884731,0.));
#6271=CARTESIAN_POINT('Ctrl Pts',(-11.7236366248316,-12.576629884731,0.8));
#6272=CARTESIAN_POINT('Ctrl Pts',(-11.6199441515412,-12.4691747925657,0.));
#6273=CARTESIAN_POINT('Ctrl Pts',(-11.6199441515412,-12.4691747925657,0.8));
#6274=CARTESIAN_POINT('Ctrl Pts',(-11.5158087610163,-12.3616626713823,0.));
#6275=CARTESIAN_POINT('Ctrl Pts',(-11.5158087610163,-12.3616626713823,0.8));
#6276=CARTESIAN_POINT('Ctrl Pts',(-11.4112348244562,-12.2540947085892,0.));
#6277=CARTESIAN_POINT('Ctrl Pts',(-11.4112348244562,-12.2540947085892,0.8));
#6278=CARTESIAN_POINT('Ctrl Pts',(-11.3062240825872,-12.1464751478801,0.));
#6279=CARTESIAN_POINT('Ctrl Pts',(-11.3062240825872,-12.1464751478801,0.8));
#6280=CARTESIAN_POINT('Ctrl Pts',(-11.2007770219754,-12.0388097954328,0.));
#6281=CARTESIAN_POINT('Ctrl Pts',(-11.2007770219754,-12.0388097954328,0.8));
#6282=CARTESIAN_POINT('Ctrl Pts',(-11.0948939051241,-11.9311049010476,0.));
#6283=CARTESIAN_POINT('Ctrl Pts',(-11.0948939051241,-11.9311049010476,0.8));
#6284=CARTESIAN_POINT('Ctrl Pts',(-10.9885758688983,-11.8233659685714,0.));
#6285=CARTESIAN_POINT('Ctrl Pts',(-10.9885758688983,-11.8233659685714,0.8));
#6286=CARTESIAN_POINT('Ctrl Pts',(-10.8818262046843,-11.715596411832,0.));
#6287=CARTESIAN_POINT('Ctrl Pts',(-10.8818262046843,-11.715596411832,0.8));
#6288=CARTESIAN_POINT('Ctrl Pts',(-10.7746509351,-11.6077968764099,0.));
#6289=CARTESIAN_POINT('Ctrl Pts',(-10.7746509351,-11.6077968764099,0.8));
#6290=CARTESIAN_POINT('Ctrl Pts',(-10.6670576539972,-11.4999662014056,0.));
#6291=CARTESIAN_POINT('Ctrl Pts',(-10.6670576539972,-11.4999662014056,0.8));
#6292=CARTESIAN_POINT('Ctrl Pts',(-10.5590547171434,-11.3921020586245,0.));
#6293=CARTESIAN_POINT('Ctrl Pts',(-10.5590547171434,-11.3921020586245,0.8));
#6294=CARTESIAN_POINT('Ctrl Pts',(-10.4506503310086,-11.2842016971674,0.));
#6295=CARTESIAN_POINT('Ctrl Pts',(-10.4506503310086,-11.2842016971674,0.8));
#6296=CARTESIAN_POINT('Ctrl Pts',(-10.3418516422075,-11.1762626899435,0.));
#6297=CARTESIAN_POINT('Ctrl Pts',(-10.3418516422075,-11.1762626899435,0.8));
#6298=CARTESIAN_POINT('Ctrl Pts',(-10.2326640003739,-11.0682835377304,0.));
#6299=CARTESIAN_POINT('Ctrl Pts',(-10.2326640003739,-11.0682835377304,0.8));
#6300=CARTESIAN_POINT('Ctrl Pts',(-10.1230912401787,-10.9602633926008,0.));
#6301=CARTESIAN_POINT('Ctrl Pts',(-10.1230912401787,-10.9602633926008,0.8));
#6302=CARTESIAN_POINT('Ctrl Pts',(-10.0351269169092,-10.873814197424,0.));
#6303=CARTESIAN_POINT('Ctrl Pts',(-10.0351269169092,-10.873814197424,0.8));
#6304=CARTESIAN_POINT('Ctrl Pts',(-9.96898208137776,-10.8089586640462,0.));
#6305=CARTESIAN_POINT('Ctrl Pts',(-9.96898208137776,-10.8089586640462,0.8));
#6306=CARTESIAN_POINT('Ctrl Pts',(-9.9248093102782,-10.7657133642042,0.));
#6307=CARTESIAN_POINT('Ctrl Pts',(-9.9248093102782,-10.7657133642042,0.8));
#6308=CARTESIAN_POINT('Ctrl Pts',(-9.90270387121608,-10.7440886448783,0.));
#6309=CARTESIAN_POINT('Ctrl Pts',(-9.90270387121608,-10.7440886448783,0.8));
#6310=CARTESIAN_POINT('',(-14.8657335993978,-16.0920395727744,0.));
#6311=CARTESIAN_POINT('Ctrl Pts',(-14.8657335993978,-16.0920395727744,0.));
#6312=CARTESIAN_POINT('Ctrl Pts',(-14.8484772203038,-16.0709424700324,0.));
#6313=CARTESIAN_POINT('Ctrl Pts',(-14.813907858795,-16.0287411117581,0.));
#6314=CARTESIAN_POINT('Ctrl Pts',(-14.7618840065446,-15.965417615929,0.));
#6315=CARTESIAN_POINT('Ctrl Pts',(-14.6921790292465,-15.8809433437757,0.));
#6316=CARTESIAN_POINT('Ctrl Pts',(-14.6044802234011,-15.7752789298452,0.));
#6317=CARTESIAN_POINT('Ctrl Pts',(-14.5162125135209,-15.6695432318173,0.));
#6318=CARTESIAN_POINT('Ctrl Pts',(-14.42737493117,-15.5637370285306,0.));
#6319=CARTESIAN_POINT('Ctrl Pts',(-14.3379673952288,-15.457861841254,0.));
#6320=CARTESIAN_POINT('Ctrl Pts',(-14.2479911583745,-15.3519200440748,0.));
#6321=CARTESIAN_POINT('Ctrl Pts',(-14.1574487495524,-15.245914313797,0.));
#6322=CARTESIAN_POINT('Ctrl Pts',(-14.0663440208814,-15.1398471490879,0.));
#6323=CARTESIAN_POINT('Ctrl Pts',(-13.974682129492,-15.0337204086215,0.));
#6324=CARTESIAN_POINT('Ctrl Pts',(-13.8824696705956,-14.9275347365284,0.));
#6325=CARTESIAN_POINT('Ctrl Pts',(-13.7897144263606,-14.8212893803917,0.));
#6326=CARTESIAN_POINT('Ctrl Pts',(-13.6964243269187,-14.714982858856,0.));
#6327=CARTESIAN_POINT('Ctrl Pts',(-13.6026065313789,-14.6086134756543,0.));
#6328=CARTESIAN_POINT('Ctrl Pts',(-13.508266591889,-14.5021798486949,0.));
#6329=CARTESIAN_POINT('Ctrl Pts',(-13.4134073110945,-14.3956815480966,0.));
#6330=CARTESIAN_POINT('Ctrl Pts',(-13.3180287530976,-14.2891192840746,0.));
#6331=CARTESIAN_POINT('Ctrl Pts',(-13.2221298293685,-14.1824944538995,0.));
#6332=CARTESIAN_POINT('Ctrl Pts',(-13.1257095788666,-14.0758088350259,0.));
#6333=CARTESIAN_POINT('Ctrl Pts',(-13.0287684325353,-13.9690642547269,0.));
#6334=CARTESIAN_POINT('Ctrl Pts',(-12.9313098754432,-13.8622621924905,0.));
#6335=CARTESIAN_POINT('Ctrl Pts',(-12.8333405313337,-13.7554037155904,0.));
#6336=CARTESIAN_POINT('Ctrl Pts',(-12.7348685185021,-13.6484897821119,0.));
#6337=CARTESIAN_POINT('Ctrl Pts',(-12.6359022177913,-13.5415214688917,0.));
#6338=CARTESIAN_POINT('Ctrl Pts',(-12.5364490275961,-13.4345001844083,0.));
#6339=CARTESIAN_POINT('Ctrl Pts',(-12.4365137970306,-13.3274280061127,0.));
#6340=CARTESIAN_POINT('Ctrl Pts',(-12.3360987316826,-13.2203075186503,0.));
#6341=CARTESIAN_POINT('Ctrl Pts',(-12.2352048183683,-13.1131411588098,0.));
#6342=CARTESIAN_POINT('Ctrl Pts',(-12.1338329070558,-13.0059306523127,0.));
#6343=CARTESIAN_POINT('Ctrl Pts',(-12.0319848145185,-12.8986765057689,0.));
#6344=CARTESIAN_POINT('Ctrl Pts',(-11.9296647523478,-12.7913772471711,0.));
#6345=CARTESIAN_POINT('Ctrl Pts',(-11.8268794275456,-12.6840296267644,0.));
#6346=CARTESIAN_POINT('Ctrl Pts',(-11.7236366248316,-12.576629884731,0.));
#6347=CARTESIAN_POINT('Ctrl Pts',(-11.6199441515412,-12.4691747925657,0.));
#6348=CARTESIAN_POINT('Ctrl Pts',(-11.5158087610163,-12.3616626713823,0.));
#6349=CARTESIAN_POINT('Ctrl Pts',(-11.4112348244562,-12.2540947085892,0.));
#6350=CARTESIAN_POINT('Ctrl Pts',(-11.3062240825872,-12.1464751478801,0.));
#6351=CARTESIAN_POINT('Ctrl Pts',(-11.2007770219754,-12.0388097954328,0.));
#6352=CARTESIAN_POINT('Ctrl Pts',(-11.0948939051241,-11.9311049010476,0.));
#6353=CARTESIAN_POINT('Ctrl Pts',(-10.9885758688983,-11.8233659685714,0.));
#6354=CARTESIAN_POINT('Ctrl Pts',(-10.8818262046843,-11.715596411832,0.));
#6355=CARTESIAN_POINT('Ctrl Pts',(-10.7746509351,-11.6077968764099,0.));
#6356=CARTESIAN_POINT('Ctrl Pts',(-10.6670576539972,-11.4999662014056,0.));
#6357=CARTESIAN_POINT('Ctrl Pts',(-10.5590547171434,-11.3921020586245,0.));
#6358=CARTESIAN_POINT('Ctrl Pts',(-10.4506503310086,-11.2842016971674,0.));
#6359=CARTESIAN_POINT('Ctrl Pts',(-10.3418516422075,-11.1762626899435,0.));
#6360=CARTESIAN_POINT('Ctrl Pts',(-10.2326640003739,-11.0682835377304,0.));
#6361=CARTESIAN_POINT('Ctrl Pts',(-10.1230912401787,-10.9602633926008,0.));
#6362=CARTESIAN_POINT('Ctrl Pts',(-10.0351269169092,-10.873814197424,0.));
#6363=CARTESIAN_POINT('Ctrl Pts',(-9.96898208137776,-10.8089586640462,0.));
#6364=CARTESIAN_POINT('Ctrl Pts',(-9.9248093102782,-10.7657133642042,0.));
#6365=CARTESIAN_POINT('Ctrl Pts',(-9.90270387121608,-10.7440886448783,0.));
#6366=CARTESIAN_POINT('',(-14.8657335993978,-16.0920395727744,0.));
#6367=CARTESIAN_POINT('Origin',(0.0824718846204964,0.0411931505288288,0.));
#6368=CARTESIAN_POINT('',(-16.3760029296618,-14.5481403532448,0.));
#6369=CARTESIAN_POINT('Origin',(0.0824718846204964,0.0411931505288288,0.));
#6370=CARTESIAN_POINT('',(-16.3760029296618,-14.5481403532448,0.));
#6371=CARTESIAN_POINT('Ctrl Pts',(-10.7187831536634,-8.71108369290193,0.));
#6372=CARTESIAN_POINT('Ctrl Pts',(-10.7187831536634,-8.71108369290193,0.8));
#6373=CARTESIAN_POINT('Ctrl Pts',(-10.7420843743492,-8.733933994653,0.));
#6374=CARTESIAN_POINT('Ctrl Pts',(-10.7420843743492,-8.733933994653,0.8));
#6375=CARTESIAN_POINT('Ctrl Pts',(-10.7886741604381,-8.7796439533413,0.));
#6376=CARTESIAN_POINT('Ctrl Pts',(-10.7886741604381,-8.7796439533413,0.8));
#6377=CARTESIAN_POINT('Ctrl Pts',(-10.8585208737246,-8.84823695693178,0.));
#6378=CARTESIAN_POINT('Ctrl Pts',(-10.8585208737246,-8.84823695693178,0.8));
#6379=CARTESIAN_POINT('Ctrl Pts',(-10.9515738436062,-8.9397504627307,0.));
#6380=CARTESIAN_POINT('Ctrl Pts',(-10.9515738436062,-8.9397504627307,0.8));
#6381=CARTESIAN_POINT('Ctrl Pts',(-11.0677630929032,-9.05423626029267,0.));
#6382=CARTESIAN_POINT('Ctrl Pts',(-11.0677630929032,-9.05423626029267,0.8));
#6383=CARTESIAN_POINT('Ctrl Pts',(-11.1838248926154,-9.16881651341625,0.));
#6384=CARTESIAN_POINT('Ctrl Pts',(-11.1838248926154,-9.16881651341625,0.8));
#6385=CARTESIAN_POINT('Ctrl Pts',(-11.2997586451028,-9.28349202574308,0.));
#6386=CARTESIAN_POINT('Ctrl Pts',(-11.2997586451028,-9.28349202574308,0.8));
#6387=CARTESIAN_POINT('Ctrl Pts',(-11.4155636914692,-9.39826388754341,0.));
#6388=CARTESIAN_POINT('Ctrl Pts',(-11.4155636914692,-9.39826388754341,0.8));
#6389=CARTESIAN_POINT('Ctrl Pts',(-11.5312393641623,-9.51313350039098,0.));
#6390=CARTESIAN_POINT('Ctrl Pts',(-11.5312393641623,-9.51313350039098,0.8));
#6391=CARTESIAN_POINT('Ctrl Pts',(-11.6467850075535,-9.62810232008385,0.));
#6392=CARTESIAN_POINT('Ctrl Pts',(-11.6467850075535,-9.62810232008385,0.8));
#6393=CARTESIAN_POINT('Ctrl Pts',(-11.762200000664,-9.74317159595416,0.));
#6394=CARTESIAN_POINT('Ctrl Pts',(-11.762200000664,-9.74317159595416,0.8));
#6395=CARTESIAN_POINT('Ctrl Pts',(-11.8774837829979,-9.85834210666802,0.));
#6396=CARTESIAN_POINT('Ctrl Pts',(-11.8774837829979,-9.85834210666802,0.8));
#6397=CARTESIAN_POINT('Ctrl Pts',(-11.9926358823064,-9.9736138976519,0.));
#6398=CARTESIAN_POINT('Ctrl Pts',(-11.9926358823064,-9.9736138976519,0.8));
#6399=CARTESIAN_POINT('Ctrl Pts',(-12.1076559471712,-10.0889860019633,0.));
#6400=CARTESIAN_POINT('Ctrl Pts',(-12.1076559471712,-10.0889860019633,0.8));
#6401=CARTESIAN_POINT('Ctrl Pts',(-12.22254366448,-10.2044569455718,0.));
#6402=CARTESIAN_POINT('Ctrl Pts',(-12.22254366448,-10.2044569455718,0.8));
#6403=CARTESIAN_POINT('Ctrl Pts',(-12.3372986779707,-10.3200252612581,0.));
#6404=CARTESIAN_POINT('Ctrl Pts',(-12.3372986779707,-10.3200252612581,0.8));
#6405=CARTESIAN_POINT('Ctrl Pts',(-12.4519205092295,-10.4356899999967,0.));
#6406=CARTESIAN_POINT('Ctrl Pts',(-12.4519205092295,-10.4356899999967,0.8));
#6407=CARTESIAN_POINT('Ctrl Pts',(-12.5664084827982,-10.5514512330636,0.));
#6408=CARTESIAN_POINT('Ctrl Pts',(-12.5664084827982,-10.5514512330636,0.8));
#6409=CARTESIAN_POINT('Ctrl Pts',(-12.680761648344,-10.6673105811859,0.));
#6410=CARTESIAN_POINT('Ctrl Pts',(-12.680761648344,-10.6673105811859,0.8));
#6411=CARTESIAN_POINT('Ctrl Pts',(-12.794978947811,-10.7832704707412,0.));
#6412=CARTESIAN_POINT('Ctrl Pts',(-12.794978947811,-10.7832704707412,0.8));
#6413=CARTESIAN_POINT('Ctrl Pts',(-12.9090593897833,-10.8993333636281,0.));
#6414=CARTESIAN_POINT('Ctrl Pts',(-12.9090593897833,-10.8993333636281,0.8));
#6415=CARTESIAN_POINT('Ctrl Pts',(-13.0230022265416,-11.0155009885807,0.));
#6416=CARTESIAN_POINT('Ctrl Pts',(-13.0230022265416,-11.0155009885807,0.8));
#6417=CARTESIAN_POINT('Ctrl Pts',(-13.1368071307545,-11.1317735817194,0.));
#6418=CARTESIAN_POINT('Ctrl Pts',(-13.1368071307545,-11.1317735817194,0.8));
#6419=CARTESIAN_POINT('Ctrl Pts',(-13.2504743872238,-11.2481490779899,0.));
#6420=CARTESIAN_POINT('Ctrl Pts',(-13.2504743872238,-11.2481490779899,0.8));
#6421=CARTESIAN_POINT('Ctrl Pts',(-13.3640046094638,-11.3646241559237,0.));
#6422=CARTESIAN_POINT('Ctrl Pts',(-13.3640046094638,-11.3646241559237,0.8));
#6423=CARTESIAN_POINT('Ctrl Pts',(-13.4773984481063,-11.4811953226583,0.));
#6424=CARTESIAN_POINT('Ctrl Pts',(-13.4773984481063,-11.4811953226583,0.8));
#6425=CARTESIAN_POINT('Ctrl Pts',(-13.5906563044737,-11.5978599880061,0.));
#6426=CARTESIAN_POINT('Ctrl Pts',(-13.5906563044737,-11.5978599880061,0.8));
#6427=CARTESIAN_POINT('Ctrl Pts',(-13.7037780497612,-11.7146175239987,0.));
#6428=CARTESIAN_POINT('Ctrl Pts',(-13.7037780497612,-11.7146175239987,0.8));
#6429=CARTESIAN_POINT('Ctrl Pts',(-13.8167627325386,-11.8314703817298,0.));
#6430=CARTESIAN_POINT('Ctrl Pts',(-13.8167627325386,-11.8314703817298,0.8));
#6431=CARTESIAN_POINT('Ctrl Pts',(-13.9296088437978,-11.9484229255788,0.));
#6432=CARTESIAN_POINT('Ctrl Pts',(-13.9296088437978,-11.9484229255788,0.8));
#6433=CARTESIAN_POINT('Ctrl Pts',(-14.0423145983417,-12.0654802102587,0.));
#6434=CARTESIAN_POINT('Ctrl Pts',(-14.0423145983417,-12.0654802102587,0.8));
#6435=CARTESIAN_POINT('Ctrl Pts',(-14.1548782141289,-12.1826467717297,0.));
#6436=CARTESIAN_POINT('Ctrl Pts',(-14.1548782141289,-12.1826467717297,0.8));
#6437=CARTESIAN_POINT('Ctrl Pts',(-14.2672981936579,-12.2999254253783,0.));
#6438=CARTESIAN_POINT('Ctrl Pts',(-14.2672981936579,-12.2999254253783,0.8));
#6439=CARTESIAN_POINT('Ctrl Pts',(-14.379573616163,-12.4173160090646,0.));
#6440=CARTESIAN_POINT('Ctrl Pts',(-14.379573616163,-12.4173160090646,0.8));
#6441=CARTESIAN_POINT('Ctrl Pts',(-14.4917040825783,-12.5348163282542,0.));
#6442=CARTESIAN_POINT('Ctrl Pts',(-14.4917040825783,-12.5348163282542,0.8));
#6443=CARTESIAN_POINT('Ctrl Pts',(-14.6036896548502,-12.6524231504304,0.));
#6444=CARTESIAN_POINT('Ctrl Pts',(-14.6036896548502,-12.6524231504304,0.8));
#6445=CARTESIAN_POINT('Ctrl Pts',(-14.7155308031724,-12.7701331792991,0.));
#6446=CARTESIAN_POINT('Ctrl Pts',(-14.7155308031724,-12.7701331792991,0.8));
#6447=CARTESIAN_POINT('Ctrl Pts',(-14.8272283537909,-12.8879440232979,0.));
#6448=CARTESIAN_POINT('Ctrl Pts',(-14.8272283537909,-12.8879440232979,0.8));
#6449=CARTESIAN_POINT('Ctrl Pts',(-14.9387834454956,-13.0058551932273,0.));
#6450=CARTESIAN_POINT('Ctrl Pts',(-14.9387834454956,-13.0058551932273,0.8));
#6451=CARTESIAN_POINT('Ctrl Pts',(-15.0501972826216,-13.1238675374927,0.));
#6452=CARTESIAN_POINT('Ctrl Pts',(-15.0501972826216,-13.1238675374927,0.8));
#6453=CARTESIAN_POINT('Ctrl Pts',(-15.1614708871449,-13.2419826431476,0.));
#6454=CARTESIAN_POINT('Ctrl Pts',(-15.1614708871449,-13.2419826431476,0.8));
#6455=CARTESIAN_POINT('Ctrl Pts',(-15.2726048534487,-13.3602022473267,0.));
#6456=CARTESIAN_POINT('Ctrl Pts',(-15.2726048534487,-13.3602022473267,0.8));
#6457=CARTESIAN_POINT('Ctrl Pts',(-15.3835991077816,-13.4785276465716,0.));
#6458=CARTESIAN_POINT('Ctrl Pts',(-15.3835991077816,-13.4785276465716,0.8));
#6459=CARTESIAN_POINT('Ctrl Pts',(-15.4944526603459,-13.5969590915479,0.));
#6460=CARTESIAN_POINT('Ctrl Pts',(-15.4944526603459,-13.5969590915479,0.8));
#6461=CARTESIAN_POINT('Ctrl Pts',(-15.605163922045,-13.7154960460236,0.));
#6462=CARTESIAN_POINT('Ctrl Pts',(-15.605163922045,-13.7154960460236,0.8));
#6463=CARTESIAN_POINT('Ctrl Pts',(-15.7157310320672,-13.8341374570887,0.));
#6464=CARTESIAN_POINT('Ctrl Pts',(-15.7157310320672,-13.8341374570887,0.8));
#6465=CARTESIAN_POINT('Ctrl Pts',(-15.8261521850693,-13.9528820170703,0.));
#6466=CARTESIAN_POINT('Ctrl Pts',(-15.8261521850693,-13.9528820170703,0.8));
#6467=CARTESIAN_POINT('Ctrl Pts',(-15.9364259609532,-14.0717284243,0.));
#6468=CARTESIAN_POINT('Ctrl Pts',(-15.9364259609532,-14.0717284243,0.8));
#6469=CARTESIAN_POINT('Ctrl Pts',(-16.04655166275,-14.1906756432989,0.));
#6470=CARTESIAN_POINT('Ctrl Pts',(-16.04655166275,-14.1906756432989,0.8));
#6471=CARTESIAN_POINT('Ctrl Pts',(-16.1565291104093,-14.3097228950604,0.));
#6472=CARTESIAN_POINT('Ctrl Pts',(-16.1565291104093,-14.3097228950604,0.8));
#6473=CARTESIAN_POINT('Ctrl Pts',(-16.2443925686874,-14.405040293477,0.));
#6474=CARTESIAN_POINT('Ctrl Pts',(-16.2443925686874,-14.405040293477,0.8));
#6475=CARTESIAN_POINT('Ctrl Pts',(-16.310223612747,-14.4765729767999,0.));
#6476=CARTESIAN_POINT('Ctrl Pts',(-16.310223612747,-14.4765729767999,0.8));
#6477=CARTESIAN_POINT('Ctrl Pts',(-16.354081417085,-14.5242812569894,0.));
#6478=CARTESIAN_POINT('Ctrl Pts',(-16.354081417085,-14.5242812569894,0.8));
#6479=CARTESIAN_POINT('Ctrl Pts',(-16.3760029296618,-14.5481403532448,0.));
#6480=CARTESIAN_POINT('Ctrl Pts',(-16.3760029296618,-14.5481403532448,0.8));
#6481=CARTESIAN_POINT('',(-10.7187831536634,-8.71108369290193,0.));
#6482=CARTESIAN_POINT('Ctrl Pts',(-10.7187831536634,-8.71108369290193,0.));
#6483=CARTESIAN_POINT('Ctrl Pts',(-10.7420843743492,-8.733933994653,0.));
#6484=CARTESIAN_POINT('Ctrl Pts',(-10.7886741604381,-8.7796439533413,0.));
#6485=CARTESIAN_POINT('Ctrl Pts',(-10.8585208737246,-8.84823695693178,0.));
#6486=CARTESIAN_POINT('Ctrl Pts',(-10.9515738436062,-8.9397504627307,0.));
#6487=CARTESIAN_POINT('Ctrl Pts',(-11.0677630929032,-9.05423626029267,0.));
#6488=CARTESIAN_POINT('Ctrl Pts',(-11.1838248926154,-9.16881651341625,0.));
#6489=CARTESIAN_POINT('Ctrl Pts',(-11.2997586451028,-9.28349202574308,0.));
#6490=CARTESIAN_POINT('Ctrl Pts',(-11.4155636914692,-9.39826388754341,0.));
#6491=CARTESIAN_POINT('Ctrl Pts',(-11.5312393641623,-9.51313350039098,0.));
#6492=CARTESIAN_POINT('Ctrl Pts',(-11.6467850075535,-9.62810232008385,0.));
#6493=CARTESIAN_POINT('Ctrl Pts',(-11.762200000664,-9.74317159595416,0.));
#6494=CARTESIAN_POINT('Ctrl Pts',(-11.8774837829979,-9.85834210666802,0.));
#6495=CARTESIAN_POINT('Ctrl Pts',(-11.9926358823064,-9.9736138976519,0.));
#6496=CARTESIAN_POINT('Ctrl Pts',(-12.1076559471712,-10.0889860019633,0.));
#6497=CARTESIAN_POINT('Ctrl Pts',(-12.22254366448,-10.2044569455718,0.));
#6498=CARTESIAN_POINT('Ctrl Pts',(-12.3372986779707,-10.3200252612581,0.));
#6499=CARTESIAN_POINT('Ctrl Pts',(-12.4519205092295,-10.4356899999967,0.));
#6500=CARTESIAN_POINT('Ctrl Pts',(-12.5664084827982,-10.5514512330636,0.));
#6501=CARTESIAN_POINT('Ctrl Pts',(-12.680761648344,-10.6673105811859,0.));
#6502=CARTESIAN_POINT('Ctrl Pts',(-12.794978947811,-10.7832704707412,0.));
#6503=CARTESIAN_POINT('Ctrl Pts',(-12.9090593897833,-10.8993333636281,0.));
#6504=CARTESIAN_POINT('Ctrl Pts',(-13.0230022265416,-11.0155009885807,0.));
#6505=CARTESIAN_POINT('Ctrl Pts',(-13.1368071307545,-11.1317735817194,0.));
#6506=CARTESIAN_POINT('Ctrl Pts',(-13.2504743872238,-11.2481490779899,0.));
#6507=CARTESIAN_POINT('Ctrl Pts',(-13.3640046094638,-11.3646241559237,0.));
#6508=CARTESIAN_POINT('Ctrl Pts',(-13.4773984481063,-11.4811953226583,0.));
#6509=CARTESIAN_POINT('Ctrl Pts',(-13.5906563044737,-11.5978599880061,0.));
#6510=CARTESIAN_POINT('Ctrl Pts',(-13.7037780497612,-11.7146175239987,0.));
#6511=CARTESIAN_POINT('Ctrl Pts',(-13.8167627325386,-11.8314703817298,0.));
#6512=CARTESIAN_POINT('Ctrl Pts',(-13.9296088437978,-11.9484229255788,0.));
#6513=CARTESIAN_POINT('Ctrl Pts',(-14.0423145983417,-12.0654802102587,0.));
#6514=CARTESIAN_POINT('Ctrl Pts',(-14.1548782141289,-12.1826467717297,0.));
#6515=CARTESIAN_POINT('Ctrl Pts',(-14.2672981936579,-12.2999254253783,0.));
#6516=CARTESIAN_POINT('Ctrl Pts',(-14.379573616163,-12.4173160090646,0.));
#6517=CARTESIAN_POINT('Ctrl Pts',(-14.4917040825783,-12.5348163282542,0.));
#6518=CARTESIAN_POINT('Ctrl Pts',(-14.6036896548502,-12.6524231504304,0.));
#6519=CARTESIAN_POINT('Ctrl Pts',(-14.7155308031724,-12.7701331792991,0.));
#6520=CARTESIAN_POINT('Ctrl Pts',(-14.8272283537909,-12.8879440232979,0.));
#6521=CARTESIAN_POINT('Ctrl Pts',(-14.9387834454956,-13.0058551932273,0.));
#6522=CARTESIAN_POINT('Ctrl Pts',(-15.0501972826216,-13.1238675374927,0.));
#6523=CARTESIAN_POINT('Ctrl Pts',(-15.1614708871449,-13.2419826431476,0.));
#6524=CARTESIAN_POINT('Ctrl Pts',(-15.2726048534487,-13.3602022473267,0.));
#6525=CARTESIAN_POINT('Ctrl Pts',(-15.3835991077816,-13.4785276465716,0.));
#6526=CARTESIAN_POINT('Ctrl Pts',(-15.4944526603459,-13.5969590915479,0.));
#6527=CARTESIAN_POINT('Ctrl Pts',(-15.605163922045,-13.7154960460236,0.));
#6528=CARTESIAN_POINT('Ctrl Pts',(-15.7157310320672,-13.8341374570887,0.));
#6529=CARTESIAN_POINT('Ctrl Pts',(-15.8261521850693,-13.9528820170703,0.));
#6530=CARTESIAN_POINT('Ctrl Pts',(-15.9364259609532,-14.0717284243,0.));
#6531=CARTESIAN_POINT('Ctrl Pts',(-16.04655166275,-14.1906756432989,0.));
#6532=CARTESIAN_POINT('Ctrl Pts',(-16.1565291104093,-14.3097228950604,0.));
#6533=CARTESIAN_POINT('Ctrl Pts',(-16.2443925686874,-14.405040293477,0.));
#6534=CARTESIAN_POINT('Ctrl Pts',(-16.310223612747,-14.4765729767999,0.));
#6535=CARTESIAN_POINT('Ctrl Pts',(-16.354081417085,-14.5242812569894,0.));
#6536=CARTESIAN_POINT('Ctrl Pts',(-16.3760029296618,-14.5481403532448,0.));
#6537=CARTESIAN_POINT('',(-10.7187831536634,-8.71108369290193,0.));
#6538=CARTESIAN_POINT('Origin',(-10.7094760712429,-8.70186099173479,0.));
#6539=CARTESIAN_POINT('',(-10.7094760712429,-8.70186099173479,0.));
#6540=CARTESIAN_POINT('',(-10.7094760712429,-8.70186099173479,0.));
#6541=CARTESIAN_POINT('',(-10.7094760712429,-8.70186099173479,0.));
#6542=CARTESIAN_POINT('Origin',(0.00511205153278738,-0.00401978756465582,
0.));
#6543=CARTESIAN_POINT('',(-11.6536841876988,7.38024121173409,0.));
#6544=CARTESIAN_POINT('Origin',(0.00511205153278738,-0.00401978756465582,
0.));
#6545=CARTESIAN_POINT('',(-11.6536841876988,7.38024121173409,0.));
#6546=CARTESIAN_POINT('Ctrl Pts',(-13.0591057671066,17.6920373711883,0.));
#6547=CARTESIAN_POINT('Ctrl Pts',(-13.0591057671066,17.6920373711883,0.8));
#6548=CARTESIAN_POINT('Ctrl Pts',(-13.0302047904804,17.6439753903877,0.));
#6549=CARTESIAN_POINT('Ctrl Pts',(-13.0302047904804,17.6439753903877,0.8));
#6550=CARTESIAN_POINT('Ctrl Pts',(-12.9727413332749,17.5480446643611,0.));
#6551=CARTESIAN_POINT('Ctrl Pts',(-12.9727413332749,17.5480446643611,0.8));
#6552=CARTESIAN_POINT('Ctrl Pts',(-12.8875616356686,17.4047282819841,0.));
#6553=CARTESIAN_POINT('Ctrl Pts',(-12.8875616356686,17.4047282819841,0.8));
#6554=CARTESIAN_POINT('Ctrl Pts',(-12.7760210042061,17.2147999411647,0.));
#6555=CARTESIAN_POINT('Ctrl Pts',(-12.7760210042061,17.2147999411647,0.8));
#6556=CARTESIAN_POINT('Ctrl Pts',(-12.6399937430301,16.979327369825,0.));
#6557=CARTESIAN_POINT('Ctrl Pts',(-12.6399937430301,16.979327369825,0.8));
#6558=CARTESIAN_POINT('Ctrl Pts',(-12.5073857996211,16.7457977900244,0.));
#6559=CARTESIAN_POINT('Ctrl Pts',(-12.5073857996211,16.7457977900244,0.8));
#6560=CARTESIAN_POINT('Ctrl Pts',(-12.3782287595151,16.5142157299384,0.));
#6561=CARTESIAN_POINT('Ctrl Pts',(-12.3782287595151,16.5142157299384,0.8));
#6562=CARTESIAN_POINT('Ctrl Pts',(-12.2525662112195,16.2845835970994,0.));
#6563=CARTESIAN_POINT('Ctrl Pts',(-12.2525662112195,16.2845835970994,0.8));
#6564=CARTESIAN_POINT('Ctrl Pts',(-12.1304551807985,16.0569000435943,0.));
#6565=CARTESIAN_POINT('Ctrl Pts',(-12.1304551807985,16.0569000435943,0.8));
#6566=CARTESIAN_POINT('Ctrl Pts',(-12.0119667340228,15.8311585130813,0.));
#6567=CARTESIAN_POINT('Ctrl Pts',(-12.0119667340228,15.8311585130813,0.8));
#6568=CARTESIAN_POINT('Ctrl Pts',(-11.8971821794561,15.6073469380035,0.));
#6569=CARTESIAN_POINT('Ctrl Pts',(-11.8971821794561,15.6073469380035,0.8));
#6570=CARTESIAN_POINT('Ctrl Pts',(-11.786189842688,15.3854472543455,0.));
#6571=CARTESIAN_POINT('Ctrl Pts',(-11.786189842688,15.3854472543455,0.8));
#6572=CARTESIAN_POINT('Ctrl Pts',(-11.6790813673146,15.1654348852155,0.));
#6573=CARTESIAN_POINT('Ctrl Pts',(-11.6790813673146,15.1654348852155,0.8));
#6574=CARTESIAN_POINT('Ctrl Pts',(-11.5759485158627,14.947278239602,0.));
#6575=CARTESIAN_POINT('Ctrl Pts',(-11.5759485158627,14.947278239602,0.8));
#6576=CARTESIAN_POINT('Ctrl Pts',(-11.4768786538547,14.7309379434478,0.));
#6577=CARTESIAN_POINT('Ctrl Pts',(-11.4768786538547,14.7309379434478,0.8));
#6578=CARTESIAN_POINT('Ctrl Pts',(-11.381955746299,14.5163670728763,0.));
#6579=CARTESIAN_POINT('Ctrl Pts',(-11.381955746299,14.5163670728763,0.8));
#6580=CARTESIAN_POINT('Ctrl Pts',(-11.2912640247108,14.3035118757393,0.));
#6581=CARTESIAN_POINT('Ctrl Pts',(-11.2912640247108,14.3035118757393,0.8));
#6582=CARTESIAN_POINT('Ctrl Pts',(-11.2048908190104,14.0923122748648,0.));
#6583=CARTESIAN_POINT('Ctrl Pts',(-11.2048908190104,14.0923122748648,0.8));
#6584=CARTESIAN_POINT('Ctrl Pts',(-11.1229293798261,13.8827023962836,0.));
#6585=CARTESIAN_POINT('Ctrl Pts',(-11.1229293798261,13.8827023962836,0.8));
#6586=CARTESIAN_POINT('Ctrl Pts',(-11.0454821889767,13.6746110191563,0.));
#6587=CARTESIAN_POINT('Ctrl Pts',(-11.0454821889767,13.6746110191563,0.8));
#6588=CARTESIAN_POINT('Ctrl Pts',(-10.9726617735885,13.4679620137555,0.));
#6589=CARTESIAN_POINT('Ctrl Pts',(-10.9726617735885,13.4679620137555,0.8));
#6590=CARTESIAN_POINT('Ctrl Pts',(-10.904588337893,13.2626747858121,0.));
#6591=CARTESIAN_POINT('Ctrl Pts',(-10.904588337893,13.2626747858121,0.8));
#6592=CARTESIAN_POINT('Ctrl Pts',(-10.8413880109571,13.0586646324317,0.));
#6593=CARTESIAN_POINT('Ctrl Pts',(-10.8413880109571,13.0586646324317,0.8));
#6594=CARTESIAN_POINT('Ctrl Pts',(-10.783190941089,12.8558431702503,0.));
#6595=CARTESIAN_POINT('Ctrl Pts',(-10.783190941089,12.8558431702503,0.8));
#6596=CARTESIAN_POINT('Ctrl Pts',(-10.7301288144432,12.6541184730244,0.));
#6597=CARTESIAN_POINT('Ctrl Pts',(-10.7301288144432,12.6541184730244,0.8));
#6598=CARTESIAN_POINT('Ctrl Pts',(-10.6823344712779,12.45339610847,0.));
#6599=CARTESIAN_POINT('Ctrl Pts',(-10.6823344712779,12.45339610847,0.8));
#6600=CARTESIAN_POINT('Ctrl Pts',(-10.639943740392,12.2535811180369,0.));
#6601=CARTESIAN_POINT('Ctrl Pts',(-10.639943740392,12.2535811180369,0.8));
#6602=CARTESIAN_POINT('Ctrl Pts',(-10.6030966993135,12.054579742966,0.));
#6603=CARTESIAN_POINT('Ctrl Pts',(-10.6030966993135,12.054579742966,0.8));
#6604=CARTESIAN_POINT('Ctrl Pts',(-10.5719387067681,11.8563011733273,0.));
#6605=CARTESIAN_POINT('Ctrl Pts',(-10.5719387067681,11.8563011733273,0.8));
#6606=CARTESIAN_POINT('Ctrl Pts',(-10.5466222073684,11.658659412315,0.));
#6607=CARTESIAN_POINT('Ctrl Pts',(-10.5466222073684,11.658659412315,0.8));
#6608=CARTESIAN_POINT('Ctrl Pts',(-10.5273031416475,11.4615742337856,0.));
#6609=CARTESIAN_POINT('Ctrl Pts',(-10.5273031416475,11.4615742337856,0.8));
#6610=CARTESIAN_POINT('Ctrl Pts',(-10.5141351972897,11.2649717981963,0.));
#6611=CARTESIAN_POINT('Ctrl Pts',(-10.5141351972897,11.2649717981963,0.8));
#6612=CARTESIAN_POINT('Ctrl Pts',(-10.5072646940848,11.0687853656185,0.));
#6613=CARTESIAN_POINT('Ctrl Pts',(-10.5072646940848,11.0687853656185,0.8));
#6614=CARTESIAN_POINT('Ctrl Pts',(-10.5068248200099,10.8729560099344,0.));
#6615=CARTESIAN_POINT('Ctrl Pts',(-10.5068248200099,10.8729560099344,0.8));
#6616=CARTESIAN_POINT('Ctrl Pts',(-10.5129304815642,10.6774332373698,0.));
#6617=CARTESIAN_POINT('Ctrl Pts',(-10.5129304815642,10.6774332373698,0.8));
#6618=CARTESIAN_POINT('Ctrl Pts',(-10.5256807669951,10.4821740965513,0.));
#6619=CARTESIAN_POINT('Ctrl Pts',(-10.5256807669951,10.4821740965513,0.8));
#6620=CARTESIAN_POINT('Ctrl Pts',(-10.5451609968234,10.2871423613281,0.));
#6621=CARTESIAN_POINT('Ctrl Pts',(-10.5451609968234,10.2871423613281,0.8));
#6622=CARTESIAN_POINT('Ctrl Pts',(-10.5714442604936,10.0923077676191,0.));
#6623=CARTESIAN_POINT('Ctrl Pts',(-10.5714442604936,10.0923077676191,0.8));
#6624=CARTESIAN_POINT('Ctrl Pts',(-10.6045940205889,9.89764506795491,0.));
#6625=CARTESIAN_POINT('Ctrl Pts',(-10.6045940205889,9.89764506795491,0.8));
#6626=CARTESIAN_POINT('Ctrl Pts',(-10.6446619898023,9.70313381304825,0.));
#6627=CARTESIAN_POINT('Ctrl Pts',(-10.6446619898023,9.70313381304825,0.8));
#6628=CARTESIAN_POINT('Ctrl Pts',(-10.6916808899262,9.50875893216755,0.));
#6629=CARTESIAN_POINT('Ctrl Pts',(-10.6916808899262,9.50875893216755,0.8));
#6630=CARTESIAN_POINT('Ctrl Pts',(-10.7456579318964,9.31451116532882,0.));
#6631=CARTESIAN_POINT('Ctrl Pts',(-10.7456579318964,9.31451116532882,0.8));
#6632=CARTESIAN_POINT('Ctrl Pts',(-10.8065686189168,9.12038745377267,0.));
#6633=CARTESIAN_POINT('Ctrl Pts',(-10.8065686189168,9.12038745377267,0.8));
#6634=CARTESIAN_POINT('Ctrl Pts',(-10.8743478583339,8.92639165602811,0.));
#6635=CARTESIAN_POINT('Ctrl Pts',(-10.8743478583339,8.92639165602811,0.8));
#6636=CARTESIAN_POINT('Ctrl Pts',(-10.9489003613994,8.73253274819058,0.));
#6637=CARTESIAN_POINT('Ctrl Pts',(-10.9489003613994,8.73253274819058,0.8));
#6638=CARTESIAN_POINT('Ctrl Pts',(-11.030115264524,8.53882245687137,0.));
#6639=CARTESIAN_POINT('Ctrl Pts',(-11.030115264524,8.53882245687137,0.8));
#6640=CARTESIAN_POINT('Ctrl Pts',(-11.117879051422,8.34527309530277,0.));
#6641=CARTESIAN_POINT('Ctrl Pts',(-11.117879051422,8.34527309530277,0.8));
#6642=CARTESIAN_POINT('Ctrl Pts',(-11.2120890095235,8.15189530749229,0.));
#6643=CARTESIAN_POINT('Ctrl Pts',(-11.2120890095235,8.15189530749229,0.8));
#6644=CARTESIAN_POINT('Ctrl Pts',(-11.3126662073603,7.95869586099915,0.));
#6645=CARTESIAN_POINT('Ctrl Pts',(-11.3126662073603,7.95869586099915,0.8));
#6646=CARTESIAN_POINT('Ctrl Pts',(-11.4195533288592,7.76567851794135,0.));
#6647=CARTESIAN_POINT('Ctrl Pts',(-11.4195533288592,7.76567851794135,0.8));
#6648=CARTESIAN_POINT('Ctrl Pts',(-11.510080638605,7.61141161064299,0.));
#6649=CARTESIAN_POINT('Ctrl Pts',(-11.510080638605,7.61141161064299,0.8));
#6650=CARTESIAN_POINT('Ctrl Pts',(-11.5807891641448,7.49579423160693,0.));
#6651=CARTESIAN_POINT('Ctrl Pts',(-11.5807891641448,7.49579423160693,0.8));
#6652=CARTESIAN_POINT('Ctrl Pts',(-11.6291776086003,7.41875275558027,0.));
#6653=CARTESIAN_POINT('Ctrl Pts',(-11.6291776086003,7.41875275558027,0.8));
#6654=CARTESIAN_POINT('Ctrl Pts',(-11.6536841876988,7.38024121173409,0.));
#6655=CARTESIAN_POINT('Ctrl Pts',(-11.6536841876988,7.38024121173409,0.8));
#6656=CARTESIAN_POINT('',(-13.0591057671066,17.6920373711883,0.));
#6657=CARTESIAN_POINT('Ctrl Pts',(-13.0591057671066,17.6920373711883,0.));
#6658=CARTESIAN_POINT('Ctrl Pts',(-13.0302047904804,17.6439753903877,0.));
#6659=CARTESIAN_POINT('Ctrl Pts',(-12.9727413332749,17.5480446643611,0.));
#6660=CARTESIAN_POINT('Ctrl Pts',(-12.8875616356686,17.4047282819841,0.));
#6661=CARTESIAN_POINT('Ctrl Pts',(-12.7760210042061,17.2147999411647,0.));
#6662=CARTESIAN_POINT('Ctrl Pts',(-12.6399937430301,16.979327369825,0.));
#6663=CARTESIAN_POINT('Ctrl Pts',(-12.5073857996211,16.7457977900244,0.));
#6664=CARTESIAN_POINT('Ctrl Pts',(-12.3782287595151,16.5142157299384,0.));
#6665=CARTESIAN_POINT('Ctrl Pts',(-12.2525662112195,16.2845835970994,0.));
#6666=CARTESIAN_POINT('Ctrl Pts',(-12.1304551807985,16.0569000435943,0.));
#6667=CARTESIAN_POINT('Ctrl Pts',(-12.0119667340228,15.8311585130813,0.));
#6668=CARTESIAN_POINT('Ctrl Pts',(-11.8971821794561,15.6073469380035,0.));
#6669=CARTESIAN_POINT('Ctrl Pts',(-11.786189842688,15.3854472543455,0.));
#6670=CARTESIAN_POINT('Ctrl Pts',(-11.6790813673146,15.1654348852155,0.));
#6671=CARTESIAN_POINT('Ctrl Pts',(-11.5759485158627,14.947278239602,0.));
#6672=CARTESIAN_POINT('Ctrl Pts',(-11.4768786538547,14.7309379434478,0.));
#6673=CARTESIAN_POINT('Ctrl Pts',(-11.381955746299,14.5163670728763,0.));
#6674=CARTESIAN_POINT('Ctrl Pts',(-11.2912640247108,14.3035118757393,0.));
#6675=CARTESIAN_POINT('Ctrl Pts',(-11.2048908190104,14.0923122748648,0.));
#6676=CARTESIAN_POINT('Ctrl Pts',(-11.1229293798261,13.8827023962836,0.));
#6677=CARTESIAN_POINT('Ctrl Pts',(-11.0454821889767,13.6746110191563,0.));
#6678=CARTESIAN_POINT('Ctrl Pts',(-10.9726617735885,13.4679620137555,0.));
#6679=CARTESIAN_POINT('Ctrl Pts',(-10.904588337893,13.2626747858121,0.));
#6680=CARTESIAN_POINT('Ctrl Pts',(-10.8413880109571,13.0586646324317,0.));
#6681=CARTESIAN_POINT('Ctrl Pts',(-10.783190941089,12.8558431702503,0.));
#6682=CARTESIAN_POINT('Ctrl Pts',(-10.7301288144432,12.6541184730244,0.));
#6683=CARTESIAN_POINT('Ctrl Pts',(-10.6823344712779,12.45339610847,0.));
#6684=CARTESIAN_POINT('Ctrl Pts',(-10.639943740392,12.2535811180369,0.));
#6685=CARTESIAN_POINT('Ctrl Pts',(-10.6030966993135,12.054579742966,0.));
#6686=CARTESIAN_POINT('Ctrl Pts',(-10.5719387067681,11.8563011733273,0.));
#6687=CARTESIAN_POINT('Ctrl Pts',(-10.5466222073684,11.658659412315,0.));
#6688=CARTESIAN_POINT('Ctrl Pts',(-10.5273031416475,11.4615742337856,0.));
#6689=CARTESIAN_POINT('Ctrl Pts',(-10.5141351972897,11.2649717981963,0.));
#6690=CARTESIAN_POINT('Ctrl Pts',(-10.5072646940848,11.0687853656185,0.));
#6691=CARTESIAN_POINT('Ctrl Pts',(-10.5068248200099,10.8729560099344,0.));
#6692=CARTESIAN_POINT('Ctrl Pts',(-10.5129304815642,10.6774332373698,0.));
#6693=CARTESIAN_POINT('Ctrl Pts',(-10.5256807669951,10.4821740965513,0.));
#6694=CARTESIAN_POINT('Ctrl Pts',(-10.5451609968234,10.2871423613281,0.));
#6695=CARTESIAN_POINT('Ctrl Pts',(-10.5714442604936,10.0923077676191,0.));
#6696=CARTESIAN_POINT('Ctrl Pts',(-10.6045940205889,9.89764506795491,0.));
#6697=CARTESIAN_POINT('Ctrl Pts',(-10.6446619898023,9.70313381304825,0.));
#6698=CARTESIAN_POINT('Ctrl Pts',(-10.6916808899262,9.50875893216755,0.));
#6699=CARTESIAN_POINT('Ctrl Pts',(-10.7456579318964,9.31451116532882,0.));
#6700=CARTESIAN_POINT('Ctrl Pts',(-10.8065686189168,9.12038745377267,0.));
#6701=CARTESIAN_POINT('Ctrl Pts',(-10.8743478583339,8.92639165602811,0.));
#6702=CARTESIAN_POINT('Ctrl Pts',(-10.9489003613994,8.73253274819058,0.));
#6703=CARTESIAN_POINT('Ctrl Pts',(-11.030115264524,8.53882245687137,0.));
#6704=CARTESIAN_POINT('Ctrl Pts',(-11.117879051422,8.34527309530277,0.));
#6705=CARTESIAN_POINT('Ctrl Pts',(-11.2120890095235,8.15189530749229,0.));
#6706=CARTESIAN_POINT('Ctrl Pts',(-11.3126662073603,7.95869586099915,0.));
#6707=CARTESIAN_POINT('Ctrl Pts',(-11.4195533288592,7.76567851794135,0.));
#6708=CARTESIAN_POINT('Ctrl Pts',(-11.510080638605,7.61141161064299,0.));
#6709=CARTESIAN_POINT('Ctrl Pts',(-11.5807891641448,7.49579423160693,0.));
#6710=CARTESIAN_POINT('Ctrl Pts',(-11.6291776086003,7.41875275558027,0.));
#6711=CARTESIAN_POINT('Ctrl Pts',(-11.6536841876988,7.38024121173409,0.));
#6712=CARTESIAN_POINT('',(-13.0591057671066,17.6920373711883,0.));
#6713=CARTESIAN_POINT('Origin',(0.115111089811191,0.0113751978531851,0.));
#6714=CARTESIAN_POINT('',(-11.4748122939981,18.7687598939703,0.));
#6715=CARTESIAN_POINT('Origin',(0.115111089811191,0.0113751978531851,0.));
#6716=CARTESIAN_POINT('',(-11.4748122939981,18.7687598939703,0.));
#6717=CARTESIAN_POINT('Origin',(0.00485581074897989,-0.00399951267444409,
0.));
#6718=CARTESIAN_POINT('Origin',(0.00485581074897989,-0.00399951267444409,
0.));
#6719=CARTESIAN_POINT('Origin',(0.,0.,0.));
#6720=CARTESIAN_POINT('',(-25.1,-3.07386346585986E-15,0.));
#6721=CARTESIAN_POINT('',(-25.1,-3.07386346585986E-15,0.));
#6722=CARTESIAN_POINT('Origin',(0.,0.,0.));
#6723=CARTESIAN_POINT('Origin',(0.,0.,0.));
#6724=UNCERTAINTY_MEASURE_WITH_UNIT(LENGTH_MEASURE(0.01),#6728,
'DISTANCE_ACCURACY_VALUE',
'Maximum model space distance between geometric entities at asserted c
onnectivities');
#6725=UNCERTAINTY_MEASURE_WITH_UNIT(LENGTH_MEASURE(0.01),#6728,
'DISTANCE_ACCURACY_VALUE',
'Maximum model space distance between geometric entities at asserted c
onnectivities');
#6726=(
GEOMETRIC_REPRESENTATION_CONTEXT(3)
GLOBAL_UNCERTAINTY_ASSIGNED_CONTEXT((#6724))
GLOBAL_UNIT_ASSIGNED_CONTEXT((#6728,#6730,#6731))
REPRESENTATION_CONTEXT('','3D')
);
#6727=(
GEOMETRIC_REPRESENTATION_CONTEXT(3)
GLOBAL_UNCERTAINTY_ASSIGNED_CONTEXT((#6725))
GLOBAL_UNIT_ASSIGNED_CONTEXT((#6728,#6730,#6731))
REPRESENTATION_CONTEXT('','3D')
);
#6728=(
LENGTH_UNIT()
NAMED_UNIT(*)
SI_UNIT(.MILLI.,.METRE.)
);
#6729=(
LENGTH_UNIT()
NAMED_UNIT(*)
SI_UNIT($,.METRE.)
);
#6730=(
NAMED_UNIT(*)
PLANE_ANGLE_UNIT()
SI_UNIT($,.RADIAN.)
);
#6731=(
NAMED_UNIT(*)
SI_UNIT($,.STERADIAN.)
SOLID_ANGLE_UNIT()
);
#6732=SHAPE_DEFINITION_REPRESENTATION(#6733,#6734);
#6733=PRODUCT_DEFINITION_SHAPE('',$,#6736);
#6734=SHAPE_REPRESENTATION('',(#1084),#6726);
#6735=PRODUCT_DEFINITION_CONTEXT('part definition',#6740,'design');
#6736=PRODUCT_DEFINITION('2026-09-30-21-37-04-928','Centre Plate',#6737,
#6735);
#6737=PRODUCT_DEFINITION_FORMATION('',$,#6742);
#6738=PRODUCT_RELATED_PRODUCT_CATEGORY('Centre Plate','Centre Plate',(#6742));
#6739=APPLICATION_PROTOCOL_DEFINITION('international standard',
'automotive_design',2009,#6740);
#6740=APPLICATION_CONTEXT(
'Core Data for Automotive Mechanical Design Process');
#6741=PRODUCT_CONTEXT('part definition',#6740,'mechanical');
#6742=PRODUCT('2026-09-30-21-37-04-928','Centre Plate',$,(#6741));
#6743=PRESENTATION_STYLE_ASSIGNMENT((#6744));
#6744=SURFACE_STYLE_USAGE(.BOTH.,#6745);
#6745=SURFACE_SIDE_STYLE('',(#6746));
#6746=SURFACE_STYLE_FILL_AREA(#6747);
#6747=FILL_AREA_STYLE('Steel - Satin',(#6748));
#6748=FILL_AREA_STYLE_COLOUR('Steel - Satin',#6749);
#6749=COLOUR_RGB('Steel - Satin',0.627450980392157,0.627450980392157,0.627450980392157);
ENDSEC;
END-ISO-10303-21;
