ISO-10303-21;
HEADER;
/* Generated by software containing ST-Developer
 * from STEP Tools, Inc. (www.steptools.com) 
 */

FILE_DESCRIPTION(
/* description */ (''),
/* implementation_level */ '2;1');

FILE_NAME(
/* name */ 'Motor Plate.step',
/* author */ (''),
/* organization */ (''),
/* preprocessor_version */ 'ST-DEVELOPER v20.2',
/* originating_system */ 'Autodesk Translation Framework v15.15.0.0',
/* authorisation */ '');

FILE_SCHEMA (('AUTOMOTIVE_DESIGN { 1 0 10303 214 3 1 1 }'));
ENDSEC;

DATA;
#10=MECHANICAL_DESIGN_GEOMETRIC_PRESENTATION_REPRESENTATION('',(#13),#2947);
#11=SHAPE_REPRESENTATION_RELATIONSHIP('SRR','None',#2954,#12);
#12=ADVANCED_BREP_SHAPE_REPRESENTATION('',(#14),#2946);
#13=STYLED_ITEM('',(#2963),#14);
#14=MANIFOLD_SOLID_BREP('Motor Plate body',#1699);
#15=FACE_BOUND('',#207,.T.);
#16=FACE_BOUND('',#210,.T.);
#17=FACE_BOUND('',#213,.T.);
#18=FACE_BOUND('',#216,.T.);
#19=FACE_BOUND('',#219,.T.);
#20=FACE_BOUND('',#222,.T.);
#21=FACE_BOUND('',#225,.T.);
#22=FACE_BOUND('',#228,.T.);
#23=FACE_BOUND('',#239,.T.);
#24=FACE_BOUND('',#240,.T.);
#25=FACE_BOUND('',#241,.T.);
#26=FACE_BOUND('',#249,.T.);
#27=FACE_BOUND('',#250,.T.);
#28=FACE_BOUND('',#251,.T.);
#29=FACE_BOUND('',#252,.T.);
#30=FACE_BOUND('',#253,.T.);
#31=FACE_BOUND('',#279,.T.);
#32=FACE_BOUND('',#280,.T.);
#33=FACE_BOUND('',#282,.T.);
#34=FACE_BOUND('',#293,.T.);
#35=FACE_BOUND('',#294,.T.);
#36=FACE_BOUND('',#295,.T.);
#37=FACE_BOUND('',#296,.T.);
#38=FACE_BOUND('',#297,.T.);
#39=FACE_BOUND('',#298,.T.);
#40=FACE_BOUND('',#299,.T.);
#41=FACE_BOUND('',#300,.T.);
#42=FACE_BOUND('',#301,.T.);
#43=FACE_BOUND('',#303,.T.);
#44=FACE_BOUND('',#322,.T.);
#45=FACE_BOUND('',#323,.T.);
#46=FACE_BOUND('',#324,.T.);
#47=FACE_BOUND('',#325,.T.);
#48=FACE_BOUND('',#326,.T.);
#49=FACE_BOUND('',#327,.T.);
#50=FACE_BOUND('',#328,.T.);
#51=FACE_BOUND('',#329,.T.);
#52=FACE_BOUND('',#330,.T.);
#53=FACE_BOUND('',#331,.T.);
#54=FACE_BOUND('',#332,.T.);
#55=FACE_BOUND('',#333,.T.);
#56=FACE_BOUND('',#334,.T.);
#57=PLANE('',#1740);
#58=PLANE('',#1744);
#59=PLANE('',#1748);
#60=PLANE('',#1752);
#61=PLANE('',#1756);
#62=PLANE('',#1760);
#63=PLANE('',#1764);
#64=PLANE('',#1768);
#65=PLANE('',#1772);
#66=PLANE('',#1776);
#67=PLANE('',#1777);
#68=PLANE('',#1781);
#69=PLANE('',#1788);
#70=PLANE('',#1797);
#71=PLANE('',#1804);
#72=PLANE('',#1805);
#73=PLANE('',#1815);
#74=PLANE('',#1819);
#75=PLANE('',#1823);
#76=PLANE('',#1827);
#77=PLANE('',#1873);
#78=PLANE('',#1874);
#79=PLANE('',#1875);
#80=PLANE('',#1877);
#81=PLANE('',#1886);
#82=PLANE('',#1887);
#83=PLANE('',#1889);
#84=PLANE('',#1896);
#85=PLANE('',#1897);
#86=PLANE('',#1898);
#87=PLANE('',#1899);
#88=PLANE('',#1900);
#89=PLANE('',#1901);
#90=PLANE('',#1908);
#91=PLANE('',#1909);
#92=PLANE('',#1910);
#93=PLANE('',#1911);
#94=PLANE('',#1912);
#95=PLANE('',#1913);
#96=PLANE('',#1914);
#97=PLANE('',#1915);
#98=PLANE('',#1916);
#99=PLANE('',#1917);
#100=PLANE('',#1918);
#101=FACE_OUTER_BOUND('',#197,.T.);
#102=FACE_OUTER_BOUND('',#198,.T.);
#103=FACE_OUTER_BOUND('',#199,.T.);
#104=FACE_OUTER_BOUND('',#200,.T.);
#105=FACE_OUTER_BOUND('',#201,.T.);
#106=FACE_OUTER_BOUND('',#202,.T.);
#107=FACE_OUTER_BOUND('',#203,.T.);
#108=FACE_OUTER_BOUND('',#204,.T.);
#109=FACE_OUTER_BOUND('',#205,.T.);
#110=FACE_OUTER_BOUND('',#206,.T.);
#111=FACE_OUTER_BOUND('',#208,.T.);
#112=FACE_OUTER_BOUND('',#209,.T.);
#113=FACE_OUTER_BOUND('',#211,.T.);
#114=FACE_OUTER_BOUND('',#212,.T.);
#115=FACE_OUTER_BOUND('',#214,.T.);
#116=FACE_OUTER_BOUND('',#215,.T.);
#117=FACE_OUTER_BOUND('',#217,.T.);
#118=FACE_OUTER_BOUND('',#218,.T.);
#119=FACE_OUTER_BOUND('',#220,.T.);
#120=FACE_OUTER_BOUND('',#221,.T.);
#121=FACE_OUTER_BOUND('',#223,.T.);
#122=FACE_OUTER_BOUND('',#224,.T.);
#123=FACE_OUTER_BOUND('',#226,.T.);
#124=FACE_OUTER_BOUND('',#227,.T.);
#125=FACE_OUTER_BOUND('',#229,.T.);
#126=FACE_OUTER_BOUND('',#230,.T.);
#127=FACE_OUTER_BOUND('',#231,.T.);
#128=FACE_OUTER_BOUND('',#232,.T.);
#129=FACE_OUTER_BOUND('',#233,.T.);
#130=FACE_OUTER_BOUND('',#234,.T.);
#131=FACE_OUTER_BOUND('',#235,.T.);
#132=FACE_OUTER_BOUND('',#236,.T.);
#133=FACE_OUTER_BOUND('',#237,.T.);
#134=FACE_OUTER_BOUND('',#238,.T.);
#135=FACE_OUTER_BOUND('',#242,.T.);
#136=FACE_OUTER_BOUND('',#243,.T.);
#137=FACE_OUTER_BOUND('',#244,.T.);
#138=FACE_OUTER_BOUND('',#245,.T.);
#139=FACE_OUTER_BOUND('',#246,.T.);
#140=FACE_OUTER_BOUND('',#247,.T.);
#141=FACE_OUTER_BOUND('',#248,.T.);
#142=FACE_OUTER_BOUND('',#254,.T.);
#143=FACE_OUTER_BOUND('',#255,.T.);
#144=FACE_OUTER_BOUND('',#256,.T.);
#145=FACE_OUTER_BOUND('',#257,.T.);
#146=FACE_OUTER_BOUND('',#258,.T.);
#147=FACE_OUTER_BOUND('',#259,.T.);
#148=FACE_OUTER_BOUND('',#260,.T.);
#149=FACE_OUTER_BOUND('',#261,.T.);
#150=FACE_OUTER_BOUND('',#262,.T.);
#151=FACE_OUTER_BOUND('',#263,.T.);
#152=FACE_OUTER_BOUND('',#264,.T.);
#153=FACE_OUTER_BOUND('',#265,.T.);
#154=FACE_OUTER_BOUND('',#266,.T.);
#155=FACE_OUTER_BOUND('',#267,.T.);
#156=FACE_OUTER_BOUND('',#268,.T.);
#157=FACE_OUTER_BOUND('',#269,.T.);
#158=FACE_OUTER_BOUND('',#270,.T.);
#159=FACE_OUTER_BOUND('',#271,.T.);
#160=FACE_OUTER_BOUND('',#272,.T.);
#161=FACE_OUTER_BOUND('',#273,.T.);
#162=FACE_OUTER_BOUND('',#274,.T.);
#163=FACE_OUTER_BOUND('',#275,.T.);
#164=FACE_OUTER_BOUND('',#276,.T.);
#165=FACE_OUTER_BOUND('',#277,.T.);
#166=FACE_OUTER_BOUND('',#278,.T.);
#167=FACE_OUTER_BOUND('',#281,.T.);
#168=FACE_OUTER_BOUND('',#283,.T.);
#169=FACE_OUTER_BOUND('',#284,.T.);
#170=FACE_OUTER_BOUND('',#285,.T.);
#171=FACE_OUTER_BOUND('',#286,.T.);
#172=FACE_OUTER_BOUND('',#287,.T.);
#173=FACE_OUTER_BOUND('',#288,.T.);
#174=FACE_OUTER_BOUND('',#289,.T.);
#175=FACE_OUTER_BOUND('',#290,.T.);
#176=FACE_OUTER_BOUND('',#291,.T.);
#177=FACE_OUTER_BOUND('',#292,.T.);
#178=FACE_OUTER_BOUND('',#302,.T.);
#179=FACE_OUTER_BOUND('',#304,.T.);
#180=FACE_OUTER_BOUND('',#305,.T.);
#181=FACE_OUTER_BOUND('',#306,.T.);
#182=FACE_OUTER_BOUND('',#307,.T.);
#183=FACE_OUTER_BOUND('',#308,.T.);
#184=FACE_OUTER_BOUND('',#309,.T.);
#185=FACE_OUTER_BOUND('',#310,.T.);
#186=FACE_OUTER_BOUND('',#311,.T.);
#187=FACE_OUTER_BOUND('',#312,.T.);
#188=FACE_OUTER_BOUND('',#313,.T.);
#189=FACE_OUTER_BOUND('',#314,.T.);
#190=FACE_OUTER_BOUND('',#315,.T.);
#191=FACE_OUTER_BOUND('',#316,.T.);
#192=FACE_OUTER_BOUND('',#317,.T.);
#193=FACE_OUTER_BOUND('',#318,.T.);
#194=FACE_OUTER_BOUND('',#319,.T.);
#195=FACE_OUTER_BOUND('',#320,.T.);
#196=FACE_OUTER_BOUND('',#321,.T.);
#197=EDGE_LOOP('',(#1083,#1084,#1085,#1086));
#198=EDGE_LOOP('',(#1087,#1088,#1089,#1090));
#199=EDGE_LOOP('',(#1091,#1092,#1093,#1094));
#200=EDGE_LOOP('',(#1095,#1096,#1097,#1098));
#201=EDGE_LOOP('',(#1099,#1100,#1101,#1102));
#202=EDGE_LOOP('',(#1103,#1104,#1105,#1106));
#203=EDGE_LOOP('',(#1107,#1108,#1109,#1110));
#204=EDGE_LOOP('',(#1111,#1112,#1113,#1114));
#205=EDGE_LOOP('',(#1115,#1116,#1117,#1118));
#206=EDGE_LOOP('',(#1119));
#207=EDGE_LOOP('',(#1120));
#208=EDGE_LOOP('',(#1121,#1122,#1123,#1124));
#209=EDGE_LOOP('',(#1125));
#210=EDGE_LOOP('',(#1126));
#211=EDGE_LOOP('',(#1127,#1128,#1129,#1130));
#212=EDGE_LOOP('',(#1131));
#213=EDGE_LOOP('',(#1132));
#214=EDGE_LOOP('',(#1133,#1134,#1135,#1136));
#215=EDGE_LOOP('',(#1137));
#216=EDGE_LOOP('',(#1138));
#217=EDGE_LOOP('',(#1139,#1140,#1141,#1142));
#218=EDGE_LOOP('',(#1143));
#219=EDGE_LOOP('',(#1144));
#220=EDGE_LOOP('',(#1145,#1146,#1147,#1148));
#221=EDGE_LOOP('',(#1149));
#222=EDGE_LOOP('',(#1150));
#223=EDGE_LOOP('',(#1151,#1152,#1153,#1154));
#224=EDGE_LOOP('',(#1155));
#225=EDGE_LOOP('',(#1156));
#226=EDGE_LOOP('',(#1157,#1158,#1159,#1160));
#227=EDGE_LOOP('',(#1161));
#228=EDGE_LOOP('',(#1162));
#229=EDGE_LOOP('',(#1163,#1164,#1165,#1166));
#230=EDGE_LOOP('',(#1167));
#231=EDGE_LOOP('',(#1168,#1169,#1170,#1171));
#232=EDGE_LOOP('',(#1172));
#233=EDGE_LOOP('',(#1173,#1174,#1175,#1176));
#234=EDGE_LOOP('',(#1177,#1178,#1179,#1180));
#235=EDGE_LOOP('',(#1181,#1182,#1183,#1184));
#236=EDGE_LOOP('',(#1185,#1186,#1187,#1188));
#237=EDGE_LOOP('',(#1189,#1190,#1191,#1192));
#238=EDGE_LOOP('',(#1193));
#239=EDGE_LOOP('',(#1194));
#240=EDGE_LOOP('',(#1195));
#241=EDGE_LOOP('',(#1196,#1197,#1198,#1199,#1200,#1201,#1202,#1203,#1204,
#1205,#1206,#1207));
#242=EDGE_LOOP('',(#1208,#1209,#1210,#1211));
#243=EDGE_LOOP('',(#1212,#1213,#1214,#1215));
#244=EDGE_LOOP('',(#1216,#1217,#1218,#1219));
#245=EDGE_LOOP('',(#1220,#1221,#1222,#1223));
#246=EDGE_LOOP('',(#1224,#1225,#1226,#1227));
#247=EDGE_LOOP('',(#1228,#1229,#1230,#1231));
#248=EDGE_LOOP('',(#1232,#1233,#1234,#1235,#1236,#1237,#1238,#1239,#1240,
#1241,#1242,#1243));
#249=EDGE_LOOP('',(#1244,#1245,#1246,#1247));
#250=EDGE_LOOP('',(#1248));
#251=EDGE_LOOP('',(#1249));
#252=EDGE_LOOP('',(#1250));
#253=EDGE_LOOP('',(#1251,#1252,#1253,#1254));
#254=EDGE_LOOP('',(#1255,#1256,#1257,#1258));
#255=EDGE_LOOP('',(#1259,#1260,#1261,#1262));
#256=EDGE_LOOP('',(#1263));
#257=EDGE_LOOP('',(#1264,#1265,#1266,#1267));
#258=EDGE_LOOP('',(#1268));
#259=EDGE_LOOP('',(#1269,#1270,#1271,#1272));
#260=EDGE_LOOP('',(#1273));
#261=EDGE_LOOP('',(#1274,#1275,#1276,#1277));
#262=EDGE_LOOP('',(#1278));
#263=EDGE_LOOP('',(#1279,#1280,#1281,#1282));
#264=EDGE_LOOP('',(#1283,#1284,#1285,#1286,#1287,#1288));
#265=EDGE_LOOP('',(#1289,#1290,#1291,#1292,#1293,#1294));
#266=EDGE_LOOP('',(#1295,#1296,#1297,#1298));
#267=EDGE_LOOP('',(#1299,#1300,#1301,#1302));
#268=EDGE_LOOP('',(#1303,#1304,#1305,#1306,#1307,#1308));
#269=EDGE_LOOP('',(#1309,#1310,#1311,#1312));
#270=EDGE_LOOP('',(#1313,#1314,#1315,#1316));
#271=EDGE_LOOP('',(#1317,#1318,#1319,#1320,#1321,#1322));
#272=EDGE_LOOP('',(#1323,#1324,#1325,#1326,#1327,#1328));
#273=EDGE_LOOP('',(#1329,#1330,#1331,#1332));
#274=EDGE_LOOP('',(#1333,#1334,#1335,#1336,#1337,#1338));
#275=EDGE_LOOP('',(#1339,#1340,#1341,#1342));
#276=EDGE_LOOP('',(#1343,#1344,#1345,#1346,#1347,#1348,#1349,#1350));
#277=EDGE_LOOP('',(#1351,#1352,#1353,#1354,#1355,#1356,#1357,#1358));
#278=EDGE_LOOP('',(#1359,#1360,#1361,#1362,#1363,#1364,#1365,#1366));
#279=EDGE_LOOP('',(#1367));
#280=EDGE_LOOP('',(#1368));
#281=EDGE_LOOP('',(#1369,#1370,#1371,#1372,#1373,#1374,#1375,#1376,#1377));
#282=EDGE_LOOP('',(#1378));
#283=EDGE_LOOP('',(#1379,#1380,#1381,#1382));
#284=EDGE_LOOP('',(#1383,#1384,#1385,#1386));
#285=EDGE_LOOP('',(#1387,#1388,#1389,#1390));
#286=EDGE_LOOP('',(#1391,#1392,#1393));
#287=EDGE_LOOP('',(#1394,#1395,#1396,#1397,#1398,#1399));
#288=EDGE_LOOP('',(#1400,#1401,#1402,#1403,#1404));
#289=EDGE_LOOP('',(#1405,#1406,#1407,#1408));
#290=EDGE_LOOP('',(#1409,#1410,#1411,#1412));
#291=EDGE_LOOP('',(#1413,#1414,#1415,#1416));
#292=EDGE_LOOP('',(#1417,#1418,#1419,#1420,#1421,#1422,#1423,#1424,#1425,
#1426,#1427,#1428,#1429,#1430,#1431,#1432,#1433,#1434));
#293=EDGE_LOOP('',(#1435));
#294=EDGE_LOOP('',(#1436));
#295=EDGE_LOOP('',(#1437));
#296=EDGE_LOOP('',(#1438));
#297=EDGE_LOOP('',(#1439));
#298=EDGE_LOOP('',(#1440));
#299=EDGE_LOOP('',(#1441));
#300=EDGE_LOOP('',(#1442));
#301=EDGE_LOOP('',(#1443));
#302=EDGE_LOOP('',(#1444,#1445,#1446,#1447,#1448,#1449,#1450));
#303=EDGE_LOOP('',(#1451));
#304=EDGE_LOOP('',(#1452,#1453,#1454,#1455));
#305=EDGE_LOOP('',(#1456,#1457,#1458,#1459));
#306=EDGE_LOOP('',(#1460,#1461,#1462,#1463));
#307=EDGE_LOOP('',(#1464,#1465,#1466,#1467));
#308=EDGE_LOOP('',(#1468,#1469,#1470,#1471));
#309=EDGE_LOOP('',(#1472,#1473,#1474,#1475));
#310=EDGE_LOOP('',(#1476,#1477,#1478,#1479));
#311=EDGE_LOOP('',(#1480,#1481,#1482,#1483));
#312=EDGE_LOOP('',(#1484,#1485,#1486,#1487));
#313=EDGE_LOOP('',(#1488,#1489,#1490,#1491));
#314=EDGE_LOOP('',(#1492,#1493,#1494,#1495));
#315=EDGE_LOOP('',(#1496,#1497,#1498,#1499));
#316=EDGE_LOOP('',(#1500,#1501,#1502,#1503));
#317=EDGE_LOOP('',(#1504,#1505,#1506,#1507,#1508,#1509,#1510,#1511));
#318=EDGE_LOOP('',(#1512,#1513,#1514,#1515));
#319=EDGE_LOOP('',(#1516,#1517,#1518,#1519));
#320=EDGE_LOOP('',(#1520,#1521,#1522,#1523));
#321=EDGE_LOOP('',(#1524,#1525,#1526,#1527,#1528,#1529,#1530,#1531));
#322=EDGE_LOOP('',(#1532,#1533,#1534,#1535));
#323=EDGE_LOOP('',(#1536));
#324=EDGE_LOOP('',(#1537));
#325=EDGE_LOOP('',(#1538));
#326=EDGE_LOOP('',(#1539,#1540,#1541,#1542));
#327=EDGE_LOOP('',(#1543));
#328=EDGE_LOOP('',(#1544));
#329=EDGE_LOOP('',(#1545));
#330=EDGE_LOOP('',(#1546));
#331=EDGE_LOOP('',(#1547));
#332=EDGE_LOOP('',(#1548));
#333=EDGE_LOOP('',(#1549));
#334=EDGE_LOOP('',(#1550));
#335=LINE('',#2462,#459);
#336=LINE('',#2468,#460);
#337=LINE('',#2474,#461);
#338=LINE('',#2480,#462);
#339=LINE('',#2486,#463);
#340=LINE('',#2492,#464);
#341=LINE('',#2498,#465);
#342=LINE('',#2504,#466);
#343=LINE('',#2510,#467);
#344=LINE('',#2517,#468);
#345=LINE('',#2524,#469);
#346=LINE('',#2531,#470);
#347=LINE('',#2538,#471);
#348=LINE('',#2545,#472);
#349=LINE('',#2552,#473);
#350=LINE('',#2559,#474);
#351=LINE('',#2566,#475);
#352=LINE('',#2573,#476);
#353=LINE('',#2579,#477);
#354=LINE('',#2581,#478);
#355=LINE('',#2583,#479);
#356=LINE('',#2584,#480);
#357=LINE('',#2589,#481);
#358=LINE('',#2594,#482);
#359=LINE('',#2596,#483);
#360=LINE('',#2598,#484);
#361=LINE('',#2599,#485);
#362=LINE('',#2605,#486);
#363=LINE('',#2615,#487);
#364=LINE('',#2623,#488);
#365=LINE('',#2628,#489);
#366=LINE('',#2631,#490);
#367=LINE('',#2633,#491);
#368=LINE('',#2634,#492);
#369=LINE('',#2638,#493);
#370=LINE('',#2642,#494);
#371=LINE('',#2646,#495);
#372=LINE('',#2648,#496);
#373=LINE('',#2653,#497);
#374=LINE('',#2655,#498);
#375=LINE('',#2657,#499);
#376=LINE('',#2658,#500);
#377=LINE('',#2667,#501);
#378=LINE('',#2669,#502);
#379=LINE('',#2671,#503);
#380=LINE('',#2672,#504);
#381=LINE('',#2675,#505);
#382=LINE('',#2681,#506);
#383=LINE('',#2688,#507);
#384=LINE('',#2695,#508);
#385=LINE('',#2702,#509);
#386=LINE('',#2708,#510);
#387=LINE('',#2712,#511);
#388=LINE('',#2717,#512);
#389=LINE('',#2721,#513);
#390=LINE('',#2725,#514);
#391=LINE('',#2730,#515);
#392=LINE('',#2735,#516);
#393=LINE('',#2740,#517);
#394=LINE('',#2746,#518);
#395=LINE('',#2750,#519);
#396=LINE('',#2755,#520);
#397=LINE('',#2759,#521);
#398=LINE('',#2763,#522);
#399=LINE('',#2770,#523);
#400=LINE('',#2774,#524);
#401=LINE('',#2778,#525);
#402=LINE('',#2783,#526);
#403=LINE('',#2787,#527);
#404=LINE('',#2794,#528);
#405=LINE('',#2798,#529);
#406=LINE('',#2806,#530);
#407=LINE('',#2810,#531);
#408=LINE('',#2814,#532);
#409=LINE('',#2820,#533);
#410=LINE('',#2823,#534);
#411=LINE('',#2825,#535);
#412=LINE('',#2827,#536);
#413=LINE('',#2829,#537);
#414=LINE('',#2831,#538);
#415=LINE('',#2832,#539);
#416=LINE('',#2834,#540);
#417=LINE('',#2836,#541);
#418=LINE('',#2838,#542);
#419=LINE('',#2840,#543);
#420=LINE('',#2842,#544);
#421=LINE('',#2843,#545);
#422=LINE('',#2847,#546);
#423=LINE('',#2849,#547);
#424=LINE('',#2851,#548);
#425=LINE('',#2852,#549);
#426=LINE('',#2855,#550);
#427=LINE('',#2856,#551);
#428=LINE('',#2876,#552);
#429=LINE('',#2878,#553);
#430=LINE('',#2882,#554);
#431=LINE('',#2883,#555);
#432=LINE('',#2884,#556);
#433=LINE('',#2887,#557);
#434=LINE('',#2888,#558);
#435=LINE('',#2891,#559);
#436=LINE('',#2892,#560);
#437=LINE('',#2894,#561);
#438=LINE('',#2897,#562);
#439=LINE('',#2901,#563);
#440=LINE('',#2905,#564);
#441=LINE('',#2910,#565);
#442=LINE('',#2911,#566);
#443=LINE('',#2912,#567);
#444=LINE('',#2915,#568);
#445=LINE('',#2916,#569);
#446=LINE('',#2919,#570);
#447=LINE('',#2920,#571);
#448=LINE('',#2922,#572);
#449=LINE('',#2926,#573);
#450=LINE('',#2927,#574);
#451=LINE('',#2928,#575);
#452=LINE('',#2931,#576);
#453=LINE('',#2932,#577);
#454=LINE('',#2935,#578);
#455=LINE('',#2936,#579);
#456=LINE('',#2938,#580);
#457=LINE('',#2940,#581);
#458=LINE('',#2942,#582);
#459=VECTOR('',#1925,1.9);
#460=VECTOR('',#1932,1.9);
#461=VECTOR('',#1939,1.9);
#462=VECTOR('',#1946,1.9);
#463=VECTOR('',#1953,1.9);
#464=VECTOR('',#1960,1.9);
#465=VECTOR('',#1967,1.9);
#466=VECTOR('',#1974,1.9);
#467=VECTOR('',#1981,3.);
#468=VECTOR('',#1990,3.);
#469=VECTOR('',#1999,3.);
#470=VECTOR('',#2008,3.);
#471=VECTOR('',#2017,3.);
#472=VECTOR('',#2026,3.);
#473=VECTOR('',#2035,3.);
#474=VECTOR('',#2044,3.);
#475=VECTOR('',#2053,1.55);
#476=VECTOR('',#2062,1.55);
#477=VECTOR('',#2069,10.);
#478=VECTOR('',#2070,10.);
#479=VECTOR('',#2071,10.);
#480=VECTOR('',#2072,10.);
#481=VECTOR('',#2077,10.);
#482=VECTOR('',#2082,10.);
#483=VECTOR('',#2083,10.);
#484=VECTOR('',#2084,10.);
#485=VECTOR('',#2085,10.);
#486=VECTOR('',#2092,10.);
#487=VECTOR('',#2105,10.);
#488=VECTOR('',#2112,10.);
#489=VECTOR('',#2119,10.);
#490=VECTOR('',#2122,10.);
#491=VECTOR('',#2123,10.);
#492=VECTOR('',#2124,10.);
#493=VECTOR('',#2129,10.);
#494=VECTOR('',#2134,10.);
#495=VECTOR('',#2139,10.);
#496=VECTOR('',#2142,10.);
#497=VECTOR('',#2147,10.);
#498=VECTOR('',#2148,10.);
#499=VECTOR('',#2149,10.);
#500=VECTOR('',#2150,10.);
#501=VECTOR('',#2157,10.);
#502=VECTOR('',#2158,10.);
#503=VECTOR('',#2159,10.);
#504=VECTOR('',#2160,10.);
#505=VECTOR('',#2163,24.925);
#506=VECTOR('',#2170,1.55);
#507=VECTOR('',#2179,1.55);
#508=VECTOR('',#2188,1.55);
#509=VECTOR('',#2197,1.55);
#510=VECTOR('',#2204,10.);
#511=VECTOR('',#2207,10.);
#512=VECTOR('',#2212,10.);
#513=VECTOR('',#2215,10.);
#514=VECTOR('',#2218,10.);
#515=VECTOR('',#2223,10.);
#516=VECTOR('',#2228,10.);
#517=VECTOR('',#2233,10.);
#518=VECTOR('',#2240,10.);
#519=VECTOR('',#2243,10.);
#520=VECTOR('',#2248,10.);
#521=VECTOR('',#2251,10.);
#522=VECTOR('',#2254,10.);
#523=VECTOR('',#2263,10.);
#524=VECTOR('',#2266,10.);
#525=VECTOR('',#2269,10.);
#526=VECTOR('',#2274,10.);
#527=VECTOR('',#2277,10.);
#528=VECTOR('',#2286,10.);
#529=VECTOR('',#2289,10.);
#530=VECTOR('',#2300,10.);
#531=VECTOR('',#2303,10.);
#532=VECTOR('',#2306,10.);
#533=VECTOR('',#2313,10.);
#534=VECTOR('',#2318,10.);
#535=VECTOR('',#2319,10.);
#536=VECTOR('',#2320,10.);
#537=VECTOR('',#2321,10.);
#538=VECTOR('',#2322,10.);
#539=VECTOR('',#2323,10.);
#540=VECTOR('',#2326,10.);
#541=VECTOR('',#2327,10.);
#542=VECTOR('',#2328,10.);
#543=VECTOR('',#2329,10.);
#544=VECTOR('',#2330,10.);
#545=VECTOR('',#2331,10.);
#546=VECTOR('',#2336,10.);
#547=VECTOR('',#2337,10.);
#548=VECTOR('',#2338,10.);
#549=VECTOR('',#2339,10.);
#550=VECTOR('',#2342,10.);
#551=VECTOR('',#2343,10.);
#552=VECTOR('',#2382,10.);
#553=VECTOR('',#2385,10.);
#554=VECTOR('',#2388,10.);
#555=VECTOR('',#2389,10.);
#556=VECTOR('',#2390,10.);
#557=VECTOR('',#2393,10.);
#558=VECTOR('',#2394,10.);
#559=VECTOR('',#2397,10.);
#560=VECTOR('',#2398,10.);
#561=VECTOR('',#2401,10.);
#562=VECTOR('',#2404,1.15);
#563=VECTOR('',#2409,1.7);
#564=VECTOR('',#2414,0.5);
#565=VECTOR('',#2419,10.);
#566=VECTOR('',#2420,10.);
#567=VECTOR('',#2421,10.);
#568=VECTOR('',#2424,10.);
#569=VECTOR('',#2425,10.);
#570=VECTOR('',#2428,10.);
#571=VECTOR('',#2429,10.);
#572=VECTOR('',#2432,10.);
#573=VECTOR('',#2435,10.);
#574=VECTOR('',#2436,10.);
#575=VECTOR('',#2437,10.);
#576=VECTOR('',#2440,10.);
#577=VECTOR('',#2441,10.);
#578=VECTOR('',#2444,10.);
#579=VECTOR('',#2445,10.);
#580=VECTOR('',#2448,10.);
#581=VECTOR('',#2451,10.);
#582=VECTOR('',#2454,10.);
#583=CIRCLE('',#1714,1.9);
#584=CIRCLE('',#1715,1.9);
#585=CIRCLE('',#1717,1.9);
#586=CIRCLE('',#1718,1.9);
#587=CIRCLE('',#1720,1.9);
#588=CIRCLE('',#1721,1.9);
#589=CIRCLE('',#1723,1.9);
#590=CIRCLE('',#1724,1.9);
#591=CIRCLE('',#1726,1.9);
#592=CIRCLE('',#1727,1.9);
#593=CIRCLE('',#1729,1.9);
#594=CIRCLE('',#1730,1.9);
#595=CIRCLE('',#1732,1.9);
#596=CIRCLE('',#1733,1.9);
#597=CIRCLE('',#1735,1.9);
#598=CIRCLE('',#1736,1.9);
#599=CIRCLE('',#1738,3.);
#600=CIRCLE('',#1739,3.);
#601=CIRCLE('',#1742,3.);
#602=CIRCLE('',#1743,3.);
#603=CIRCLE('',#1746,3.);
#604=CIRCLE('',#1747,3.);
#605=CIRCLE('',#1750,3.);
#606=CIRCLE('',#1751,3.);
#607=CIRCLE('',#1754,3.);
#608=CIRCLE('',#1755,3.);
#609=CIRCLE('',#1758,3.);
#610=CIRCLE('',#1759,3.);
#611=CIRCLE('',#1762,3.);
#612=CIRCLE('',#1763,3.);
#613=CIRCLE('',#1766,3.);
#614=CIRCLE('',#1767,3.);
#615=CIRCLE('',#1770,1.55);
#616=CIRCLE('',#1771,1.55);
#617=CIRCLE('',#1774,1.55);
#618=CIRCLE('',#1775,1.55);
#619=CIRCLE('',#1779,12.0883085068846);
#620=CIRCLE('',#1780,12.0883085068846);
#621=CIRCLE('',#1783,7.99119356286554);
#622=CIRCLE('',#1784,7.99119356286554);
#623=CIRCLE('',#1786,2.8);
#624=CIRCLE('',#1787,2.8);
#625=CIRCLE('',#1789,24.925);
#626=CIRCLE('',#1790,23.227);
#627=CIRCLE('',#1791,13.3330074833042);
#628=CIRCLE('',#1792,2.8);
#629=CIRCLE('',#1793,8.17328988895499);
#630=CIRCLE('',#1794,23.227);
#631=CIRCLE('',#1796,23.227);
#632=CIRCLE('',#1799,8.17328988895499);
#633=CIRCLE('',#1801,2.8);
#634=CIRCLE('',#1803,13.3330074833042);
#635=CIRCLE('',#1806,23.227);
#636=CIRCLE('',#1807,1.15);
#637=CIRCLE('',#1808,1.7);
#638=CIRCLE('',#1809,0.5);
#639=CIRCLE('',#1811,24.925);
#640=CIRCLE('',#1813,1.55);
#641=CIRCLE('',#1814,1.55);
#642=CIRCLE('',#1817,1.55);
#643=CIRCLE('',#1818,1.55);
#644=CIRCLE('',#1821,1.55);
#645=CIRCLE('',#1822,1.55);
#646=CIRCLE('',#1825,1.55);
#647=CIRCLE('',#1826,1.55);
#648=CIRCLE('',#1829,12.28);
#649=CIRCLE('',#1830,12.28);
#650=CIRCLE('',#1832,12.28);
#651=CIRCLE('',#1833,12.28);
#652=CIRCLE('',#1834,12.28);
#653=CIRCLE('',#1836,12.87);
#654=CIRCLE('',#1837,12.87);
#655=CIRCLE('',#1838,12.87);
#656=CIRCLE('',#1840,12.87);
#657=CIRCLE('',#1841,12.87);
#658=CIRCLE('',#1843,12.46);
#659=CIRCLE('',#1844,12.46);
#660=CIRCLE('',#1846,13.23);
#661=CIRCLE('',#1847,13.23);
#662=CIRCLE('',#1848,13.23);
#663=CIRCLE('',#1850,12.68);
#664=CIRCLE('',#1851,12.68);
#665=CIRCLE('',#1853,13.23);
#666=CIRCLE('',#1854,13.23);
#667=CIRCLE('',#1856,12.68);
#668=CIRCLE('',#1857,12.68);
#669=CIRCLE('',#1858,12.68);
#670=CIRCLE('',#1860,12.64);
#671=CIRCLE('',#1861,12.64);
#672=CIRCLE('',#1862,12.64);
#673=CIRCLE('',#1864,7.55);
#674=CIRCLE('',#1865,7.55);
#675=CIRCLE('',#1867,14.16);
#676=CIRCLE('',#1868,14.16);
#677=CIRCLE('',#1869,14.16);
#678=CIRCLE('',#1871,12.46);
#679=CIRCLE('',#1872,12.46);
#680=CIRCLE('',#1876,50.106);
#681=CIRCLE('',#1878,50.106);
#682=CIRCLE('',#1880,50.106);
#683=CIRCLE('',#1882,50.106);
#684=CIRCLE('',#1884,50.106);
#685=CIRCLE('',#1885,50.106);
#686=CIRCLE('',#1888,33.5);
#687=CIRCLE('',#1890,33.5);
#688=CIRCLE('',#1892,33.5);
#689=CIRCLE('',#1894,33.5);
#690=CIRCLE('',#1903,1.15);
#691=CIRCLE('',#1905,1.7);
#692=CIRCLE('',#1907,0.5);
#693=VERTEX_POINT('',#2459);
#694=VERTEX_POINT('',#2461);
#695=VERTEX_POINT('',#2465);
#696=VERTEX_POINT('',#2467);
#697=VERTEX_POINT('',#2471);
#698=VERTEX_POINT('',#2473);
#699=VERTEX_POINT('',#2477);
#700=VERTEX_POINT('',#2479);
#701=VERTEX_POINT('',#2483);
#702=VERTEX_POINT('',#2485);
#703=VERTEX_POINT('',#2489);
#704=VERTEX_POINT('',#2491);
#705=VERTEX_POINT('',#2495);
#706=VERTEX_POINT('',#2497);
#707=VERTEX_POINT('',#2501);
#708=VERTEX_POINT('',#2503);
#709=VERTEX_POINT('',#2507);
#710=VERTEX_POINT('',#2509);
#711=VERTEX_POINT('',#2514);
#712=VERTEX_POINT('',#2516);
#713=VERTEX_POINT('',#2521);
#714=VERTEX_POINT('',#2523);
#715=VERTEX_POINT('',#2528);
#716=VERTEX_POINT('',#2530);
#717=VERTEX_POINT('',#2535);
#718=VERTEX_POINT('',#2537);
#719=VERTEX_POINT('',#2542);
#720=VERTEX_POINT('',#2544);
#721=VERTEX_POINT('',#2549);
#722=VERTEX_POINT('',#2551);
#723=VERTEX_POINT('',#2556);
#724=VERTEX_POINT('',#2558);
#725=VERTEX_POINT('',#2563);
#726=VERTEX_POINT('',#2565);
#727=VERTEX_POINT('',#2570);
#728=VERTEX_POINT('',#2572);
#729=VERTEX_POINT('',#2577);
#730=VERTEX_POINT('',#2578);
#731=VERTEX_POINT('',#2580);
#732=VERTEX_POINT('',#2582);
#733=VERTEX_POINT('',#2586);
#734=VERTEX_POINT('',#2588);
#735=VERTEX_POINT('',#2592);
#736=VERTEX_POINT('',#2593);
#737=VERTEX_POINT('',#2595);
#738=VERTEX_POINT('',#2597);
#739=VERTEX_POINT('',#2601);
#740=VERTEX_POINT('',#2603);
#741=VERTEX_POINT('',#2610);
#742=VERTEX_POINT('',#2612);
#743=VERTEX_POINT('',#2614);
#744=VERTEX_POINT('',#2616);
#745=VERTEX_POINT('',#2618);
#746=VERTEX_POINT('',#2620);
#747=VERTEX_POINT('',#2622);
#748=VERTEX_POINT('',#2626);
#749=VERTEX_POINT('',#2630);
#750=VERTEX_POINT('',#2632);
#751=VERTEX_POINT('',#2636);
#752=VERTEX_POINT('',#2640);
#753=VERTEX_POINT('',#2644);
#754=VERTEX_POINT('',#2651);
#755=VERTEX_POINT('',#2652);
#756=VERTEX_POINT('',#2654);
#757=VERTEX_POINT('',#2656);
#758=VERTEX_POINT('',#2659);
#759=VERTEX_POINT('',#2661);
#760=VERTEX_POINT('',#2663);
#761=VERTEX_POINT('',#2665);
#762=VERTEX_POINT('',#2666);
#763=VERTEX_POINT('',#2668);
#764=VERTEX_POINT('',#2670);
#765=VERTEX_POINT('',#2674);
#766=VERTEX_POINT('',#2678);
#767=VERTEX_POINT('',#2680);
#768=VERTEX_POINT('',#2685);
#769=VERTEX_POINT('',#2687);
#770=VERTEX_POINT('',#2692);
#771=VERTEX_POINT('',#2694);
#772=VERTEX_POINT('',#2699);
#773=VERTEX_POINT('',#2701);
#774=VERTEX_POINT('',#2706);
#775=VERTEX_POINT('',#2707);
#776=VERTEX_POINT('',#2709);
#777=VERTEX_POINT('',#2711);
#778=VERTEX_POINT('',#2715);
#779=VERTEX_POINT('',#2716);
#780=VERTEX_POINT('',#2718);
#781=VERTEX_POINT('',#2720);
#782=VERTEX_POINT('',#2722);
#783=VERTEX_POINT('',#2724);
#784=VERTEX_POINT('',#2728);
#785=VERTEX_POINT('',#2729);
#786=VERTEX_POINT('',#2732);
#787=VERTEX_POINT('',#2734);
#788=VERTEX_POINT('',#2738);
#789=VERTEX_POINT('',#2739);
#790=VERTEX_POINT('',#2744);
#791=VERTEX_POINT('',#2745);
#792=VERTEX_POINT('',#2747);
#793=VERTEX_POINT('',#2749);
#794=VERTEX_POINT('',#2753);
#795=VERTEX_POINT('',#2754);
#796=VERTEX_POINT('',#2756);
#797=VERTEX_POINT('',#2758);
#798=VERTEX_POINT('',#2760);
#799=VERTEX_POINT('',#2762);
#800=VERTEX_POINT('',#2766);
#801=VERTEX_POINT('',#2768);
#802=VERTEX_POINT('',#2772);
#803=VERTEX_POINT('',#2773);
#804=VERTEX_POINT('',#2775);
#805=VERTEX_POINT('',#2777);
#806=VERTEX_POINT('',#2781);
#807=VERTEX_POINT('',#2782);
#808=VERTEX_POINT('',#2784);
#809=VERTEX_POINT('',#2786);
#810=VERTEX_POINT('',#2791);
#811=VERTEX_POINT('',#2793);
#812=VERTEX_POINT('',#2795);
#813=VERTEX_POINT('',#2797);
#814=VERTEX_POINT('',#2804);
#815=VERTEX_POINT('',#2805);
#816=VERTEX_POINT('',#2807);
#817=VERTEX_POINT('',#2809);
#818=VERTEX_POINT('',#2811);
#819=VERTEX_POINT('',#2813);
#820=VERTEX_POINT('',#2817);
#821=VERTEX_POINT('',#2819);
#822=VERTEX_POINT('',#2824);
#823=VERTEX_POINT('',#2826);
#824=VERTEX_POINT('',#2828);
#825=VERTEX_POINT('',#2830);
#826=VERTEX_POINT('',#2835);
#827=VERTEX_POINT('',#2837);
#828=VERTEX_POINT('',#2839);
#829=VERTEX_POINT('',#2841);
#830=VERTEX_POINT('',#2846);
#831=VERTEX_POINT('',#2848);
#832=VERTEX_POINT('',#2850);
#833=VERTEX_POINT('',#2854);
#834=VERTEX_POINT('',#2880);
#835=VERTEX_POINT('',#2881);
#836=VERTEX_POINT('',#2886);
#837=VERTEX_POINT('',#2890);
#838=VERTEX_POINT('',#2896);
#839=VERTEX_POINT('',#2900);
#840=VERTEX_POINT('',#2904);
#841=VERTEX_POINT('',#2908);
#842=VERTEX_POINT('',#2909);
#843=VERTEX_POINT('',#2914);
#844=VERTEX_POINT('',#2918);
#845=VERTEX_POINT('',#2924);
#846=VERTEX_POINT('',#2925);
#847=VERTEX_POINT('',#2930);
#848=VERTEX_POINT('',#2934);
#849=EDGE_CURVE('',#693,#693,#583,.T.);
#850=EDGE_CURVE('',#693,#694,#335,.T.);
#851=EDGE_CURVE('',#694,#694,#584,.T.);
#852=EDGE_CURVE('',#695,#695,#585,.T.);
#853=EDGE_CURVE('',#695,#696,#336,.T.);
#854=EDGE_CURVE('',#696,#696,#586,.T.);
#855=EDGE_CURVE('',#697,#697,#587,.T.);
#856=EDGE_CURVE('',#697,#698,#337,.T.);
#857=EDGE_CURVE('',#698,#698,#588,.T.);
#858=EDGE_CURVE('',#699,#699,#589,.T.);
#859=EDGE_CURVE('',#699,#700,#338,.T.);
#860=EDGE_CURVE('',#700,#700,#590,.T.);
#861=EDGE_CURVE('',#701,#701,#591,.T.);
#862=EDGE_CURVE('',#701,#702,#339,.T.);
#863=EDGE_CURVE('',#702,#702,#592,.T.);
#864=EDGE_CURVE('',#703,#703,#593,.T.);
#865=EDGE_CURVE('',#703,#704,#340,.T.);
#866=EDGE_CURVE('',#704,#704,#594,.T.);
#867=EDGE_CURVE('',#705,#705,#595,.T.);
#868=EDGE_CURVE('',#705,#706,#341,.T.);
#869=EDGE_CURVE('',#706,#706,#596,.T.);
#870=EDGE_CURVE('',#707,#707,#597,.T.);
#871=EDGE_CURVE('',#707,#708,#342,.T.);
#872=EDGE_CURVE('',#708,#708,#598,.T.);
#873=EDGE_CURVE('',#709,#709,#599,.T.);
#874=EDGE_CURVE('',#709,#710,#343,.T.);
#875=EDGE_CURVE('',#710,#710,#600,.T.);
#876=EDGE_CURVE('',#711,#711,#601,.T.);
#877=EDGE_CURVE('',#711,#712,#344,.T.);
#878=EDGE_CURVE('',#712,#712,#602,.T.);
#879=EDGE_CURVE('',#713,#713,#603,.T.);
#880=EDGE_CURVE('',#713,#714,#345,.T.);
#881=EDGE_CURVE('',#714,#714,#604,.T.);
#882=EDGE_CURVE('',#715,#715,#605,.T.);
#883=EDGE_CURVE('',#715,#716,#346,.T.);
#884=EDGE_CURVE('',#716,#716,#606,.T.);
#885=EDGE_CURVE('',#717,#717,#607,.T.);
#886=EDGE_CURVE('',#717,#718,#347,.T.);
#887=EDGE_CURVE('',#718,#718,#608,.T.);
#888=EDGE_CURVE('',#719,#719,#609,.T.);
#889=EDGE_CURVE('',#719,#720,#348,.T.);
#890=EDGE_CURVE('',#720,#720,#610,.T.);
#891=EDGE_CURVE('',#721,#721,#611,.T.);
#892=EDGE_CURVE('',#721,#722,#349,.T.);
#893=EDGE_CURVE('',#722,#722,#612,.T.);
#894=EDGE_CURVE('',#723,#723,#613,.T.);
#895=EDGE_CURVE('',#723,#724,#350,.T.);
#896=EDGE_CURVE('',#724,#724,#614,.T.);
#897=EDGE_CURVE('',#725,#725,#615,.T.);
#898=EDGE_CURVE('',#725,#726,#351,.T.);
#899=EDGE_CURVE('',#726,#726,#616,.T.);
#900=EDGE_CURVE('',#727,#727,#617,.T.);
#901=EDGE_CURVE('',#727,#728,#352,.T.);
#902=EDGE_CURVE('',#728,#728,#618,.T.);
#903=EDGE_CURVE('',#729,#730,#353,.T.);
#904=EDGE_CURVE('',#731,#729,#354,.T.);
#905=EDGE_CURVE('',#731,#732,#355,.T.);
#906=EDGE_CURVE('',#730,#732,#356,.T.);
#907=EDGE_CURVE('',#733,#731,#619,.T.);
#908=EDGE_CURVE('',#733,#734,#357,.T.);
#909=EDGE_CURVE('',#732,#734,#620,.T.);
#910=EDGE_CURVE('',#735,#736,#358,.T.);
#911=EDGE_CURVE('',#737,#735,#359,.T.);
#912=EDGE_CURVE('',#738,#737,#360,.T.);
#913=EDGE_CURVE('',#736,#738,#361,.T.);
#914=EDGE_CURVE('',#738,#739,#621,.T.);
#915=EDGE_CURVE('',#740,#737,#622,.T.);
#916=EDGE_CURVE('',#739,#740,#362,.T.);
#917=EDGE_CURVE('',#739,#733,#623,.T.);
#918=EDGE_CURVE('',#734,#740,#624,.T.);
#919=EDGE_CURVE('',#741,#741,#625,.T.);
#920=EDGE_CURVE('',#735,#742,#626,.T.);
#921=EDGE_CURVE('',#742,#743,#363,.T.);
#922=EDGE_CURVE('',#743,#744,#627,.T.);
#923=EDGE_CURVE('',#744,#745,#628,.T.);
#924=EDGE_CURVE('',#745,#746,#629,.T.);
#925=EDGE_CURVE('',#746,#747,#364,.T.);
#926=EDGE_CURVE('',#747,#730,#630,.T.);
#927=EDGE_CURVE('',#736,#748,#631,.T.);
#928=EDGE_CURVE('',#748,#742,#365,.T.);
#929=EDGE_CURVE('',#747,#749,#366,.T.);
#930=EDGE_CURVE('',#750,#746,#367,.T.);
#931=EDGE_CURVE('',#749,#750,#368,.T.);
#932=EDGE_CURVE('',#750,#751,#632,.T.);
#933=EDGE_CURVE('',#751,#745,#369,.T.);
#934=EDGE_CURVE('',#751,#752,#633,.T.);
#935=EDGE_CURVE('',#752,#744,#370,.T.);
#936=EDGE_CURVE('',#752,#753,#634,.T.);
#937=EDGE_CURVE('',#753,#743,#371,.T.);
#938=EDGE_CURVE('',#753,#748,#372,.T.);
#939=EDGE_CURVE('',#749,#729,#635,.T.);
#940=EDGE_CURVE('',#754,#755,#373,.T.);
#941=EDGE_CURVE('',#755,#756,#374,.T.);
#942=EDGE_CURVE('',#756,#757,#375,.T.);
#943=EDGE_CURVE('',#757,#754,#376,.T.);
#944=EDGE_CURVE('',#758,#758,#636,.T.);
#945=EDGE_CURVE('',#759,#759,#637,.T.);
#946=EDGE_CURVE('',#760,#760,#638,.T.);
#947=EDGE_CURVE('',#761,#762,#377,.T.);
#948=EDGE_CURVE('',#762,#763,#378,.T.);
#949=EDGE_CURVE('',#763,#764,#379,.T.);
#950=EDGE_CURVE('',#764,#761,#380,.T.);
#951=EDGE_CURVE('',#741,#765,#381,.T.);
#952=EDGE_CURVE('',#765,#765,#639,.T.);
#953=EDGE_CURVE('',#766,#766,#640,.T.);
#954=EDGE_CURVE('',#766,#767,#382,.T.);
#955=EDGE_CURVE('',#767,#767,#641,.T.);
#956=EDGE_CURVE('',#768,#768,#642,.T.);
#957=EDGE_CURVE('',#768,#769,#383,.T.);
#958=EDGE_CURVE('',#769,#769,#643,.T.);
#959=EDGE_CURVE('',#770,#770,#644,.T.);
#960=EDGE_CURVE('',#770,#771,#384,.T.);
#961=EDGE_CURVE('',#771,#771,#645,.T.);
#962=EDGE_CURVE('',#772,#772,#646,.T.);
#963=EDGE_CURVE('',#772,#773,#385,.T.);
#964=EDGE_CURVE('',#773,#773,#647,.T.);
#965=EDGE_CURVE('',#774,#775,#386,.T.);
#966=EDGE_CURVE('',#776,#774,#648,.T.);
#967=EDGE_CURVE('',#776,#777,#387,.T.);
#968=EDGE_CURVE('',#777,#775,#649,.T.);
#969=EDGE_CURVE('',#778,#779,#388,.T.);
#970=EDGE_CURVE('',#778,#780,#650,.T.);
#971=EDGE_CURVE('',#781,#780,#389,.T.);
#972=EDGE_CURVE('',#782,#781,#651,.T.);
#973=EDGE_CURVE('',#783,#782,#390,.T.);
#974=EDGE_CURVE('',#779,#783,#652,.T.);
#975=EDGE_CURVE('',#784,#785,#391,.T.);
#976=EDGE_CURVE('',#784,#777,#653,.T.);
#977=EDGE_CURVE('',#786,#776,#654,.T.);
#978=EDGE_CURVE('',#787,#786,#392,.T.);
#979=EDGE_CURVE('',#785,#787,#655,.T.);
#980=EDGE_CURVE('',#788,#789,#393,.T.);
#981=EDGE_CURVE('',#781,#788,#656,.T.);
#982=EDGE_CURVE('',#780,#789,#657,.T.);
#983=EDGE_CURVE('',#790,#791,#394,.T.);
#984=EDGE_CURVE('',#790,#792,#658,.T.);
#985=EDGE_CURVE('',#793,#792,#395,.T.);
#986=EDGE_CURVE('',#791,#793,#659,.T.);
#987=EDGE_CURVE('',#794,#795,#396,.T.);
#988=EDGE_CURVE('',#794,#796,#660,.T.);
#989=EDGE_CURVE('',#797,#796,#397,.T.);
#990=EDGE_CURVE('',#798,#797,#661,.T.);
#991=EDGE_CURVE('',#799,#798,#398,.T.);
#992=EDGE_CURVE('',#795,#799,#662,.T.);
#993=EDGE_CURVE('',#797,#800,#663,.T.);
#994=EDGE_CURVE('',#796,#801,#664,.T.);
#995=EDGE_CURVE('',#800,#801,#399,.T.);
#996=EDGE_CURVE('',#802,#803,#400,.T.);
#997=EDGE_CURVE('',#804,#802,#665,.T.);
#998=EDGE_CURVE('',#804,#805,#401,.T.);
#999=EDGE_CURVE('',#805,#803,#666,.T.);
#1000=EDGE_CURVE('',#806,#807,#402,.T.);
#1001=EDGE_CURVE('',#808,#806,#667,.T.);
#1002=EDGE_CURVE('',#808,#809,#403,.T.);
#1003=EDGE_CURVE('',#809,#805,#668,.T.);
#1004=EDGE_CURVE('',#807,#804,#669,.T.);
#1005=EDGE_CURVE('',#810,#808,#670,.T.);
#1006=EDGE_CURVE('',#811,#810,#404,.T.);
#1007=EDGE_CURVE('',#812,#811,#671,.T.);
#1008=EDGE_CURVE('',#812,#813,#405,.T.);
#1009=EDGE_CURVE('',#813,#809,#672,.T.);
#1010=EDGE_CURVE('',#793,#812,#673,.T.);
#1011=EDGE_CURVE('',#792,#813,#674,.T.);
#1012=EDGE_CURVE('',#814,#815,#406,.T.);
#1013=EDGE_CURVE('',#816,#814,#675,.T.);
#1014=EDGE_CURVE('',#817,#816,#407,.T.);
#1015=EDGE_CURVE('',#818,#817,#676,.T.);
#1016=EDGE_CURVE('',#818,#819,#408,.T.);
#1017=EDGE_CURVE('',#819,#815,#677,.T.);
#1018=EDGE_CURVE('',#820,#818,#678,.T.);
#1019=EDGE_CURVE('',#821,#820,#409,.T.);
#1020=EDGE_CURVE('',#821,#819,#679,.T.);
#1021=EDGE_CURVE('',#789,#784,#410,.T.);
#1022=EDGE_CURVE('',#822,#785,#411,.T.);
#1023=EDGE_CURVE('',#823,#822,#412,.T.);
#1024=EDGE_CURVE('',#823,#824,#413,.T.);
#1025=EDGE_CURVE('',#824,#825,#414,.T.);
#1026=EDGE_CURVE('',#788,#825,#415,.T.);
#1027=EDGE_CURVE('',#803,#794,#416,.T.);
#1028=EDGE_CURVE('',#826,#795,#417,.T.);
#1029=EDGE_CURVE('',#827,#826,#418,.T.);
#1030=EDGE_CURVE('',#827,#828,#419,.T.);
#1031=EDGE_CURVE('',#828,#829,#420,.T.);
#1032=EDGE_CURVE('',#802,#829,#421,.T.);
#1033=EDGE_CURVE('',#787,#816,#680,.T.);
#1034=EDGE_CURVE('',#814,#830,#422,.T.);
#1035=EDGE_CURVE('',#830,#831,#423,.T.);
#1036=EDGE_CURVE('',#831,#832,#424,.T.);
#1037=EDGE_CURVE('',#832,#822,#425,.T.);
#1038=EDGE_CURVE('',#829,#833,#426,.T.);
#1039=EDGE_CURVE('',#833,#791,#427,.T.);
#1040=EDGE_CURVE('',#811,#807,#681,.T.);
#1041=EDGE_CURVE('',#810,#806,#682,.T.);
#1042=EDGE_CURVE('',#786,#817,#683,.T.);
#1043=EDGE_CURVE('',#799,#782,#684,.T.);
#1044=EDGE_CURVE('',#798,#783,#685,.T.);
#1045=EDGE_CURVE('',#774,#820,#686,.T.);
#1046=EDGE_CURVE('',#800,#779,#687,.T.);
#1047=EDGE_CURVE('',#775,#821,#688,.T.);
#1048=EDGE_CURVE('',#801,#778,#689,.T.);
#1049=EDGE_CURVE('',#815,#790,#428,.T.);
#1050=EDGE_CURVE('',#825,#826,#429,.T.);
#1051=EDGE_CURVE('',#834,#835,#430,.T.);
#1052=EDGE_CURVE('',#755,#834,#431,.T.);
#1053=EDGE_CURVE('',#754,#835,#432,.T.);
#1054=EDGE_CURVE('',#835,#836,#433,.T.);
#1055=EDGE_CURVE('',#757,#836,#434,.T.);
#1056=EDGE_CURVE('',#836,#837,#435,.T.);
#1057=EDGE_CURVE('',#756,#837,#436,.T.);
#1058=EDGE_CURVE('',#837,#834,#437,.T.);
#1059=EDGE_CURVE('',#758,#838,#438,.T.);
#1060=EDGE_CURVE('',#838,#838,#690,.T.);
#1061=EDGE_CURVE('',#759,#839,#439,.T.);
#1062=EDGE_CURVE('',#839,#839,#691,.T.);
#1063=EDGE_CURVE('',#760,#840,#440,.T.);
#1064=EDGE_CURVE('',#840,#840,#692,.T.);
#1065=EDGE_CURVE('',#841,#842,#441,.T.);
#1066=EDGE_CURVE('',#762,#841,#442,.T.);
#1067=EDGE_CURVE('',#761,#842,#443,.T.);
#1068=EDGE_CURVE('',#842,#843,#444,.T.);
#1069=EDGE_CURVE('',#764,#843,#445,.T.);
#1070=EDGE_CURVE('',#843,#844,#446,.T.);
#1071=EDGE_CURVE('',#763,#844,#447,.T.);
#1072=EDGE_CURVE('',#844,#841,#448,.T.);
#1073=EDGE_CURVE('',#845,#846,#449,.T.);
#1074=EDGE_CURVE('',#846,#832,#450,.T.);
#1075=EDGE_CURVE('',#845,#831,#451,.T.);
#1076=EDGE_CURVE('',#847,#845,#452,.T.);
#1077=EDGE_CURVE('',#847,#830,#453,.T.);
#1078=EDGE_CURVE('',#848,#833,#454,.T.);
#1079=EDGE_CURVE('',#848,#847,#455,.T.);
#1080=EDGE_CURVE('',#828,#848,#456,.T.);
#1081=EDGE_CURVE('',#824,#827,#457,.T.);
#1082=EDGE_CURVE('',#846,#823,#458,.T.);
#1083=ORIENTED_EDGE('',*,*,#849,.F.);
#1084=ORIENTED_EDGE('',*,*,#850,.T.);
#1085=ORIENTED_EDGE('',*,*,#851,.F.);
#1086=ORIENTED_EDGE('',*,*,#850,.F.);
#1087=ORIENTED_EDGE('',*,*,#852,.F.);
#1088=ORIENTED_EDGE('',*,*,#853,.T.);
#1089=ORIENTED_EDGE('',*,*,#854,.F.);
#1090=ORIENTED_EDGE('',*,*,#853,.F.);
#1091=ORIENTED_EDGE('',*,*,#855,.F.);
#1092=ORIENTED_EDGE('',*,*,#856,.T.);
#1093=ORIENTED_EDGE('',*,*,#857,.F.);
#1094=ORIENTED_EDGE('',*,*,#856,.F.);
#1095=ORIENTED_EDGE('',*,*,#858,.F.);
#1096=ORIENTED_EDGE('',*,*,#859,.T.);
#1097=ORIENTED_EDGE('',*,*,#860,.F.);
#1098=ORIENTED_EDGE('',*,*,#859,.F.);
#1099=ORIENTED_EDGE('',*,*,#861,.F.);
#1100=ORIENTED_EDGE('',*,*,#862,.T.);
#1101=ORIENTED_EDGE('',*,*,#863,.F.);
#1102=ORIENTED_EDGE('',*,*,#862,.F.);
#1103=ORIENTED_EDGE('',*,*,#864,.F.);
#1104=ORIENTED_EDGE('',*,*,#865,.T.);
#1105=ORIENTED_EDGE('',*,*,#866,.F.);
#1106=ORIENTED_EDGE('',*,*,#865,.F.);
#1107=ORIENTED_EDGE('',*,*,#867,.F.);
#1108=ORIENTED_EDGE('',*,*,#868,.T.);
#1109=ORIENTED_EDGE('',*,*,#869,.F.);
#1110=ORIENTED_EDGE('',*,*,#868,.F.);
#1111=ORIENTED_EDGE('',*,*,#870,.F.);
#1112=ORIENTED_EDGE('',*,*,#871,.T.);
#1113=ORIENTED_EDGE('',*,*,#872,.F.);
#1114=ORIENTED_EDGE('',*,*,#871,.F.);
#1115=ORIENTED_EDGE('',*,*,#873,.F.);
#1116=ORIENTED_EDGE('',*,*,#874,.T.);
#1117=ORIENTED_EDGE('',*,*,#875,.F.);
#1118=ORIENTED_EDGE('',*,*,#874,.F.);
#1119=ORIENTED_EDGE('',*,*,#873,.T.);
#1120=ORIENTED_EDGE('',*,*,#870,.T.);
#1121=ORIENTED_EDGE('',*,*,#876,.F.);
#1122=ORIENTED_EDGE('',*,*,#877,.T.);
#1123=ORIENTED_EDGE('',*,*,#878,.F.);
#1124=ORIENTED_EDGE('',*,*,#877,.F.);
#1125=ORIENTED_EDGE('',*,*,#876,.T.);
#1126=ORIENTED_EDGE('',*,*,#867,.T.);
#1127=ORIENTED_EDGE('',*,*,#879,.F.);
#1128=ORIENTED_EDGE('',*,*,#880,.T.);
#1129=ORIENTED_EDGE('',*,*,#881,.F.);
#1130=ORIENTED_EDGE('',*,*,#880,.F.);
#1131=ORIENTED_EDGE('',*,*,#879,.T.);
#1132=ORIENTED_EDGE('',*,*,#864,.T.);
#1133=ORIENTED_EDGE('',*,*,#882,.F.);
#1134=ORIENTED_EDGE('',*,*,#883,.T.);
#1135=ORIENTED_EDGE('',*,*,#884,.F.);
#1136=ORIENTED_EDGE('',*,*,#883,.F.);
#1137=ORIENTED_EDGE('',*,*,#882,.T.);
#1138=ORIENTED_EDGE('',*,*,#861,.T.);
#1139=ORIENTED_EDGE('',*,*,#885,.F.);
#1140=ORIENTED_EDGE('',*,*,#886,.T.);
#1141=ORIENTED_EDGE('',*,*,#887,.F.);
#1142=ORIENTED_EDGE('',*,*,#886,.F.);
#1143=ORIENTED_EDGE('',*,*,#885,.T.);
#1144=ORIENTED_EDGE('',*,*,#858,.T.);
#1145=ORIENTED_EDGE('',*,*,#888,.F.);
#1146=ORIENTED_EDGE('',*,*,#889,.T.);
#1147=ORIENTED_EDGE('',*,*,#890,.F.);
#1148=ORIENTED_EDGE('',*,*,#889,.F.);
#1149=ORIENTED_EDGE('',*,*,#888,.T.);
#1150=ORIENTED_EDGE('',*,*,#855,.T.);
#1151=ORIENTED_EDGE('',*,*,#891,.F.);
#1152=ORIENTED_EDGE('',*,*,#892,.T.);
#1153=ORIENTED_EDGE('',*,*,#893,.F.);
#1154=ORIENTED_EDGE('',*,*,#892,.F.);
#1155=ORIENTED_EDGE('',*,*,#891,.T.);
#1156=ORIENTED_EDGE('',*,*,#852,.T.);
#1157=ORIENTED_EDGE('',*,*,#894,.F.);
#1158=ORIENTED_EDGE('',*,*,#895,.T.);
#1159=ORIENTED_EDGE('',*,*,#896,.F.);
#1160=ORIENTED_EDGE('',*,*,#895,.F.);
#1161=ORIENTED_EDGE('',*,*,#894,.T.);
#1162=ORIENTED_EDGE('',*,*,#849,.T.);
#1163=ORIENTED_EDGE('',*,*,#897,.F.);
#1164=ORIENTED_EDGE('',*,*,#898,.T.);
#1165=ORIENTED_EDGE('',*,*,#899,.T.);
#1166=ORIENTED_EDGE('',*,*,#898,.F.);
#1167=ORIENTED_EDGE('',*,*,#899,.F.);
#1168=ORIENTED_EDGE('',*,*,#900,.F.);
#1169=ORIENTED_EDGE('',*,*,#901,.T.);
#1170=ORIENTED_EDGE('',*,*,#902,.T.);
#1171=ORIENTED_EDGE('',*,*,#901,.F.);
#1172=ORIENTED_EDGE('',*,*,#902,.F.);
#1173=ORIENTED_EDGE('',*,*,#903,.F.);
#1174=ORIENTED_EDGE('',*,*,#904,.F.);
#1175=ORIENTED_EDGE('',*,*,#905,.T.);
#1176=ORIENTED_EDGE('',*,*,#906,.F.);
#1177=ORIENTED_EDGE('',*,*,#907,.F.);
#1178=ORIENTED_EDGE('',*,*,#908,.T.);
#1179=ORIENTED_EDGE('',*,*,#909,.F.);
#1180=ORIENTED_EDGE('',*,*,#905,.F.);
#1181=ORIENTED_EDGE('',*,*,#910,.F.);
#1182=ORIENTED_EDGE('',*,*,#911,.F.);
#1183=ORIENTED_EDGE('',*,*,#912,.F.);
#1184=ORIENTED_EDGE('',*,*,#913,.F.);
#1185=ORIENTED_EDGE('',*,*,#914,.F.);
#1186=ORIENTED_EDGE('',*,*,#912,.T.);
#1187=ORIENTED_EDGE('',*,*,#915,.F.);
#1188=ORIENTED_EDGE('',*,*,#916,.F.);
#1189=ORIENTED_EDGE('',*,*,#917,.F.);
#1190=ORIENTED_EDGE('',*,*,#916,.T.);
#1191=ORIENTED_EDGE('',*,*,#918,.F.);
#1192=ORIENTED_EDGE('',*,*,#908,.F.);
#1193=ORIENTED_EDGE('',*,*,#919,.T.);
#1194=ORIENTED_EDGE('',*,*,#897,.T.);
#1195=ORIENTED_EDGE('',*,*,#900,.T.);
#1196=ORIENTED_EDGE('',*,*,#920,.T.);
#1197=ORIENTED_EDGE('',*,*,#921,.T.);
#1198=ORIENTED_EDGE('',*,*,#922,.T.);
#1199=ORIENTED_EDGE('',*,*,#923,.T.);
#1200=ORIENTED_EDGE('',*,*,#924,.T.);
#1201=ORIENTED_EDGE('',*,*,#925,.T.);
#1202=ORIENTED_EDGE('',*,*,#926,.T.);
#1203=ORIENTED_EDGE('',*,*,#906,.T.);
#1204=ORIENTED_EDGE('',*,*,#909,.T.);
#1205=ORIENTED_EDGE('',*,*,#918,.T.);
#1206=ORIENTED_EDGE('',*,*,#915,.T.);
#1207=ORIENTED_EDGE('',*,*,#911,.T.);
#1208=ORIENTED_EDGE('',*,*,#910,.T.);
#1209=ORIENTED_EDGE('',*,*,#927,.T.);
#1210=ORIENTED_EDGE('',*,*,#928,.T.);
#1211=ORIENTED_EDGE('',*,*,#920,.F.);
#1212=ORIENTED_EDGE('',*,*,#929,.F.);
#1213=ORIENTED_EDGE('',*,*,#925,.F.);
#1214=ORIENTED_EDGE('',*,*,#930,.F.);
#1215=ORIENTED_EDGE('',*,*,#931,.F.);
#1216=ORIENTED_EDGE('',*,*,#932,.F.);
#1217=ORIENTED_EDGE('',*,*,#930,.T.);
#1218=ORIENTED_EDGE('',*,*,#924,.F.);
#1219=ORIENTED_EDGE('',*,*,#933,.F.);
#1220=ORIENTED_EDGE('',*,*,#934,.F.);
#1221=ORIENTED_EDGE('',*,*,#933,.T.);
#1222=ORIENTED_EDGE('',*,*,#923,.F.);
#1223=ORIENTED_EDGE('',*,*,#935,.F.);
#1224=ORIENTED_EDGE('',*,*,#936,.F.);
#1225=ORIENTED_EDGE('',*,*,#935,.T.);
#1226=ORIENTED_EDGE('',*,*,#922,.F.);
#1227=ORIENTED_EDGE('',*,*,#937,.F.);
#1228=ORIENTED_EDGE('',*,*,#928,.F.);
#1229=ORIENTED_EDGE('',*,*,#938,.F.);
#1230=ORIENTED_EDGE('',*,*,#937,.T.);
#1231=ORIENTED_EDGE('',*,*,#921,.F.);
#1232=ORIENTED_EDGE('',*,*,#904,.T.);
#1233=ORIENTED_EDGE('',*,*,#939,.F.);
#1234=ORIENTED_EDGE('',*,*,#931,.T.);
#1235=ORIENTED_EDGE('',*,*,#932,.T.);
#1236=ORIENTED_EDGE('',*,*,#934,.T.);
#1237=ORIENTED_EDGE('',*,*,#936,.T.);
#1238=ORIENTED_EDGE('',*,*,#938,.T.);
#1239=ORIENTED_EDGE('',*,*,#927,.F.);
#1240=ORIENTED_EDGE('',*,*,#913,.T.);
#1241=ORIENTED_EDGE('',*,*,#914,.T.);
#1242=ORIENTED_EDGE('',*,*,#917,.T.);
#1243=ORIENTED_EDGE('',*,*,#907,.T.);
#1244=ORIENTED_EDGE('',*,*,#940,.T.);
#1245=ORIENTED_EDGE('',*,*,#941,.T.);
#1246=ORIENTED_EDGE('',*,*,#942,.T.);
#1247=ORIENTED_EDGE('',*,*,#943,.T.);
#1248=ORIENTED_EDGE('',*,*,#944,.T.);
#1249=ORIENTED_EDGE('',*,*,#945,.T.);
#1250=ORIENTED_EDGE('',*,*,#946,.T.);
#1251=ORIENTED_EDGE('',*,*,#947,.T.);
#1252=ORIENTED_EDGE('',*,*,#948,.T.);
#1253=ORIENTED_EDGE('',*,*,#949,.T.);
#1254=ORIENTED_EDGE('',*,*,#950,.T.);
#1255=ORIENTED_EDGE('',*,*,#919,.F.);
#1256=ORIENTED_EDGE('',*,*,#951,.T.);
#1257=ORIENTED_EDGE('',*,*,#952,.F.);
#1258=ORIENTED_EDGE('',*,*,#951,.F.);
#1259=ORIENTED_EDGE('',*,*,#953,.F.);
#1260=ORIENTED_EDGE('',*,*,#954,.T.);
#1261=ORIENTED_EDGE('',*,*,#955,.T.);
#1262=ORIENTED_EDGE('',*,*,#954,.F.);
#1263=ORIENTED_EDGE('',*,*,#955,.F.);
#1264=ORIENTED_EDGE('',*,*,#956,.F.);
#1265=ORIENTED_EDGE('',*,*,#957,.T.);
#1266=ORIENTED_EDGE('',*,*,#958,.T.);
#1267=ORIENTED_EDGE('',*,*,#957,.F.);
#1268=ORIENTED_EDGE('',*,*,#958,.F.);
#1269=ORIENTED_EDGE('',*,*,#959,.F.);
#1270=ORIENTED_EDGE('',*,*,#960,.T.);
#1271=ORIENTED_EDGE('',*,*,#961,.T.);
#1272=ORIENTED_EDGE('',*,*,#960,.F.);
#1273=ORIENTED_EDGE('',*,*,#961,.F.);
#1274=ORIENTED_EDGE('',*,*,#962,.F.);
#1275=ORIENTED_EDGE('',*,*,#963,.T.);
#1276=ORIENTED_EDGE('',*,*,#964,.T.);
#1277=ORIENTED_EDGE('',*,*,#963,.F.);
#1278=ORIENTED_EDGE('',*,*,#964,.F.);
#1279=ORIENTED_EDGE('',*,*,#965,.F.);
#1280=ORIENTED_EDGE('',*,*,#966,.F.);
#1281=ORIENTED_EDGE('',*,*,#967,.T.);
#1282=ORIENTED_EDGE('',*,*,#968,.T.);
#1283=ORIENTED_EDGE('',*,*,#969,.F.);
#1284=ORIENTED_EDGE('',*,*,#970,.T.);
#1285=ORIENTED_EDGE('',*,*,#971,.F.);
#1286=ORIENTED_EDGE('',*,*,#972,.F.);
#1287=ORIENTED_EDGE('',*,*,#973,.F.);
#1288=ORIENTED_EDGE('',*,*,#974,.F.);
#1289=ORIENTED_EDGE('',*,*,#975,.F.);
#1290=ORIENTED_EDGE('',*,*,#976,.T.);
#1291=ORIENTED_EDGE('',*,*,#967,.F.);
#1292=ORIENTED_EDGE('',*,*,#977,.F.);
#1293=ORIENTED_EDGE('',*,*,#978,.F.);
#1294=ORIENTED_EDGE('',*,*,#979,.F.);
#1295=ORIENTED_EDGE('',*,*,#980,.F.);
#1296=ORIENTED_EDGE('',*,*,#981,.F.);
#1297=ORIENTED_EDGE('',*,*,#971,.T.);
#1298=ORIENTED_EDGE('',*,*,#982,.T.);
#1299=ORIENTED_EDGE('',*,*,#983,.F.);
#1300=ORIENTED_EDGE('',*,*,#984,.T.);
#1301=ORIENTED_EDGE('',*,*,#985,.F.);
#1302=ORIENTED_EDGE('',*,*,#986,.F.);
#1303=ORIENTED_EDGE('',*,*,#987,.F.);
#1304=ORIENTED_EDGE('',*,*,#988,.T.);
#1305=ORIENTED_EDGE('',*,*,#989,.F.);
#1306=ORIENTED_EDGE('',*,*,#990,.F.);
#1307=ORIENTED_EDGE('',*,*,#991,.F.);
#1308=ORIENTED_EDGE('',*,*,#992,.F.);
#1309=ORIENTED_EDGE('',*,*,#993,.F.);
#1310=ORIENTED_EDGE('',*,*,#989,.T.);
#1311=ORIENTED_EDGE('',*,*,#994,.T.);
#1312=ORIENTED_EDGE('',*,*,#995,.F.);
#1313=ORIENTED_EDGE('',*,*,#996,.F.);
#1314=ORIENTED_EDGE('',*,*,#997,.F.);
#1315=ORIENTED_EDGE('',*,*,#998,.T.);
#1316=ORIENTED_EDGE('',*,*,#999,.T.);
#1317=ORIENTED_EDGE('',*,*,#1000,.F.);
#1318=ORIENTED_EDGE('',*,*,#1001,.F.);
#1319=ORIENTED_EDGE('',*,*,#1002,.T.);
#1320=ORIENTED_EDGE('',*,*,#1003,.T.);
#1321=ORIENTED_EDGE('',*,*,#998,.F.);
#1322=ORIENTED_EDGE('',*,*,#1004,.F.);
#1323=ORIENTED_EDGE('',*,*,#1005,.F.);
#1324=ORIENTED_EDGE('',*,*,#1006,.F.);
#1325=ORIENTED_EDGE('',*,*,#1007,.F.);
#1326=ORIENTED_EDGE('',*,*,#1008,.T.);
#1327=ORIENTED_EDGE('',*,*,#1009,.T.);
#1328=ORIENTED_EDGE('',*,*,#1002,.F.);
#1329=ORIENTED_EDGE('',*,*,#1010,.F.);
#1330=ORIENTED_EDGE('',*,*,#985,.T.);
#1331=ORIENTED_EDGE('',*,*,#1011,.T.);
#1332=ORIENTED_EDGE('',*,*,#1008,.F.);
#1333=ORIENTED_EDGE('',*,*,#1012,.F.);
#1334=ORIENTED_EDGE('',*,*,#1013,.F.);
#1335=ORIENTED_EDGE('',*,*,#1014,.F.);
#1336=ORIENTED_EDGE('',*,*,#1015,.F.);
#1337=ORIENTED_EDGE('',*,*,#1016,.T.);
#1338=ORIENTED_EDGE('',*,*,#1017,.T.);
#1339=ORIENTED_EDGE('',*,*,#1018,.F.);
#1340=ORIENTED_EDGE('',*,*,#1019,.F.);
#1341=ORIENTED_EDGE('',*,*,#1020,.T.);
#1342=ORIENTED_EDGE('',*,*,#1016,.F.);
#1343=ORIENTED_EDGE('',*,*,#980,.T.);
#1344=ORIENTED_EDGE('',*,*,#1021,.T.);
#1345=ORIENTED_EDGE('',*,*,#975,.T.);
#1346=ORIENTED_EDGE('',*,*,#1022,.F.);
#1347=ORIENTED_EDGE('',*,*,#1023,.F.);
#1348=ORIENTED_EDGE('',*,*,#1024,.T.);
#1349=ORIENTED_EDGE('',*,*,#1025,.T.);
#1350=ORIENTED_EDGE('',*,*,#1026,.F.);
#1351=ORIENTED_EDGE('',*,*,#996,.T.);
#1352=ORIENTED_EDGE('',*,*,#1027,.T.);
#1353=ORIENTED_EDGE('',*,*,#987,.T.);
#1354=ORIENTED_EDGE('',*,*,#1028,.F.);
#1355=ORIENTED_EDGE('',*,*,#1029,.F.);
#1356=ORIENTED_EDGE('',*,*,#1030,.T.);
#1357=ORIENTED_EDGE('',*,*,#1031,.T.);
#1358=ORIENTED_EDGE('',*,*,#1032,.F.);
#1359=ORIENTED_EDGE('',*,*,#979,.T.);
#1360=ORIENTED_EDGE('',*,*,#1033,.T.);
#1361=ORIENTED_EDGE('',*,*,#1013,.T.);
#1362=ORIENTED_EDGE('',*,*,#1034,.T.);
#1363=ORIENTED_EDGE('',*,*,#1035,.T.);
#1364=ORIENTED_EDGE('',*,*,#1036,.T.);
#1365=ORIENTED_EDGE('',*,*,#1037,.T.);
#1366=ORIENTED_EDGE('',*,*,#1022,.T.);
#1367=ORIENTED_EDGE('',*,*,#959,.T.);
#1368=ORIENTED_EDGE('',*,*,#962,.T.);
#1369=ORIENTED_EDGE('',*,*,#1004,.T.);
#1370=ORIENTED_EDGE('',*,*,#997,.T.);
#1371=ORIENTED_EDGE('',*,*,#1032,.T.);
#1372=ORIENTED_EDGE('',*,*,#1038,.T.);
#1373=ORIENTED_EDGE('',*,*,#1039,.T.);
#1374=ORIENTED_EDGE('',*,*,#986,.T.);
#1375=ORIENTED_EDGE('',*,*,#1010,.T.);
#1376=ORIENTED_EDGE('',*,*,#1007,.T.);
#1377=ORIENTED_EDGE('',*,*,#1040,.T.);
#1378=ORIENTED_EDGE('',*,*,#953,.T.);
#1379=ORIENTED_EDGE('',*,*,#1000,.T.);
#1380=ORIENTED_EDGE('',*,*,#1040,.F.);
#1381=ORIENTED_EDGE('',*,*,#1006,.T.);
#1382=ORIENTED_EDGE('',*,*,#1041,.T.);
#1383=ORIENTED_EDGE('',*,*,#978,.T.);
#1384=ORIENTED_EDGE('',*,*,#1042,.T.);
#1385=ORIENTED_EDGE('',*,*,#1014,.T.);
#1386=ORIENTED_EDGE('',*,*,#1033,.F.);
#1387=ORIENTED_EDGE('',*,*,#973,.T.);
#1388=ORIENTED_EDGE('',*,*,#1043,.F.);
#1389=ORIENTED_EDGE('',*,*,#991,.T.);
#1390=ORIENTED_EDGE('',*,*,#1044,.T.);
#1391=ORIENTED_EDGE('',*,*,#1001,.T.);
#1392=ORIENTED_EDGE('',*,*,#1041,.F.);
#1393=ORIENTED_EDGE('',*,*,#1005,.T.);
#1394=ORIENTED_EDGE('',*,*,#966,.T.);
#1395=ORIENTED_EDGE('',*,*,#1045,.T.);
#1396=ORIENTED_EDGE('',*,*,#1018,.T.);
#1397=ORIENTED_EDGE('',*,*,#1015,.T.);
#1398=ORIENTED_EDGE('',*,*,#1042,.F.);
#1399=ORIENTED_EDGE('',*,*,#977,.T.);
#1400=ORIENTED_EDGE('',*,*,#974,.T.);
#1401=ORIENTED_EDGE('',*,*,#1044,.F.);
#1402=ORIENTED_EDGE('',*,*,#990,.T.);
#1403=ORIENTED_EDGE('',*,*,#993,.T.);
#1404=ORIENTED_EDGE('',*,*,#1046,.T.);
#1405=ORIENTED_EDGE('',*,*,#965,.T.);
#1406=ORIENTED_EDGE('',*,*,#1047,.T.);
#1407=ORIENTED_EDGE('',*,*,#1019,.T.);
#1408=ORIENTED_EDGE('',*,*,#1045,.F.);
#1409=ORIENTED_EDGE('',*,*,#969,.T.);
#1410=ORIENTED_EDGE('',*,*,#1046,.F.);
#1411=ORIENTED_EDGE('',*,*,#995,.T.);
#1412=ORIENTED_EDGE('',*,*,#1048,.T.);
#1413=ORIENTED_EDGE('',*,*,#903,.T.);
#1414=ORIENTED_EDGE('',*,*,#926,.F.);
#1415=ORIENTED_EDGE('',*,*,#929,.T.);
#1416=ORIENTED_EDGE('',*,*,#939,.T.);
#1417=ORIENTED_EDGE('',*,*,#1047,.F.);
#1418=ORIENTED_EDGE('',*,*,#968,.F.);
#1419=ORIENTED_EDGE('',*,*,#976,.F.);
#1420=ORIENTED_EDGE('',*,*,#1021,.F.);
#1421=ORIENTED_EDGE('',*,*,#982,.F.);
#1422=ORIENTED_EDGE('',*,*,#970,.F.);
#1423=ORIENTED_EDGE('',*,*,#1048,.F.);
#1424=ORIENTED_EDGE('',*,*,#994,.F.);
#1425=ORIENTED_EDGE('',*,*,#988,.F.);
#1426=ORIENTED_EDGE('',*,*,#1027,.F.);
#1427=ORIENTED_EDGE('',*,*,#999,.F.);
#1428=ORIENTED_EDGE('',*,*,#1003,.F.);
#1429=ORIENTED_EDGE('',*,*,#1009,.F.);
#1430=ORIENTED_EDGE('',*,*,#1011,.F.);
#1431=ORIENTED_EDGE('',*,*,#984,.F.);
#1432=ORIENTED_EDGE('',*,*,#1049,.F.);
#1433=ORIENTED_EDGE('',*,*,#1017,.F.);
#1434=ORIENTED_EDGE('',*,*,#1020,.F.);
#1435=ORIENTED_EDGE('',*,*,#878,.T.);
#1436=ORIENTED_EDGE('',*,*,#881,.T.);
#1437=ORIENTED_EDGE('',*,*,#884,.T.);
#1438=ORIENTED_EDGE('',*,*,#887,.T.);
#1439=ORIENTED_EDGE('',*,*,#890,.T.);
#1440=ORIENTED_EDGE('',*,*,#893,.T.);
#1441=ORIENTED_EDGE('',*,*,#896,.T.);
#1442=ORIENTED_EDGE('',*,*,#952,.T.);
#1443=ORIENTED_EDGE('',*,*,#875,.T.);
#1444=ORIENTED_EDGE('',*,*,#981,.T.);
#1445=ORIENTED_EDGE('',*,*,#1026,.T.);
#1446=ORIENTED_EDGE('',*,*,#1050,.T.);
#1447=ORIENTED_EDGE('',*,*,#1028,.T.);
#1448=ORIENTED_EDGE('',*,*,#992,.T.);
#1449=ORIENTED_EDGE('',*,*,#1043,.T.);
#1450=ORIENTED_EDGE('',*,*,#972,.T.);
#1451=ORIENTED_EDGE('',*,*,#956,.T.);
#1452=ORIENTED_EDGE('',*,*,#1051,.F.);
#1453=ORIENTED_EDGE('',*,*,#1052,.F.);
#1454=ORIENTED_EDGE('',*,*,#940,.F.);
#1455=ORIENTED_EDGE('',*,*,#1053,.T.);
#1456=ORIENTED_EDGE('',*,*,#1054,.F.);
#1457=ORIENTED_EDGE('',*,*,#1053,.F.);
#1458=ORIENTED_EDGE('',*,*,#943,.F.);
#1459=ORIENTED_EDGE('',*,*,#1055,.T.);
#1460=ORIENTED_EDGE('',*,*,#1056,.F.);
#1461=ORIENTED_EDGE('',*,*,#1055,.F.);
#1462=ORIENTED_EDGE('',*,*,#942,.F.);
#1463=ORIENTED_EDGE('',*,*,#1057,.T.);
#1464=ORIENTED_EDGE('',*,*,#1058,.F.);
#1465=ORIENTED_EDGE('',*,*,#1057,.F.);
#1466=ORIENTED_EDGE('',*,*,#941,.F.);
#1467=ORIENTED_EDGE('',*,*,#1052,.T.);
#1468=ORIENTED_EDGE('',*,*,#944,.F.);
#1469=ORIENTED_EDGE('',*,*,#1059,.T.);
#1470=ORIENTED_EDGE('',*,*,#1060,.F.);
#1471=ORIENTED_EDGE('',*,*,#1059,.F.);
#1472=ORIENTED_EDGE('',*,*,#945,.F.);
#1473=ORIENTED_EDGE('',*,*,#1061,.T.);
#1474=ORIENTED_EDGE('',*,*,#1062,.F.);
#1475=ORIENTED_EDGE('',*,*,#1061,.F.);
#1476=ORIENTED_EDGE('',*,*,#946,.F.);
#1477=ORIENTED_EDGE('',*,*,#1063,.T.);
#1478=ORIENTED_EDGE('',*,*,#1064,.F.);
#1479=ORIENTED_EDGE('',*,*,#1063,.F.);
#1480=ORIENTED_EDGE('',*,*,#1065,.F.);
#1481=ORIENTED_EDGE('',*,*,#1066,.F.);
#1482=ORIENTED_EDGE('',*,*,#947,.F.);
#1483=ORIENTED_EDGE('',*,*,#1067,.T.);
#1484=ORIENTED_EDGE('',*,*,#1068,.F.);
#1485=ORIENTED_EDGE('',*,*,#1067,.F.);
#1486=ORIENTED_EDGE('',*,*,#950,.F.);
#1487=ORIENTED_EDGE('',*,*,#1069,.T.);
#1488=ORIENTED_EDGE('',*,*,#1070,.F.);
#1489=ORIENTED_EDGE('',*,*,#1069,.F.);
#1490=ORIENTED_EDGE('',*,*,#949,.F.);
#1491=ORIENTED_EDGE('',*,*,#1071,.T.);
#1492=ORIENTED_EDGE('',*,*,#1072,.F.);
#1493=ORIENTED_EDGE('',*,*,#1071,.F.);
#1494=ORIENTED_EDGE('',*,*,#948,.F.);
#1495=ORIENTED_EDGE('',*,*,#1066,.T.);
#1496=ORIENTED_EDGE('',*,*,#1073,.T.);
#1497=ORIENTED_EDGE('',*,*,#1074,.T.);
#1498=ORIENTED_EDGE('',*,*,#1036,.F.);
#1499=ORIENTED_EDGE('',*,*,#1075,.F.);
#1500=ORIENTED_EDGE('',*,*,#1076,.T.);
#1501=ORIENTED_EDGE('',*,*,#1075,.T.);
#1502=ORIENTED_EDGE('',*,*,#1035,.F.);
#1503=ORIENTED_EDGE('',*,*,#1077,.F.);
#1504=ORIENTED_EDGE('',*,*,#983,.T.);
#1505=ORIENTED_EDGE('',*,*,#1039,.F.);
#1506=ORIENTED_EDGE('',*,*,#1078,.F.);
#1507=ORIENTED_EDGE('',*,*,#1079,.T.);
#1508=ORIENTED_EDGE('',*,*,#1077,.T.);
#1509=ORIENTED_EDGE('',*,*,#1034,.F.);
#1510=ORIENTED_EDGE('',*,*,#1012,.T.);
#1511=ORIENTED_EDGE('',*,*,#1049,.T.);
#1512=ORIENTED_EDGE('',*,*,#1080,.T.);
#1513=ORIENTED_EDGE('',*,*,#1078,.T.);
#1514=ORIENTED_EDGE('',*,*,#1038,.F.);
#1515=ORIENTED_EDGE('',*,*,#1031,.F.);
#1516=ORIENTED_EDGE('',*,*,#1081,.T.);
#1517=ORIENTED_EDGE('',*,*,#1029,.T.);
#1518=ORIENTED_EDGE('',*,*,#1050,.F.);
#1519=ORIENTED_EDGE('',*,*,#1025,.F.);
#1520=ORIENTED_EDGE('',*,*,#1082,.T.);
#1521=ORIENTED_EDGE('',*,*,#1023,.T.);
#1522=ORIENTED_EDGE('',*,*,#1037,.F.);
#1523=ORIENTED_EDGE('',*,*,#1074,.F.);
#1524=ORIENTED_EDGE('',*,*,#1082,.F.);
#1525=ORIENTED_EDGE('',*,*,#1073,.F.);
#1526=ORIENTED_EDGE('',*,*,#1076,.F.);
#1527=ORIENTED_EDGE('',*,*,#1079,.F.);
#1528=ORIENTED_EDGE('',*,*,#1080,.F.);
#1529=ORIENTED_EDGE('',*,*,#1030,.F.);
#1530=ORIENTED_EDGE('',*,*,#1081,.F.);
#1531=ORIENTED_EDGE('',*,*,#1024,.F.);
#1532=ORIENTED_EDGE('',*,*,#1056,.T.);
#1533=ORIENTED_EDGE('',*,*,#1058,.T.);
#1534=ORIENTED_EDGE('',*,*,#1051,.T.);
#1535=ORIENTED_EDGE('',*,*,#1054,.T.);
#1536=ORIENTED_EDGE('',*,*,#1060,.T.);
#1537=ORIENTED_EDGE('',*,*,#1062,.T.);
#1538=ORIENTED_EDGE('',*,*,#1064,.T.);
#1539=ORIENTED_EDGE('',*,*,#1070,.T.);
#1540=ORIENTED_EDGE('',*,*,#1072,.T.);
#1541=ORIENTED_EDGE('',*,*,#1065,.T.);
#1542=ORIENTED_EDGE('',*,*,#1068,.T.);
#1543=ORIENTED_EDGE('',*,*,#872,.T.);
#1544=ORIENTED_EDGE('',*,*,#869,.T.);
#1545=ORIENTED_EDGE('',*,*,#866,.T.);
#1546=ORIENTED_EDGE('',*,*,#863,.T.);
#1547=ORIENTED_EDGE('',*,*,#860,.T.);
#1548=ORIENTED_EDGE('',*,*,#857,.T.);
#1549=ORIENTED_EDGE('',*,*,#854,.T.);
#1550=ORIENTED_EDGE('',*,*,#851,.T.);
#1551=CYLINDRICAL_SURFACE('',#1713,1.9);
#1552=CYLINDRICAL_SURFACE('',#1716,1.9);
#1553=CYLINDRICAL_SURFACE('',#1719,1.9);
#1554=CYLINDRICAL_SURFACE('',#1722,1.9);
#1555=CYLINDRICAL_SURFACE('',#1725,1.9);
#1556=CYLINDRICAL_SURFACE('',#1728,1.9);
#1557=CYLINDRICAL_SURFACE('',#1731,1.9);
#1558=CYLINDRICAL_SURFACE('',#1734,1.9);
#1559=CYLINDRICAL_SURFACE('',#1737,3.);
#1560=CYLINDRICAL_SURFACE('',#1741,3.);
#1561=CYLINDRICAL_SURFACE('',#1745,3.);
#1562=CYLINDRICAL_SURFACE('',#1749,3.);
#1563=CYLINDRICAL_SURFACE('',#1753,3.);
#1564=CYLINDRICAL_SURFACE('',#1757,3.);
#1565=CYLINDRICAL_SURFACE('',#1761,3.);
#1566=CYLINDRICAL_SURFACE('',#1765,3.);
#1567=CYLINDRICAL_SURFACE('',#1769,1.55);
#1568=CYLINDRICAL_SURFACE('',#1773,1.55);
#1569=CYLINDRICAL_SURFACE('',#1778,12.0883085068846);
#1570=CYLINDRICAL_SURFACE('',#1782,7.99119356286554);
#1571=CYLINDRICAL_SURFACE('',#1785,2.8);
#1572=CYLINDRICAL_SURFACE('',#1795,23.227);
#1573=CYLINDRICAL_SURFACE('',#1798,8.17328988895499);
#1574=CYLINDRICAL_SURFACE('',#1800,2.8);
#1575=CYLINDRICAL_SURFACE('',#1802,13.3330074833042);
#1576=CYLINDRICAL_SURFACE('',#1810,24.925);
#1577=CYLINDRICAL_SURFACE('',#1812,1.55);
#1578=CYLINDRICAL_SURFACE('',#1816,1.55);
#1579=CYLINDRICAL_SURFACE('',#1820,1.55);
#1580=CYLINDRICAL_SURFACE('',#1824,1.55);
#1581=CYLINDRICAL_SURFACE('',#1828,12.28);
#1582=CYLINDRICAL_SURFACE('',#1831,12.28);
#1583=CYLINDRICAL_SURFACE('',#1835,12.87);
#1584=CYLINDRICAL_SURFACE('',#1839,12.87);
#1585=CYLINDRICAL_SURFACE('',#1842,12.46);
#1586=CYLINDRICAL_SURFACE('',#1845,13.23);
#1587=CYLINDRICAL_SURFACE('',#1849,12.68);
#1588=CYLINDRICAL_SURFACE('',#1852,13.23);
#1589=CYLINDRICAL_SURFACE('',#1855,12.68);
#1590=CYLINDRICAL_SURFACE('',#1859,12.64);
#1591=CYLINDRICAL_SURFACE('',#1863,7.55);
#1592=CYLINDRICAL_SURFACE('',#1866,14.16);
#1593=CYLINDRICAL_SURFACE('',#1870,12.46);
#1594=CYLINDRICAL_SURFACE('',#1879,50.106);
#1595=CYLINDRICAL_SURFACE('',#1881,50.106);
#1596=CYLINDRICAL_SURFACE('',#1883,50.106);
#1597=CYLINDRICAL_SURFACE('',#1891,33.5);
#1598=CYLINDRICAL_SURFACE('',#1893,33.5);
#1599=CYLINDRICAL_SURFACE('',#1895,23.227);
#1600=CYLINDRICAL_SURFACE('',#1902,1.15);
#1601=CYLINDRICAL_SURFACE('',#1904,1.7);
#1602=CYLINDRICAL_SURFACE('',#1906,0.5);
#1603=ADVANCED_FACE('',(#101),#1551,.F.);
#1604=ADVANCED_FACE('',(#102),#1552,.F.);
#1605=ADVANCED_FACE('',(#103),#1553,.F.);
#1606=ADVANCED_FACE('',(#104),#1554,.F.);
#1607=ADVANCED_FACE('',(#105),#1555,.F.);
#1608=ADVANCED_FACE('',(#106),#1556,.F.);
#1609=ADVANCED_FACE('',(#107),#1557,.F.);
#1610=ADVANCED_FACE('',(#108),#1558,.F.);
#1611=ADVANCED_FACE('',(#109),#1559,.T.);
#1612=ADVANCED_FACE('',(#110,#15),#57,.T.);
#1613=ADVANCED_FACE('',(#111),#1560,.T.);
#1614=ADVANCED_FACE('',(#112,#16),#58,.T.);
#1615=ADVANCED_FACE('',(#113),#1561,.T.);
#1616=ADVANCED_FACE('',(#114,#17),#59,.T.);
#1617=ADVANCED_FACE('',(#115),#1562,.T.);
#1618=ADVANCED_FACE('',(#116,#18),#60,.T.);
#1619=ADVANCED_FACE('',(#117),#1563,.T.);
#1620=ADVANCED_FACE('',(#118,#19),#61,.T.);
#1621=ADVANCED_FACE('',(#119),#1564,.T.);
#1622=ADVANCED_FACE('',(#120,#20),#62,.T.);
#1623=ADVANCED_FACE('',(#121),#1565,.T.);
#1624=ADVANCED_FACE('',(#122,#21),#63,.T.);
#1625=ADVANCED_FACE('',(#123),#1566,.T.);
#1626=ADVANCED_FACE('',(#124,#22),#64,.T.);
#1627=ADVANCED_FACE('',(#125),#1567,.F.);
#1628=ADVANCED_FACE('',(#126),#65,.T.);
#1629=ADVANCED_FACE('',(#127),#1568,.F.);
#1630=ADVANCED_FACE('',(#128),#66,.T.);
#1631=ADVANCED_FACE('',(#129),#67,.T.);
#1632=ADVANCED_FACE('',(#130),#1569,.F.);
#1633=ADVANCED_FACE('',(#131),#68,.T.);
#1634=ADVANCED_FACE('',(#132),#1570,.F.);
#1635=ADVANCED_FACE('',(#133),#1571,.T.);
#1636=ADVANCED_FACE('',(#134,#23,#24,#25),#69,.T.);
#1637=ADVANCED_FACE('',(#135),#1572,.F.);
#1638=ADVANCED_FACE('',(#136),#70,.T.);
#1639=ADVANCED_FACE('',(#137),#1573,.F.);
#1640=ADVANCED_FACE('',(#138),#1574,.T.);
#1641=ADVANCED_FACE('',(#139),#1575,.F.);
#1642=ADVANCED_FACE('',(#140),#71,.T.);
#1643=ADVANCED_FACE('',(#141,#26,#27,#28,#29,#30),#72,.T.);
#1644=ADVANCED_FACE('',(#142),#1576,.T.);
#1645=ADVANCED_FACE('',(#143),#1577,.F.);
#1646=ADVANCED_FACE('',(#144),#73,.T.);
#1647=ADVANCED_FACE('',(#145),#1578,.F.);
#1648=ADVANCED_FACE('',(#146),#74,.T.);
#1649=ADVANCED_FACE('',(#147),#1579,.F.);
#1650=ADVANCED_FACE('',(#148),#75,.T.);
#1651=ADVANCED_FACE('',(#149),#1580,.F.);
#1652=ADVANCED_FACE('',(#150),#76,.T.);
#1653=ADVANCED_FACE('',(#151),#1581,.F.);
#1654=ADVANCED_FACE('',(#152),#1582,.F.);
#1655=ADVANCED_FACE('',(#153),#1583,.F.);
#1656=ADVANCED_FACE('',(#154),#1584,.F.);
#1657=ADVANCED_FACE('',(#155),#1585,.F.);
#1658=ADVANCED_FACE('',(#156),#1586,.F.);
#1659=ADVANCED_FACE('',(#157),#1587,.F.);
#1660=ADVANCED_FACE('',(#158),#1588,.F.);
#1661=ADVANCED_FACE('',(#159),#1589,.F.);
#1662=ADVANCED_FACE('',(#160),#1590,.F.);
#1663=ADVANCED_FACE('',(#161),#1591,.F.);
#1664=ADVANCED_FACE('',(#162),#1592,.F.);
#1665=ADVANCED_FACE('',(#163),#1593,.F.);
#1666=ADVANCED_FACE('',(#164),#77,.T.);
#1667=ADVANCED_FACE('',(#165),#78,.T.);
#1668=ADVANCED_FACE('',(#166,#31,#32),#79,.T.);
#1669=ADVANCED_FACE('',(#167,#33),#80,.T.);
#1670=ADVANCED_FACE('',(#168),#1594,.F.);
#1671=ADVANCED_FACE('',(#169),#1595,.F.);
#1672=ADVANCED_FACE('',(#170),#1596,.F.);
#1673=ADVANCED_FACE('',(#171),#81,.T.);
#1674=ADVANCED_FACE('',(#172),#82,.T.);
#1675=ADVANCED_FACE('',(#173),#83,.T.);
#1676=ADVANCED_FACE('',(#174),#1597,.F.);
#1677=ADVANCED_FACE('',(#175),#1598,.F.);
#1678=ADVANCED_FACE('',(#176),#1599,.F.);
#1679=ADVANCED_FACE('',(#177,#34,#35,#36,#37,#38,#39,#40,#41,#42),#84,.T.);
#1680=ADVANCED_FACE('',(#178,#43),#85,.T.);
#1681=ADVANCED_FACE('',(#179),#86,.F.);
#1682=ADVANCED_FACE('',(#180),#87,.F.);
#1683=ADVANCED_FACE('',(#181),#88,.F.);
#1684=ADVANCED_FACE('',(#182),#89,.F.);
#1685=ADVANCED_FACE('',(#183),#1600,.F.);
#1686=ADVANCED_FACE('',(#184),#1601,.F.);
#1687=ADVANCED_FACE('',(#185),#1602,.F.);
#1688=ADVANCED_FACE('',(#186),#90,.F.);
#1689=ADVANCED_FACE('',(#187),#91,.F.);
#1690=ADVANCED_FACE('',(#188),#92,.F.);
#1691=ADVANCED_FACE('',(#189),#93,.F.);
#1692=ADVANCED_FACE('',(#190),#94,.T.);
#1693=ADVANCED_FACE('',(#191),#95,.T.);
#1694=ADVANCED_FACE('',(#192),#96,.T.);
#1695=ADVANCED_FACE('',(#193),#97,.T.);
#1696=ADVANCED_FACE('',(#194),#98,.T.);
#1697=ADVANCED_FACE('',(#195),#99,.T.);
#1698=ADVANCED_FACE('',(#196,#44,#45,#46,#47,#48,#49,#50,#51,#52,#53,#54,
#55,#56),#100,.F.);
#1699=CLOSED_SHELL('',(#1603,#1604,#1605,#1606,#1607,#1608,#1609,#1610,
#1611,#1612,#1613,#1614,#1615,#1616,#1617,#1618,#1619,#1620,#1621,#1622,
#1623,#1624,#1625,#1626,#1627,#1628,#1629,#1630,#1631,#1632,#1633,#1634,
#1635,#1636,#1637,#1638,#1639,#1640,#1641,#1642,#1643,#1644,#1645,#1646,
#1647,#1648,#1649,#1650,#1651,#1652,#1653,#1654,#1655,#1656,#1657,#1658,
#1659,#1660,#1661,#1662,#1663,#1664,#1665,#1666,#1667,#1668,#1669,#1670,
#1671,#1672,#1673,#1674,#1675,#1676,#1677,#1678,#1679,#1680,#1681,#1682,
#1683,#1684,#1685,#1686,#1687,#1688,#1689,#1690,#1691,#1692,#1693,#1694,
#1695,#1696,#1697,#1698));
#1700=DERIVED_UNIT_ELEMENT(#1702,1.);
#1701=DERIVED_UNIT_ELEMENT(#2949,-3.);
#1702=(
MASS_UNIT()
NAMED_UNIT(*)
SI_UNIT(.KILO.,.GRAM.)
);
#1703=DERIVED_UNIT((#1700,#1701));
#1704=MEASURE_REPRESENTATION_ITEM('density measure',
POSITIVE_RATIO_MEASURE(7850.),#1703);
#1705=PROPERTY_DEFINITION_REPRESENTATION(#1710,#1707);
#1706=PROPERTY_DEFINITION_REPRESENTATION(#1711,#1708);
#1707=REPRESENTATION('material name',(#1709),#2946);
#1708=REPRESENTATION('density',(#1704),#2946);
#1709=DESCRIPTIVE_REPRESENTATION_ITEM('Steel','Steel');
#1710=PROPERTY_DEFINITION('material property','material name',#2956);
#1711=PROPERTY_DEFINITION('material property','density of part',#2956);
#1712=AXIS2_PLACEMENT_3D('',#2457,#1919,#1920);
#1713=AXIS2_PLACEMENT_3D('',#2458,#1921,#1922);
#1714=AXIS2_PLACEMENT_3D('',#2460,#1923,#1924);
#1715=AXIS2_PLACEMENT_3D('',#2463,#1926,#1927);
#1716=AXIS2_PLACEMENT_3D('',#2464,#1928,#1929);
#1717=AXIS2_PLACEMENT_3D('',#2466,#1930,#1931);
#1718=AXIS2_PLACEMENT_3D('',#2469,#1933,#1934);
#1719=AXIS2_PLACEMENT_3D('',#2470,#1935,#1936);
#1720=AXIS2_PLACEMENT_3D('',#2472,#1937,#1938);
#1721=AXIS2_PLACEMENT_3D('',#2475,#1940,#1941);
#1722=AXIS2_PLACEMENT_3D('',#2476,#1942,#1943);
#1723=AXIS2_PLACEMENT_3D('',#2478,#1944,#1945);
#1724=AXIS2_PLACEMENT_3D('',#2481,#1947,#1948);
#1725=AXIS2_PLACEMENT_3D('',#2482,#1949,#1950);
#1726=AXIS2_PLACEMENT_3D('',#2484,#1951,#1952);
#1727=AXIS2_PLACEMENT_3D('',#2487,#1954,#1955);
#1728=AXIS2_PLACEMENT_3D('',#2488,#1956,#1957);
#1729=AXIS2_PLACEMENT_3D('',#2490,#1958,#1959);
#1730=AXIS2_PLACEMENT_3D('',#2493,#1961,#1962);
#1731=AXIS2_PLACEMENT_3D('',#2494,#1963,#1964);
#1732=AXIS2_PLACEMENT_3D('',#2496,#1965,#1966);
#1733=AXIS2_PLACEMENT_3D('',#2499,#1968,#1969);
#1734=AXIS2_PLACEMENT_3D('',#2500,#1970,#1971);
#1735=AXIS2_PLACEMENT_3D('',#2502,#1972,#1973);
#1736=AXIS2_PLACEMENT_3D('',#2505,#1975,#1976);
#1737=AXIS2_PLACEMENT_3D('',#2506,#1977,#1978);
#1738=AXIS2_PLACEMENT_3D('',#2508,#1979,#1980);
#1739=AXIS2_PLACEMENT_3D('',#2511,#1982,#1983);
#1740=AXIS2_PLACEMENT_3D('',#2512,#1984,#1985);
#1741=AXIS2_PLACEMENT_3D('',#2513,#1986,#1987);
#1742=AXIS2_PLACEMENT_3D('',#2515,#1988,#1989);
#1743=AXIS2_PLACEMENT_3D('',#2518,#1991,#1992);
#1744=AXIS2_PLACEMENT_3D('',#2519,#1993,#1994);
#1745=AXIS2_PLACEMENT_3D('',#2520,#1995,#1996);
#1746=AXIS2_PLACEMENT_3D('',#2522,#1997,#1998);
#1747=AXIS2_PLACEMENT_3D('',#2525,#2000,#2001);
#1748=AXIS2_PLACEMENT_3D('',#2526,#2002,#2003);
#1749=AXIS2_PLACEMENT_3D('',#2527,#2004,#2005);
#1750=AXIS2_PLACEMENT_3D('',#2529,#2006,#2007);
#1751=AXIS2_PLACEMENT_3D('',#2532,#2009,#2010);
#1752=AXIS2_PLACEMENT_3D('',#2533,#2011,#2012);
#1753=AXIS2_PLACEMENT_3D('',#2534,#2013,#2014);
#1754=AXIS2_PLACEMENT_3D('',#2536,#2015,#2016);
#1755=AXIS2_PLACEMENT_3D('',#2539,#2018,#2019);
#1756=AXIS2_PLACEMENT_3D('',#2540,#2020,#2021);
#1757=AXIS2_PLACEMENT_3D('',#2541,#2022,#2023);
#1758=AXIS2_PLACEMENT_3D('',#2543,#2024,#2025);
#1759=AXIS2_PLACEMENT_3D('',#2546,#2027,#2028);
#1760=AXIS2_PLACEMENT_3D('',#2547,#2029,#2030);
#1761=AXIS2_PLACEMENT_3D('',#2548,#2031,#2032);
#1762=AXIS2_PLACEMENT_3D('',#2550,#2033,#2034);
#1763=AXIS2_PLACEMENT_3D('',#2553,#2036,#2037);
#1764=AXIS2_PLACEMENT_3D('',#2554,#2038,#2039);
#1765=AXIS2_PLACEMENT_3D('',#2555,#2040,#2041);
#1766=AXIS2_PLACEMENT_3D('',#2557,#2042,#2043);
#1767=AXIS2_PLACEMENT_3D('',#2560,#2045,#2046);
#1768=AXIS2_PLACEMENT_3D('',#2561,#2047,#2048);
#1769=AXIS2_PLACEMENT_3D('',#2562,#2049,#2050);
#1770=AXIS2_PLACEMENT_3D('',#2564,#2051,#2052);
#1771=AXIS2_PLACEMENT_3D('',#2567,#2054,#2055);
#1772=AXIS2_PLACEMENT_3D('',#2568,#2056,#2057);
#1773=AXIS2_PLACEMENT_3D('',#2569,#2058,#2059);
#1774=AXIS2_PLACEMENT_3D('',#2571,#2060,#2061);
#1775=AXIS2_PLACEMENT_3D('',#2574,#2063,#2064);
#1776=AXIS2_PLACEMENT_3D('',#2575,#2065,#2066);
#1777=AXIS2_PLACEMENT_3D('',#2576,#2067,#2068);
#1778=AXIS2_PLACEMENT_3D('',#2585,#2073,#2074);
#1779=AXIS2_PLACEMENT_3D('',#2587,#2075,#2076);
#1780=AXIS2_PLACEMENT_3D('',#2590,#2078,#2079);
#1781=AXIS2_PLACEMENT_3D('',#2591,#2080,#2081);
#1782=AXIS2_PLACEMENT_3D('',#2600,#2086,#2087);
#1783=AXIS2_PLACEMENT_3D('',#2602,#2088,#2089);
#1784=AXIS2_PLACEMENT_3D('',#2604,#2090,#2091);
#1785=AXIS2_PLACEMENT_3D('',#2606,#2093,#2094);
#1786=AXIS2_PLACEMENT_3D('',#2607,#2095,#2096);
#1787=AXIS2_PLACEMENT_3D('',#2608,#2097,#2098);
#1788=AXIS2_PLACEMENT_3D('',#2609,#2099,#2100);
#1789=AXIS2_PLACEMENT_3D('',#2611,#2101,#2102);
#1790=AXIS2_PLACEMENT_3D('',#2613,#2103,#2104);
#1791=AXIS2_PLACEMENT_3D('',#2617,#2106,#2107);
#1792=AXIS2_PLACEMENT_3D('',#2619,#2108,#2109);
#1793=AXIS2_PLACEMENT_3D('',#2621,#2110,#2111);
#1794=AXIS2_PLACEMENT_3D('',#2624,#2113,#2114);
#1795=AXIS2_PLACEMENT_3D('',#2625,#2115,#2116);
#1796=AXIS2_PLACEMENT_3D('',#2627,#2117,#2118);
#1797=AXIS2_PLACEMENT_3D('',#2629,#2120,#2121);
#1798=AXIS2_PLACEMENT_3D('',#2635,#2125,#2126);
#1799=AXIS2_PLACEMENT_3D('',#2637,#2127,#2128);
#1800=AXIS2_PLACEMENT_3D('',#2639,#2130,#2131);
#1801=AXIS2_PLACEMENT_3D('',#2641,#2132,#2133);
#1802=AXIS2_PLACEMENT_3D('',#2643,#2135,#2136);
#1803=AXIS2_PLACEMENT_3D('',#2645,#2137,#2138);
#1804=AXIS2_PLACEMENT_3D('',#2647,#2140,#2141);
#1805=AXIS2_PLACEMENT_3D('',#2649,#2143,#2144);
#1806=AXIS2_PLACEMENT_3D('',#2650,#2145,#2146);
#1807=AXIS2_PLACEMENT_3D('',#2660,#2151,#2152);
#1808=AXIS2_PLACEMENT_3D('',#2662,#2153,#2154);
#1809=AXIS2_PLACEMENT_3D('',#2664,#2155,#2156);
#1810=AXIS2_PLACEMENT_3D('',#2673,#2161,#2162);
#1811=AXIS2_PLACEMENT_3D('',#2676,#2164,#2165);
#1812=AXIS2_PLACEMENT_3D('',#2677,#2166,#2167);
#1813=AXIS2_PLACEMENT_3D('',#2679,#2168,#2169);
#1814=AXIS2_PLACEMENT_3D('',#2682,#2171,#2172);
#1815=AXIS2_PLACEMENT_3D('',#2683,#2173,#2174);
#1816=AXIS2_PLACEMENT_3D('',#2684,#2175,#2176);
#1817=AXIS2_PLACEMENT_3D('',#2686,#2177,#2178);
#1818=AXIS2_PLACEMENT_3D('',#2689,#2180,#2181);
#1819=AXIS2_PLACEMENT_3D('',#2690,#2182,#2183);
#1820=AXIS2_PLACEMENT_3D('',#2691,#2184,#2185);
#1821=AXIS2_PLACEMENT_3D('',#2693,#2186,#2187);
#1822=AXIS2_PLACEMENT_3D('',#2696,#2189,#2190);
#1823=AXIS2_PLACEMENT_3D('',#2697,#2191,#2192);
#1824=AXIS2_PLACEMENT_3D('',#2698,#2193,#2194);
#1825=AXIS2_PLACEMENT_3D('',#2700,#2195,#2196);
#1826=AXIS2_PLACEMENT_3D('',#2703,#2198,#2199);
#1827=AXIS2_PLACEMENT_3D('',#2704,#2200,#2201);
#1828=AXIS2_PLACEMENT_3D('',#2705,#2202,#2203);
#1829=AXIS2_PLACEMENT_3D('',#2710,#2205,#2206);
#1830=AXIS2_PLACEMENT_3D('',#2713,#2208,#2209);
#1831=AXIS2_PLACEMENT_3D('',#2714,#2210,#2211);
#1832=AXIS2_PLACEMENT_3D('',#2719,#2213,#2214);
#1833=AXIS2_PLACEMENT_3D('',#2723,#2216,#2217);
#1834=AXIS2_PLACEMENT_3D('',#2726,#2219,#2220);
#1835=AXIS2_PLACEMENT_3D('',#2727,#2221,#2222);
#1836=AXIS2_PLACEMENT_3D('',#2731,#2224,#2225);
#1837=AXIS2_PLACEMENT_3D('',#2733,#2226,#2227);
#1838=AXIS2_PLACEMENT_3D('',#2736,#2229,#2230);
#1839=AXIS2_PLACEMENT_3D('',#2737,#2231,#2232);
#1840=AXIS2_PLACEMENT_3D('',#2741,#2234,#2235);
#1841=AXIS2_PLACEMENT_3D('',#2742,#2236,#2237);
#1842=AXIS2_PLACEMENT_3D('',#2743,#2238,#2239);
#1843=AXIS2_PLACEMENT_3D('',#2748,#2241,#2242);
#1844=AXIS2_PLACEMENT_3D('',#2751,#2244,#2245);
#1845=AXIS2_PLACEMENT_3D('',#2752,#2246,#2247);
#1846=AXIS2_PLACEMENT_3D('',#2757,#2249,#2250);
#1847=AXIS2_PLACEMENT_3D('',#2761,#2252,#2253);
#1848=AXIS2_PLACEMENT_3D('',#2764,#2255,#2256);
#1849=AXIS2_PLACEMENT_3D('',#2765,#2257,#2258);
#1850=AXIS2_PLACEMENT_3D('',#2767,#2259,#2260);
#1851=AXIS2_PLACEMENT_3D('',#2769,#2261,#2262);
#1852=AXIS2_PLACEMENT_3D('',#2771,#2264,#2265);
#1853=AXIS2_PLACEMENT_3D('',#2776,#2267,#2268);
#1854=AXIS2_PLACEMENT_3D('',#2779,#2270,#2271);
#1855=AXIS2_PLACEMENT_3D('',#2780,#2272,#2273);
#1856=AXIS2_PLACEMENT_3D('',#2785,#2275,#2276);
#1857=AXIS2_PLACEMENT_3D('',#2788,#2278,#2279);
#1858=AXIS2_PLACEMENT_3D('',#2789,#2280,#2281);
#1859=AXIS2_PLACEMENT_3D('',#2790,#2282,#2283);
#1860=AXIS2_PLACEMENT_3D('',#2792,#2284,#2285);
#1861=AXIS2_PLACEMENT_3D('',#2796,#2287,#2288);
#1862=AXIS2_PLACEMENT_3D('',#2799,#2290,#2291);
#1863=AXIS2_PLACEMENT_3D('',#2800,#2292,#2293);
#1864=AXIS2_PLACEMENT_3D('',#2801,#2294,#2295);
#1865=AXIS2_PLACEMENT_3D('',#2802,#2296,#2297);
#1866=AXIS2_PLACEMENT_3D('',#2803,#2298,#2299);
#1867=AXIS2_PLACEMENT_3D('',#2808,#2301,#2302);
#1868=AXIS2_PLACEMENT_3D('',#2812,#2304,#2305);
#1869=AXIS2_PLACEMENT_3D('',#2815,#2307,#2308);
#1870=AXIS2_PLACEMENT_3D('',#2816,#2309,#2310);
#1871=AXIS2_PLACEMENT_3D('',#2818,#2311,#2312);
#1872=AXIS2_PLACEMENT_3D('',#2821,#2314,#2315);
#1873=AXIS2_PLACEMENT_3D('',#2822,#2316,#2317);
#1874=AXIS2_PLACEMENT_3D('',#2833,#2324,#2325);
#1875=AXIS2_PLACEMENT_3D('',#2844,#2332,#2333);
#1876=AXIS2_PLACEMENT_3D('',#2845,#2334,#2335);
#1877=AXIS2_PLACEMENT_3D('',#2853,#2340,#2341);
#1878=AXIS2_PLACEMENT_3D('',#2857,#2344,#2345);
#1879=AXIS2_PLACEMENT_3D('',#2858,#2346,#2347);
#1880=AXIS2_PLACEMENT_3D('',#2859,#2348,#2349);
#1881=AXIS2_PLACEMENT_3D('',#2860,#2350,#2351);
#1882=AXIS2_PLACEMENT_3D('',#2861,#2352,#2353);
#1883=AXIS2_PLACEMENT_3D('',#2862,#2354,#2355);
#1884=AXIS2_PLACEMENT_3D('',#2863,#2356,#2357);
#1885=AXIS2_PLACEMENT_3D('',#2864,#2358,#2359);
#1886=AXIS2_PLACEMENT_3D('',#2865,#2360,#2361);
#1887=AXIS2_PLACEMENT_3D('',#2866,#2362,#2363);
#1888=AXIS2_PLACEMENT_3D('',#2867,#2364,#2365);
#1889=AXIS2_PLACEMENT_3D('',#2868,#2366,#2367);
#1890=AXIS2_PLACEMENT_3D('',#2869,#2368,#2369);
#1891=AXIS2_PLACEMENT_3D('',#2870,#2370,#2371);
#1892=AXIS2_PLACEMENT_3D('',#2871,#2372,#2373);
#1893=AXIS2_PLACEMENT_3D('',#2872,#2374,#2375);
#1894=AXIS2_PLACEMENT_3D('',#2873,#2376,#2377);
#1895=AXIS2_PLACEMENT_3D('',#2874,#2378,#2379);
#1896=AXIS2_PLACEMENT_3D('',#2875,#2380,#2381);
#1897=AXIS2_PLACEMENT_3D('',#2877,#2383,#2384);
#1898=AXIS2_PLACEMENT_3D('',#2879,#2386,#2387);
#1899=AXIS2_PLACEMENT_3D('',#2885,#2391,#2392);
#1900=AXIS2_PLACEMENT_3D('',#2889,#2395,#2396);
#1901=AXIS2_PLACEMENT_3D('',#2893,#2399,#2400);
#1902=AXIS2_PLACEMENT_3D('',#2895,#2402,#2403);
#1903=AXIS2_PLACEMENT_3D('',#2898,#2405,#2406);
#1904=AXIS2_PLACEMENT_3D('',#2899,#2407,#2408);
#1905=AXIS2_PLACEMENT_3D('',#2902,#2410,#2411);
#1906=AXIS2_PLACEMENT_3D('',#2903,#2412,#2413);
#1907=AXIS2_PLACEMENT_3D('',#2906,#2415,#2416);
#1908=AXIS2_PLACEMENT_3D('',#2907,#2417,#2418);
#1909=AXIS2_PLACEMENT_3D('',#2913,#2422,#2423);
#1910=AXIS2_PLACEMENT_3D('',#2917,#2426,#2427);
#1911=AXIS2_PLACEMENT_3D('',#2921,#2430,#2431);
#1912=AXIS2_PLACEMENT_3D('',#2923,#2433,#2434);
#1913=AXIS2_PLACEMENT_3D('',#2929,#2438,#2439);
#1914=AXIS2_PLACEMENT_3D('',#2933,#2442,#2443);
#1915=AXIS2_PLACEMENT_3D('',#2937,#2446,#2447);
#1916=AXIS2_PLACEMENT_3D('',#2939,#2449,#2450);
#1917=AXIS2_PLACEMENT_3D('',#2941,#2452,#2453);
#1918=AXIS2_PLACEMENT_3D('',#2943,#2455,#2456);
#1919=DIRECTION('axis',(0.,0.,1.));
#1920=DIRECTION('refdir',(1.,0.,0.));
#1921=DIRECTION('center_axis',(0.,0.,-1.));
#1922=DIRECTION('ref_axis',(1.,0.,0.));
#1923=DIRECTION('center_axis',(0.,0.,-1.));
#1924=DIRECTION('ref_axis',(1.,0.,0.));
#1925=DIRECTION('',(0.,0.,-1.));
#1926=DIRECTION('center_axis',(0.,0.,1.));
#1927=DIRECTION('ref_axis',(1.,0.,0.));
#1928=DIRECTION('center_axis',(0.,0.,-1.));
#1929=DIRECTION('ref_axis',(1.,0.,0.));
#1930=DIRECTION('center_axis',(0.,0.,-1.));
#1931=DIRECTION('ref_axis',(1.,0.,0.));
#1932=DIRECTION('',(0.,0.,-1.));
#1933=DIRECTION('center_axis',(0.,0.,1.));
#1934=DIRECTION('ref_axis',(1.,0.,0.));
#1935=DIRECTION('center_axis',(0.,0.,-1.));
#1936=DIRECTION('ref_axis',(1.,0.,0.));
#1937=DIRECTION('center_axis',(0.,0.,-1.));
#1938=DIRECTION('ref_axis',(1.,0.,0.));
#1939=DIRECTION('',(0.,0.,-1.));
#1940=DIRECTION('center_axis',(0.,0.,1.));
#1941=DIRECTION('ref_axis',(1.,0.,0.));
#1942=DIRECTION('center_axis',(0.,0.,-1.));
#1943=DIRECTION('ref_axis',(1.,0.,0.));
#1944=DIRECTION('center_axis',(0.,0.,-1.));
#1945=DIRECTION('ref_axis',(1.,0.,0.));
#1946=DIRECTION('',(0.,0.,-1.));
#1947=DIRECTION('center_axis',(0.,0.,1.));
#1948=DIRECTION('ref_axis',(1.,0.,0.));
#1949=DIRECTION('center_axis',(0.,0.,-1.));
#1950=DIRECTION('ref_axis',(1.,0.,0.));
#1951=DIRECTION('center_axis',(0.,0.,-1.));
#1952=DIRECTION('ref_axis',(1.,0.,0.));
#1953=DIRECTION('',(0.,0.,-1.));
#1954=DIRECTION('center_axis',(0.,0.,1.));
#1955=DIRECTION('ref_axis',(1.,0.,0.));
#1956=DIRECTION('center_axis',(0.,0.,-1.));
#1957=DIRECTION('ref_axis',(1.,0.,0.));
#1958=DIRECTION('center_axis',(0.,0.,-1.));
#1959=DIRECTION('ref_axis',(1.,0.,0.));
#1960=DIRECTION('',(0.,0.,-1.));
#1961=DIRECTION('center_axis',(0.,0.,1.));
#1962=DIRECTION('ref_axis',(1.,0.,0.));
#1963=DIRECTION('center_axis',(0.,0.,-1.));
#1964=DIRECTION('ref_axis',(1.,0.,0.));
#1965=DIRECTION('center_axis',(0.,0.,-1.));
#1966=DIRECTION('ref_axis',(1.,0.,0.));
#1967=DIRECTION('',(0.,0.,-1.));
#1968=DIRECTION('center_axis',(0.,0.,1.));
#1969=DIRECTION('ref_axis',(1.,0.,0.));
#1970=DIRECTION('center_axis',(0.,0.,-1.));
#1971=DIRECTION('ref_axis',(1.,0.,0.));
#1972=DIRECTION('center_axis',(0.,0.,-1.));
#1973=DIRECTION('ref_axis',(1.,0.,0.));
#1974=DIRECTION('',(0.,0.,-1.));
#1975=DIRECTION('center_axis',(0.,0.,1.));
#1976=DIRECTION('ref_axis',(1.,0.,0.));
#1977=DIRECTION('center_axis',(0.,0.,1.));
#1978=DIRECTION('ref_axis',(1.,0.,0.));
#1979=DIRECTION('center_axis',(0.,0.,1.));
#1980=DIRECTION('ref_axis',(1.,0.,0.));
#1981=DIRECTION('',(0.,0.,-1.));
#1982=DIRECTION('center_axis',(0.,0.,-1.));
#1983=DIRECTION('ref_axis',(1.,0.,0.));
#1984=DIRECTION('center_axis',(0.,0.,1.));
#1985=DIRECTION('ref_axis',(1.,0.,0.));
#1986=DIRECTION('center_axis',(0.,0.,1.));
#1987=DIRECTION('ref_axis',(1.,0.,0.));
#1988=DIRECTION('center_axis',(0.,0.,1.));
#1989=DIRECTION('ref_axis',(1.,0.,0.));
#1990=DIRECTION('',(0.,0.,-1.));
#1991=DIRECTION('center_axis',(0.,0.,-1.));
#1992=DIRECTION('ref_axis',(1.,0.,0.));
#1993=DIRECTION('center_axis',(0.,0.,1.));
#1994=DIRECTION('ref_axis',(1.,0.,0.));
#1995=DIRECTION('center_axis',(0.,0.,1.));
#1996=DIRECTION('ref_axis',(1.,0.,0.));
#1997=DIRECTION('center_axis',(0.,0.,1.));
#1998=DIRECTION('ref_axis',(1.,0.,0.));
#1999=DIRECTION('',(0.,0.,-1.));
#2000=DIRECTION('center_axis',(0.,0.,-1.));
#2001=DIRECTION('ref_axis',(1.,0.,0.));
#2002=DIRECTION('center_axis',(0.,0.,1.));
#2003=DIRECTION('ref_axis',(1.,0.,0.));
#2004=DIRECTION('center_axis',(0.,0.,1.));
#2005=DIRECTION('ref_axis',(1.,0.,0.));
#2006=DIRECTION('center_axis',(0.,0.,1.));
#2007=DIRECTION('ref_axis',(1.,0.,0.));
#2008=DIRECTION('',(0.,0.,-1.));
#2009=DIRECTION('center_axis',(0.,0.,-1.));
#2010=DIRECTION('ref_axis',(1.,0.,0.));
#2011=DIRECTION('center_axis',(0.,0.,1.));
#2012=DIRECTION('ref_axis',(1.,0.,0.));
#2013=DIRECTION('center_axis',(0.,0.,1.));
#2014=DIRECTION('ref_axis',(1.,0.,0.));
#2015=DIRECTION('center_axis',(0.,0.,1.));
#2016=DIRECTION('ref_axis',(1.,0.,0.));
#2017=DIRECTION('',(0.,0.,-1.));
#2018=DIRECTION('center_axis',(0.,0.,-1.));
#2019=DIRECTION('ref_axis',(1.,0.,0.));
#2020=DIRECTION('center_axis',(0.,0.,1.));
#2021=DIRECTION('ref_axis',(1.,0.,0.));
#2022=DIRECTION('center_axis',(0.,0.,1.));
#2023=DIRECTION('ref_axis',(1.,0.,0.));
#2024=DIRECTION('center_axis',(0.,0.,1.));
#2025=DIRECTION('ref_axis',(1.,0.,0.));
#2026=DIRECTION('',(0.,0.,-1.));
#2027=DIRECTION('center_axis',(0.,0.,-1.));
#2028=DIRECTION('ref_axis',(1.,0.,0.));
#2029=DIRECTION('center_axis',(0.,0.,1.));
#2030=DIRECTION('ref_axis',(1.,0.,0.));
#2031=DIRECTION('center_axis',(0.,0.,1.));
#2032=DIRECTION('ref_axis',(1.,0.,0.));
#2033=DIRECTION('center_axis',(0.,0.,1.));
#2034=DIRECTION('ref_axis',(1.,0.,0.));
#2035=DIRECTION('',(0.,0.,-1.));
#2036=DIRECTION('center_axis',(0.,0.,-1.));
#2037=DIRECTION('ref_axis',(1.,0.,0.));
#2038=DIRECTION('center_axis',(0.,0.,1.));
#2039=DIRECTION('ref_axis',(1.,0.,0.));
#2040=DIRECTION('center_axis',(0.,0.,1.));
#2041=DIRECTION('ref_axis',(1.,0.,0.));
#2042=DIRECTION('center_axis',(0.,0.,1.));
#2043=DIRECTION('ref_axis',(1.,0.,0.));
#2044=DIRECTION('',(0.,0.,-1.));
#2045=DIRECTION('center_axis',(0.,0.,-1.));
#2046=DIRECTION('ref_axis',(1.,0.,0.));
#2047=DIRECTION('center_axis',(0.,0.,1.));
#2048=DIRECTION('ref_axis',(1.,0.,0.));
#2049=DIRECTION('center_axis',(0.,0.,-1.));
#2050=DIRECTION('ref_axis',(1.,0.,0.));
#2051=DIRECTION('center_axis',(0.,0.,-1.));
#2052=DIRECTION('ref_axis',(1.,0.,0.));
#2053=DIRECTION('',(0.,0.,-1.));
#2054=DIRECTION('center_axis',(0.,0.,-1.));
#2055=DIRECTION('ref_axis',(1.,0.,0.));
#2056=DIRECTION('center_axis',(0.,0.,1.));
#2057=DIRECTION('ref_axis',(1.,0.,0.));
#2058=DIRECTION('center_axis',(0.,0.,-1.));
#2059=DIRECTION('ref_axis',(1.,0.,0.));
#2060=DIRECTION('center_axis',(0.,0.,-1.));
#2061=DIRECTION('ref_axis',(1.,0.,0.));
#2062=DIRECTION('',(0.,0.,-1.));
#2063=DIRECTION('center_axis',(0.,0.,-1.));
#2064=DIRECTION('ref_axis',(1.,0.,0.));
#2065=DIRECTION('center_axis',(0.,0.,1.));
#2066=DIRECTION('ref_axis',(1.,0.,0.));
#2067=DIRECTION('center_axis',(-0.685390906069452,-0.728175326331026,0.));
#2068=DIRECTION('ref_axis',(0.728175326331026,-0.685390906069452,0.));
#2069=DIRECTION('',(0.,0.,1.));
#2070=DIRECTION('',(-0.728175326331026,0.685390906069452,0.));
#2071=DIRECTION('',(0.,0.,1.));
#2072=DIRECTION('',(0.728175326331026,-0.685390906069452,0.));
#2073=DIRECTION('center_axis',(0.,0.,1.));
#2074=DIRECTION('ref_axis',(0.997706350726398,0.0676907506252869,0.));
#2075=DIRECTION('center_axis',(0.,0.,1.));
#2076=DIRECTION('ref_axis',(0.997706350726398,0.0676907506252869,0.));
#2077=DIRECTION('',(0.,0.,1.));
#2078=DIRECTION('center_axis',(0.,0.,-1.));
#2079=DIRECTION('ref_axis',(0.997706350726398,0.0676907506252869,0.));
#2080=DIRECTION('center_axis',(0.988671988661038,0.150092301058479,0.));
#2081=DIRECTION('ref_axis',(-0.150092301058479,0.988671988661038,0.));
#2082=DIRECTION('',(0.,0.,-1.));
#2083=DIRECTION('',(-0.150092301058479,0.988671988661038,0.));
#2084=DIRECTION('',(0.,0.,1.));
#2085=DIRECTION('',(0.150092301058479,-0.988671988661038,0.));
#2086=DIRECTION('center_axis',(0.,0.,1.));
#2087=DIRECTION('ref_axis',(-0.919020081330183,-0.394210717905873,0.));
#2088=DIRECTION('center_axis',(0.,0.,1.));
#2089=DIRECTION('ref_axis',(-0.919020081330183,-0.394210717905873,0.));
#2090=DIRECTION('center_axis',(0.,0.,-1.));
#2091=DIRECTION('ref_axis',(-0.919020081330183,-0.394210717905873,0.));
#2092=DIRECTION('',(0.,0.,1.));
#2093=DIRECTION('center_axis',(0.,0.,1.));
#2094=DIRECTION('ref_axis',(0.480104138576552,-0.877211500221963,0.));
#2095=DIRECTION('center_axis',(0.,0.,-1.));
#2096=DIRECTION('ref_axis',(1.,0.,0.));
#2097=DIRECTION('center_axis',(0.,0.,1.));
#2098=DIRECTION('ref_axis',(1.,0.,0.));
#2099=DIRECTION('center_axis',(0.,0.,1.));
#2100=DIRECTION('ref_axis',(1.,0.,0.));
#2101=DIRECTION('center_axis',(0.,0.,1.));
#2102=DIRECTION('ref_axis',(1.,0.,0.));
#2103=DIRECTION('center_axis',(0.,0.,-1.));
#2104=DIRECTION('ref_axis',(1.,0.,0.));
#2105=DIRECTION('',(0.249520786252066,0.968369442531181,0.));
#2106=DIRECTION('center_axis',(0.,0.,-1.));
#2107=DIRECTION('ref_axis',(-0.567955746598553,0.823059092596443,0.));
#2108=DIRECTION('center_axis',(0.,0.,1.));
#2109=DIRECTION('ref_axis',(1.,0.,0.));
#2110=DIRECTION('center_axis',(0.,0.,-1.));
#2111=DIRECTION('ref_axis',(0.795926874168425,-0.605392774136328,0.));
#2112=DIRECTION('',(-0.660660432779314,-0.750684882330696,0.));
#2113=DIRECTION('center_axis',(0.,0.,-1.));
#2114=DIRECTION('ref_axis',(1.,0.,0.));
#2115=DIRECTION('center_axis',(0.,0.,-1.));
#2116=DIRECTION('ref_axis',(1.,0.,0.));
#2117=DIRECTION('center_axis',(0.,0.,-1.));
#2118=DIRECTION('ref_axis',(1.,0.,0.));
#2119=DIRECTION('',(0.,0.,1.));
#2120=DIRECTION('center_axis',(-0.750684882330696,0.660660432779314,0.));
#2121=DIRECTION('ref_axis',(-0.660660432779314,-0.750684882330696,0.));
#2122=DIRECTION('',(0.,0.,-1.));
#2123=DIRECTION('',(0.,0.,1.));
#2124=DIRECTION('',(0.660660432779314,0.750684882330696,0.));
#2125=DIRECTION('center_axis',(0.,0.,1.));
#2126=DIRECTION('ref_axis',(0.795926874168425,-0.605392774136328,0.));
#2127=DIRECTION('center_axis',(0.,0.,1.));
#2128=DIRECTION('ref_axis',(0.795926874168425,-0.605392774136328,0.));
#2129=DIRECTION('',(0.,0.,1.));
#2130=DIRECTION('center_axis',(0.,0.,1.));
#2131=DIRECTION('ref_axis',(0.506323231964402,0.862343774125565,0.));
#2132=DIRECTION('center_axis',(0.,0.,-1.));
#2133=DIRECTION('ref_axis',(1.,0.,0.));
#2134=DIRECTION('',(0.,0.,1.));
#2135=DIRECTION('center_axis',(0.,0.,1.));
#2136=DIRECTION('ref_axis',(-0.567955746598553,0.823059092596443,0.));
#2137=DIRECTION('center_axis',(0.,0.,1.));
#2138=DIRECTION('ref_axis',(-0.567955746598553,0.823059092596443,0.));
#2139=DIRECTION('',(0.,0.,1.));
#2140=DIRECTION('center_axis',(0.968369442531181,-0.249520786252066,0.));
#2141=DIRECTION('ref_axis',(0.249520786252066,0.968369442531181,0.));
#2142=DIRECTION('',(-0.249520786252066,-0.968369442531181,0.));
#2143=DIRECTION('center_axis',(0.,0.,1.));
#2144=DIRECTION('ref_axis',(1.,0.,0.));
#2145=DIRECTION('center_axis',(0.,0.,-1.));
#2146=DIRECTION('ref_axis',(1.,0.,0.));
#2147=DIRECTION('',(1.,0.,0.));
#2148=DIRECTION('',(0.,-1.,0.));
#2149=DIRECTION('',(-1.,0.,0.));
#2150=DIRECTION('',(0.,1.,0.));
#2151=DIRECTION('center_axis',(0.,0.,-1.));
#2152=DIRECTION('ref_axis',(1.,0.,0.));
#2153=DIRECTION('center_axis',(0.,0.,-1.));
#2154=DIRECTION('ref_axis',(1.,0.,0.));
#2155=DIRECTION('center_axis',(0.,0.,-1.));
#2156=DIRECTION('ref_axis',(1.,0.,0.));
#2157=DIRECTION('',(1.,0.,0.));
#2158=DIRECTION('',(0.,-1.,0.));
#2159=DIRECTION('',(-1.,0.,0.));
#2160=DIRECTION('',(0.,1.,0.));
#2161=DIRECTION('center_axis',(0.,0.,1.));
#2162=DIRECTION('ref_axis',(1.,0.,0.));
#2163=DIRECTION('',(0.,0.,-1.));
#2164=DIRECTION('center_axis',(0.,0.,-1.));
#2165=DIRECTION('ref_axis',(1.,0.,0.));
#2166=DIRECTION('center_axis',(0.,0.,-1.));
#2167=DIRECTION('ref_axis',(1.,0.,0.));
#2168=DIRECTION('center_axis',(0.,0.,-1.));
#2169=DIRECTION('ref_axis',(1.,0.,0.));
#2170=DIRECTION('',(0.,0.,-1.));
#2171=DIRECTION('center_axis',(0.,0.,-1.));
#2172=DIRECTION('ref_axis',(1.,0.,0.));
#2173=DIRECTION('center_axis',(0.,0.,1.));
#2174=DIRECTION('ref_axis',(1.,0.,0.));
#2175=DIRECTION('center_axis',(0.,0.,-1.));
#2176=DIRECTION('ref_axis',(1.,0.,0.));
#2177=DIRECTION('center_axis',(0.,0.,-1.));
#2178=DIRECTION('ref_axis',(1.,0.,0.));
#2179=DIRECTION('',(0.,0.,-1.));
#2180=DIRECTION('center_axis',(0.,0.,-1.));
#2181=DIRECTION('ref_axis',(1.,0.,0.));
#2182=DIRECTION('center_axis',(0.,0.,1.));
#2183=DIRECTION('ref_axis',(1.,0.,0.));
#2184=DIRECTION('center_axis',(0.,0.,-1.));
#2185=DIRECTION('ref_axis',(1.,0.,0.));
#2186=DIRECTION('center_axis',(0.,0.,-1.));
#2187=DIRECTION('ref_axis',(1.,0.,0.));
#2188=DIRECTION('',(0.,0.,-1.));
#2189=DIRECTION('center_axis',(0.,0.,-1.));
#2190=DIRECTION('ref_axis',(1.,0.,0.));
#2191=DIRECTION('center_axis',(0.,0.,1.));
#2192=DIRECTION('ref_axis',(1.,0.,0.));
#2193=DIRECTION('center_axis',(0.,0.,-1.));
#2194=DIRECTION('ref_axis',(1.,0.,0.));
#2195=DIRECTION('center_axis',(0.,0.,-1.));
#2196=DIRECTION('ref_axis',(1.,0.,0.));
#2197=DIRECTION('',(0.,0.,-1.));
#2198=DIRECTION('center_axis',(0.,0.,-1.));
#2199=DIRECTION('ref_axis',(1.,0.,0.));
#2200=DIRECTION('center_axis',(0.,0.,1.));
#2201=DIRECTION('ref_axis',(1.,0.,0.));
#2202=DIRECTION('center_axis',(0.,0.,-1.));
#2203=DIRECTION('ref_axis',(1.,0.,0.));
#2204=DIRECTION('',(0.,0.,-1.));
#2205=DIRECTION('center_axis',(0.,0.,-1.));
#2206=DIRECTION('ref_axis',(1.,0.,0.));
#2207=DIRECTION('',(0.,0.,-1.));
#2208=DIRECTION('center_axis',(0.,0.,-1.));
#2209=DIRECTION('ref_axis',(1.,0.,0.));
#2210=DIRECTION('center_axis',(0.,0.,-1.));
#2211=DIRECTION('ref_axis',(-0.978874336760432,0.2044627908247,0.));
#2212=DIRECTION('',(0.,0.,1.));
#2213=DIRECTION('center_axis',(0.,0.,-1.));
#2214=DIRECTION('ref_axis',(1.,0.,0.));
#2215=DIRECTION('',(0.,0.,-1.));
#2216=DIRECTION('center_axis',(0.,0.,-1.));
#2217=DIRECTION('ref_axis',(1.,0.,0.));
#2218=DIRECTION('',(0.,0.,1.));
#2219=DIRECTION('center_axis',(0.,0.,-1.));
#2220=DIRECTION('ref_axis',(1.,0.,0.));
#2221=DIRECTION('center_axis',(0.,0.,-1.));
#2222=DIRECTION('ref_axis',(1.,0.,0.));
#2223=DIRECTION('',(0.,0.,1.));
#2224=DIRECTION('center_axis',(0.,0.,-1.));
#2225=DIRECTION('ref_axis',(1.,0.,0.));
#2226=DIRECTION('center_axis',(0.,0.,-1.));
#2227=DIRECTION('ref_axis',(1.,0.,0.));
#2228=DIRECTION('',(0.,0.,-1.));
#2229=DIRECTION('center_axis',(0.,0.,-1.));
#2230=DIRECTION('ref_axis',(1.,0.,0.));
#2231=DIRECTION('center_axis',(0.,0.,-1.));
#2232=DIRECTION('ref_axis',(1.,0.,0.));
#2233=DIRECTION('',(0.,0.,-1.));
#2234=DIRECTION('center_axis',(0.,0.,-1.));
#2235=DIRECTION('ref_axis',(1.,0.,0.));
#2236=DIRECTION('center_axis',(0.,0.,-1.));
#2237=DIRECTION('ref_axis',(1.,0.,0.));
#2238=DIRECTION('center_axis',(0.,0.,-1.));
#2239=DIRECTION('ref_axis',(1.,0.,0.));
#2240=DIRECTION('',(0.,0.,1.));
#2241=DIRECTION('center_axis',(0.,0.,-1.));
#2242=DIRECTION('ref_axis',(1.,0.,0.));
#2243=DIRECTION('',(0.,0.,-1.));
#2244=DIRECTION('center_axis',(0.,0.,-1.));
#2245=DIRECTION('ref_axis',(1.,0.,0.));
#2246=DIRECTION('center_axis',(0.,0.,-1.));
#2247=DIRECTION('ref_axis',(1.,0.,0.));
#2248=DIRECTION('',(0.,0.,1.));
#2249=DIRECTION('center_axis',(0.,0.,-1.));
#2250=DIRECTION('ref_axis',(1.,0.,0.));
#2251=DIRECTION('',(0.,0.,-1.));
#2252=DIRECTION('center_axis',(0.,0.,-1.));
#2253=DIRECTION('ref_axis',(1.,0.,0.));
#2254=DIRECTION('',(0.,0.,-1.));
#2255=DIRECTION('center_axis',(0.,0.,-1.));
#2256=DIRECTION('ref_axis',(1.,0.,0.));
#2257=DIRECTION('center_axis',(0.,0.,-1.));
#2258=DIRECTION('ref_axis',(1.,0.,0.));
#2259=DIRECTION('center_axis',(0.,0.,-1.));
#2260=DIRECTION('ref_axis',(1.,0.,0.));
#2261=DIRECTION('center_axis',(0.,0.,-1.));
#2262=DIRECTION('ref_axis',(1.,0.,0.));
#2263=DIRECTION('',(0.,0.,-1.));
#2264=DIRECTION('center_axis',(0.,0.,-1.));
#2265=DIRECTION('ref_axis',(1.,0.,0.));
#2266=DIRECTION('',(0.,0.,-1.));
#2267=DIRECTION('center_axis',(0.,0.,-1.));
#2268=DIRECTION('ref_axis',(1.,0.,0.));
#2269=DIRECTION('',(0.,0.,-1.));
#2270=DIRECTION('center_axis',(0.,0.,-1.));
#2271=DIRECTION('ref_axis',(1.,0.,0.));
#2272=DIRECTION('center_axis',(0.,0.,-1.));
#2273=DIRECTION('ref_axis',(1.,0.,0.));
#2274=DIRECTION('',(0.,0.,1.));
#2275=DIRECTION('center_axis',(0.,0.,-1.));
#2276=DIRECTION('ref_axis',(1.,0.,0.));
#2277=DIRECTION('',(0.,0.,-1.));
#2278=DIRECTION('center_axis',(0.,0.,-1.));
#2279=DIRECTION('ref_axis',(1.,0.,0.));
#2280=DIRECTION('center_axis',(0.,0.,-1.));
#2281=DIRECTION('ref_axis',(1.,0.,0.));
#2282=DIRECTION('center_axis',(0.,0.,-1.));
#2283=DIRECTION('ref_axis',(-0.903395245632557,-0.428808850384984,0.));
#2284=DIRECTION('center_axis',(0.,0.,-1.));
#2285=DIRECTION('ref_axis',(1.,0.,0.));
#2286=DIRECTION('',(0.,0.,-1.));
#2287=DIRECTION('center_axis',(0.,0.,-1.));
#2288=DIRECTION('ref_axis',(1.,0.,0.));
#2289=DIRECTION('',(0.,0.,-1.));
#2290=DIRECTION('center_axis',(0.,0.,-1.));
#2291=DIRECTION('ref_axis',(1.,0.,0.));
#2292=DIRECTION('center_axis',(0.,0.,-1.));
#2293=DIRECTION('ref_axis',(-0.633393972361354,-0.773829487533465,0.));
#2294=DIRECTION('center_axis',(0.,0.,-1.));
#2295=DIRECTION('ref_axis',(1.,0.,0.));
#2296=DIRECTION('center_axis',(0.,0.,-1.));
#2297=DIRECTION('ref_axis',(1.,0.,0.));
#2298=DIRECTION('center_axis',(0.,0.,-1.));
#2299=DIRECTION('ref_axis',(1.,0.,0.));
#2300=DIRECTION('',(0.,0.,-1.));
#2301=DIRECTION('center_axis',(0.,0.,-1.));
#2302=DIRECTION('ref_axis',(1.,0.,0.));
#2303=DIRECTION('',(0.,0.,1.));
#2304=DIRECTION('center_axis',(0.,0.,-1.));
#2305=DIRECTION('ref_axis',(1.,0.,0.));
#2306=DIRECTION('',(0.,0.,-1.));
#2307=DIRECTION('center_axis',(0.,0.,-1.));
#2308=DIRECTION('ref_axis',(1.,0.,0.));
#2309=DIRECTION('center_axis',(0.,0.,-1.));
#2310=DIRECTION('ref_axis',(1.,0.,0.));
#2311=DIRECTION('center_axis',(0.,0.,-1.));
#2312=DIRECTION('ref_axis',(1.,0.,0.));
#2313=DIRECTION('',(0.,0.,1.));
#2314=DIRECTION('center_axis',(0.,0.,-1.));
#2315=DIRECTION('ref_axis',(1.,0.,0.));
#2316=DIRECTION('center_axis',(0.,1.,0.));
#2317=DIRECTION('ref_axis',(-1.,0.,0.));
#2318=DIRECTION('',(1.,0.,0.));
#2319=DIRECTION('',(-1.,0.,0.));
#2320=DIRECTION('',(0.,0.,1.));
#2321=DIRECTION('',(-1.,0.,0.));
#2322=DIRECTION('',(0.,0.,1.));
#2323=DIRECTION('',(-1.,0.,0.));
#2324=DIRECTION('center_axis',(-1.,0.,0.));
#2325=DIRECTION('ref_axis',(0.,-1.,0.));
#2326=DIRECTION('',(0.,1.,0.));
#2327=DIRECTION('',(0.,-1.,0.));
#2328=DIRECTION('',(0.,0.,1.));
#2329=DIRECTION('',(0.,-1.,0.));
#2330=DIRECTION('',(0.,0.,1.));
#2331=DIRECTION('',(0.,-1.,0.));
#2332=DIRECTION('center_axis',(0.,0.,1.));
#2333=DIRECTION('ref_axis',(1.,0.,0.));
#2334=DIRECTION('center_axis',(0.,0.,-1.));
#2335=DIRECTION('ref_axis',(1.,0.,0.));
#2336=DIRECTION('',(1.,0.,0.));
#2337=DIRECTION('',(0.707106781186547,0.707106781186547,0.));
#2338=DIRECTION('',(0.,1.,0.));
#2339=DIRECTION('',(-0.707106781186547,0.707106781186547,0.));
#2340=DIRECTION('center_axis',(0.,0.,1.));
#2341=DIRECTION('ref_axis',(1.,0.,0.));
#2342=DIRECTION('',(0.707106781186547,-0.707106781186547,0.));
#2343=DIRECTION('',(1.,0.,0.));
#2344=DIRECTION('center_axis',(0.,0.,-1.));
#2345=DIRECTION('ref_axis',(1.,0.,0.));
#2346=DIRECTION('center_axis',(0.,0.,-1.));
#2347=DIRECTION('ref_axis',(1.,0.,0.));
#2348=DIRECTION('center_axis',(0.,0.,-1.));
#2349=DIRECTION('ref_axis',(1.,0.,0.));
#2350=DIRECTION('center_axis',(0.,0.,-1.));
#2351=DIRECTION('ref_axis',(1.,0.,0.));
#2352=DIRECTION('center_axis',(0.,0.,-1.));
#2353=DIRECTION('ref_axis',(1.,0.,0.));
#2354=DIRECTION('center_axis',(0.,0.,-1.));
#2355=DIRECTION('ref_axis',(1.,0.,0.));
#2356=DIRECTION('center_axis',(0.,0.,-1.));
#2357=DIRECTION('ref_axis',(1.,0.,0.));
#2358=DIRECTION('center_axis',(0.,0.,-1.));
#2359=DIRECTION('ref_axis',(1.,0.,0.));
#2360=DIRECTION('center_axis',(0.,0.,1.));
#2361=DIRECTION('ref_axis',(1.,0.,0.));
#2362=DIRECTION('center_axis',(0.,0.,1.));
#2363=DIRECTION('ref_axis',(1.,0.,0.));
#2364=DIRECTION('center_axis',(0.,0.,-1.));
#2365=DIRECTION('ref_axis',(1.,0.,0.));
#2366=DIRECTION('center_axis',(0.,0.,1.));
#2367=DIRECTION('ref_axis',(1.,0.,0.));
#2368=DIRECTION('center_axis',(0.,0.,-1.));
#2369=DIRECTION('ref_axis',(1.,0.,0.));
#2370=DIRECTION('center_axis',(0.,0.,-1.));
#2371=DIRECTION('ref_axis',(1.,0.,0.));
#2372=DIRECTION('center_axis',(0.,0.,-1.));
#2373=DIRECTION('ref_axis',(1.,0.,0.));
#2374=DIRECTION('center_axis',(0.,0.,-1.));
#2375=DIRECTION('ref_axis',(-0.876726718969643,0.480988835883666,0.));
#2376=DIRECTION('center_axis',(0.,0.,-1.));
#2377=DIRECTION('ref_axis',(1.,0.,0.));
#2378=DIRECTION('center_axis',(0.,0.,-1.));
#2379=DIRECTION('ref_axis',(-0.998773170305185,-0.049519231400835,0.));
#2380=DIRECTION('center_axis',(0.,0.,1.));
#2381=DIRECTION('ref_axis',(1.,0.,0.));
#2382=DIRECTION('',(-1.,0.,0.));
#2383=DIRECTION('center_axis',(0.,0.,1.));
#2384=DIRECTION('ref_axis',(1.,0.,0.));
#2385=DIRECTION('',(-0.707106781186547,-0.707106781186547,0.));
#2386=DIRECTION('center_axis',(0.,1.,0.));
#2387=DIRECTION('ref_axis',(1.,0.,0.));
#2388=DIRECTION('',(-1.,0.,0.));
#2389=DIRECTION('',(0.,0.,-1.));
#2390=DIRECTION('',(0.,0.,-1.));
#2391=DIRECTION('center_axis',(-1.,0.,0.));
#2392=DIRECTION('ref_axis',(0.,1.,0.));
#2393=DIRECTION('',(0.,-1.,0.));
#2394=DIRECTION('',(0.,0.,-1.));
#2395=DIRECTION('center_axis',(0.,-1.,0.));
#2396=DIRECTION('ref_axis',(-1.,0.,0.));
#2397=DIRECTION('',(1.,0.,0.));
#2398=DIRECTION('',(0.,0.,-1.));
#2399=DIRECTION('center_axis',(1.,0.,0.));
#2400=DIRECTION('ref_axis',(0.,-1.,0.));
#2401=DIRECTION('',(0.,1.,0.));
#2402=DIRECTION('center_axis',(0.,0.,-1.));
#2403=DIRECTION('ref_axis',(1.,0.,0.));
#2404=DIRECTION('',(0.,0.,-1.));
#2405=DIRECTION('center_axis',(0.,0.,1.));
#2406=DIRECTION('ref_axis',(1.,0.,0.));
#2407=DIRECTION('center_axis',(0.,0.,-1.));
#2408=DIRECTION('ref_axis',(1.,0.,0.));
#2409=DIRECTION('',(0.,0.,-1.));
#2410=DIRECTION('center_axis',(0.,0.,1.));
#2411=DIRECTION('ref_axis',(1.,0.,0.));
#2412=DIRECTION('center_axis',(0.,0.,-1.));
#2413=DIRECTION('ref_axis',(1.,0.,0.));
#2414=DIRECTION('',(0.,0.,-1.));
#2415=DIRECTION('center_axis',(0.,0.,1.));
#2416=DIRECTION('ref_axis',(1.,0.,0.));
#2417=DIRECTION('center_axis',(0.,1.,0.));
#2418=DIRECTION('ref_axis',(1.,0.,0.));
#2419=DIRECTION('',(-1.,0.,0.));
#2420=DIRECTION('',(0.,0.,-1.));
#2421=DIRECTION('',(0.,0.,-1.));
#2422=DIRECTION('center_axis',(-1.,0.,0.));
#2423=DIRECTION('ref_axis',(0.,1.,0.));
#2424=DIRECTION('',(0.,-1.,0.));
#2425=DIRECTION('',(0.,0.,-1.));
#2426=DIRECTION('center_axis',(0.,-1.,0.));
#2427=DIRECTION('ref_axis',(-1.,0.,0.));
#2428=DIRECTION('',(1.,0.,0.));
#2429=DIRECTION('',(0.,0.,-1.));
#2430=DIRECTION('center_axis',(1.,0.,0.));
#2431=DIRECTION('ref_axis',(0.,-1.,0.));
#2432=DIRECTION('',(0.,1.,0.));
#2433=DIRECTION('center_axis',(1.,0.,0.));
#2434=DIRECTION('ref_axis',(0.,1.,0.));
#2435=DIRECTION('',(0.,1.,0.));
#2436=DIRECTION('',(0.,0.,1.));
#2437=DIRECTION('',(0.,0.,1.));
#2438=DIRECTION('center_axis',(0.707106781186548,-0.707106781186548,0.));
#2439=DIRECTION('ref_axis',(0.707106781186548,0.707106781186548,0.));
#2440=DIRECTION('',(0.707106781186547,0.707106781186547,0.));
#2441=DIRECTION('',(0.,0.,1.));
#2442=DIRECTION('center_axis',(0.,-1.,0.));
#2443=DIRECTION('ref_axis',(1.,0.,0.));
#2444=DIRECTION('',(0.,0.,1.));
#2445=DIRECTION('',(1.,0.,0.));
#2446=DIRECTION('center_axis',(-0.707106781186548,-0.707106781186548,0.));
#2447=DIRECTION('ref_axis',(0.707106781186548,-0.707106781186548,0.));
#2448=DIRECTION('',(0.707106781186547,-0.707106781186547,0.));
#2449=DIRECTION('center_axis',(-0.707106781186548,0.707106781186548,0.));
#2450=DIRECTION('ref_axis',(-0.707106781186548,-0.707106781186548,0.));
#2451=DIRECTION('',(-0.707106781186547,-0.707106781186547,0.));
#2452=DIRECTION('center_axis',(0.707106781186548,0.707106781186548,0.));
#2453=DIRECTION('ref_axis',(-0.707106781186548,0.707106781186548,0.));
#2454=DIRECTION('',(-0.707106781186547,0.707106781186547,0.));
#2455=DIRECTION('center_axis',(0.,0.,1.));
#2456=DIRECTION('ref_axis',(1.,0.,0.));
#2457=CARTESIAN_POINT('',(0.,0.,0.));
#2458=CARTESIAN_POINT('Origin',(-13.335,-41.802,12.5));
#2459=CARTESIAN_POINT('',(-15.235,-41.802,12.5));
#2460=CARTESIAN_POINT('Origin',(-13.335,-41.802,12.5));
#2461=CARTESIAN_POINT('',(-15.235,-41.802,0.));
#2462=CARTESIAN_POINT('',(-15.235,-41.802,12.5));
#2463=CARTESIAN_POINT('Origin',(-13.335,-41.802,0.));
#2464=CARTESIAN_POINT('Origin',(-30.179,-27.668,12.5));
#2465=CARTESIAN_POINT('',(-32.079,-27.668,12.5));
#2466=CARTESIAN_POINT('Origin',(-30.179,-27.668,12.5));
#2467=CARTESIAN_POINT('',(-32.079,-27.668,0.));
#2468=CARTESIAN_POINT('',(-32.079,-27.668,12.5));
#2469=CARTESIAN_POINT('Origin',(-30.179,-27.668,0.));
#2470=CARTESIAN_POINT('Origin',(-39.075,-11.852,12.5));
#2471=CARTESIAN_POINT('',(-40.975,-11.852,12.5));
#2472=CARTESIAN_POINT('Origin',(-39.075,-11.852,12.5));
#2473=CARTESIAN_POINT('',(-40.975,-11.852,0.));
#2474=CARTESIAN_POINT('',(-40.975,-11.852,12.5));
#2475=CARTESIAN_POINT('Origin',(-39.075,-11.852,0.));
#2476=CARTESIAN_POINT('Origin',(-11.654,39.242,12.5));
#2477=CARTESIAN_POINT('',(-13.554,39.242,12.5));
#2478=CARTESIAN_POINT('Origin',(-11.654,39.242,12.5));
#2479=CARTESIAN_POINT('',(-13.554,39.242,0.));
#2480=CARTESIAN_POINT('',(-13.554,39.242,12.5));
#2481=CARTESIAN_POINT('Origin',(-11.654,39.242,0.));
#2482=CARTESIAN_POINT('Origin',(-47.926,0.0739999999999981,12.5));
#2483=CARTESIAN_POINT('',(-49.826,0.0739999999999978,12.5));
#2484=CARTESIAN_POINT('Origin',(-47.926,0.0739999999999981,12.5));
#2485=CARTESIAN_POINT('',(-49.826,0.0739999999999978,0.));
#2486=CARTESIAN_POINT('',(-49.826,0.0739999999999983,12.5));
#2487=CARTESIAN_POINT('Origin',(-47.926,0.0739999999999981,0.));
#2488=CARTESIAN_POINT('Origin',(-0.242000000000004,48.689,12.5));
#2489=CARTESIAN_POINT('',(-2.142,48.689,12.5));
#2490=CARTESIAN_POINT('Origin',(-0.242000000000004,48.689,12.5));
#2491=CARTESIAN_POINT('',(-2.142,48.689,0.));
#2492=CARTESIAN_POINT('',(-2.142,48.689,12.5));
#2493=CARTESIAN_POINT('Origin',(-0.242000000000004,48.689,0.));
#2494=CARTESIAN_POINT('Origin',(-28.209,-42.413,12.5));
#2495=CARTESIAN_POINT('',(-30.109,-42.413,12.5));
#2496=CARTESIAN_POINT('Origin',(-28.209,-42.413,12.5));
#2497=CARTESIAN_POINT('',(-30.109,-42.413,0.));
#2498=CARTESIAN_POINT('',(-30.109,-42.413,12.5));
#2499=CARTESIAN_POINT('Origin',(-28.209,-42.413,0.));
#2500=CARTESIAN_POINT('Origin',(-0.322000000000003,-48.909,12.5));
#2501=CARTESIAN_POINT('',(-2.222,-48.909,12.5));
#2502=CARTESIAN_POINT('Origin',(-0.322000000000003,-48.909,12.5));
#2503=CARTESIAN_POINT('',(-2.222,-48.909,0.));
#2504=CARTESIAN_POINT('',(-2.222,-48.909,12.5));
#2505=CARTESIAN_POINT('Origin',(-0.322000000000003,-48.909,0.));
#2506=CARTESIAN_POINT('Origin',(-0.322000000000003,-48.909,10.5));
#2507=CARTESIAN_POINT('',(-3.322,-48.909,12.5));
#2508=CARTESIAN_POINT('Origin',(-0.322000000000003,-48.909,12.5));
#2509=CARTESIAN_POINT('',(-3.322,-48.909,10.5));
#2510=CARTESIAN_POINT('',(-3.322,-48.909,10.5));
#2511=CARTESIAN_POINT('Origin',(-0.322000000000003,-48.909,10.5));
#2512=CARTESIAN_POINT('Origin',(-0.322000000000003,-48.909,12.5));
#2513=CARTESIAN_POINT('Origin',(-28.209,-42.413,10.5));
#2514=CARTESIAN_POINT('',(-31.209,-42.413,12.5));
#2515=CARTESIAN_POINT('Origin',(-28.209,-42.413,12.5));
#2516=CARTESIAN_POINT('',(-31.209,-42.413,10.5));
#2517=CARTESIAN_POINT('',(-31.209,-42.413,10.5));
#2518=CARTESIAN_POINT('Origin',(-28.209,-42.413,10.5));
#2519=CARTESIAN_POINT('Origin',(-28.209,-42.413,12.5));
#2520=CARTESIAN_POINT('Origin',(-0.242000000000004,48.689,10.5));
#2521=CARTESIAN_POINT('',(-3.242,48.689,12.5));
#2522=CARTESIAN_POINT('Origin',(-0.242000000000004,48.689,12.5));
#2523=CARTESIAN_POINT('',(-3.242,48.689,10.5));
#2524=CARTESIAN_POINT('',(-3.242,48.689,10.5));
#2525=CARTESIAN_POINT('Origin',(-0.242000000000004,48.689,10.5));
#2526=CARTESIAN_POINT('Origin',(-0.242000000000004,48.689,12.5));
#2527=CARTESIAN_POINT('Origin',(-47.926,0.0739999999999981,10.5));
#2528=CARTESIAN_POINT('',(-50.926,0.0739999999999977,12.5));
#2529=CARTESIAN_POINT('Origin',(-47.926,0.0739999999999981,12.5));
#2530=CARTESIAN_POINT('',(-50.926,0.0739999999999977,10.5));
#2531=CARTESIAN_POINT('',(-50.926,0.0739999999999977,10.5));
#2532=CARTESIAN_POINT('Origin',(-47.926,0.0739999999999981,10.5));
#2533=CARTESIAN_POINT('Origin',(-47.926,0.073999999999998,12.5));
#2534=CARTESIAN_POINT('Origin',(-11.654,39.242,10.5));
#2535=CARTESIAN_POINT('',(-14.654,39.242,12.5));
#2536=CARTESIAN_POINT('Origin',(-11.654,39.242,12.5));
#2537=CARTESIAN_POINT('',(-14.654,39.242,10.5));
#2538=CARTESIAN_POINT('',(-14.654,39.242,10.5));
#2539=CARTESIAN_POINT('Origin',(-11.654,39.242,10.5));
#2540=CARTESIAN_POINT('Origin',(-11.654,39.242,12.5));
#2541=CARTESIAN_POINT('Origin',(-39.075,-11.852,10.5));
#2542=CARTESIAN_POINT('',(-42.075,-11.852,12.5));
#2543=CARTESIAN_POINT('Origin',(-39.075,-11.852,12.5));
#2544=CARTESIAN_POINT('',(-42.075,-11.852,10.5));
#2545=CARTESIAN_POINT('',(-42.075,-11.852,10.5));
#2546=CARTESIAN_POINT('Origin',(-39.075,-11.852,10.5));
#2547=CARTESIAN_POINT('Origin',(-39.075,-11.852,12.5));
#2548=CARTESIAN_POINT('Origin',(-30.179,-27.668,10.5));
#2549=CARTESIAN_POINT('',(-33.179,-27.668,12.5));
#2550=CARTESIAN_POINT('Origin',(-30.179,-27.668,12.5));
#2551=CARTESIAN_POINT('',(-33.179,-27.668,10.5));
#2552=CARTESIAN_POINT('',(-33.179,-27.668,10.5));
#2553=CARTESIAN_POINT('Origin',(-30.179,-27.668,10.5));
#2554=CARTESIAN_POINT('Origin',(-30.179,-27.668,12.5));
#2555=CARTESIAN_POINT('Origin',(-13.335,-41.802,10.5));
#2556=CARTESIAN_POINT('',(-16.335,-41.802,12.5));
#2557=CARTESIAN_POINT('Origin',(-13.335,-41.802,12.5));
#2558=CARTESIAN_POINT('',(-16.335,-41.802,10.5));
#2559=CARTESIAN_POINT('',(-16.335,-41.802,10.5));
#2560=CARTESIAN_POINT('Origin',(-13.335,-41.802,10.5));
#2561=CARTESIAN_POINT('Origin',(-13.335,-41.802,12.5));
#2562=CARTESIAN_POINT('Origin',(-7.03477852884833,-13.8231307615191,18.));
#2563=CARTESIAN_POINT('',(-8.58477852884833,-13.8231307615191,18.));
#2564=CARTESIAN_POINT('Origin',(-7.03477852884833,-13.8231307615191,18.));
#2565=CARTESIAN_POINT('',(-8.58477852884833,-13.8231307615191,15.));
#2566=CARTESIAN_POINT('',(-8.58477852884833,-13.8231307615191,18.));
#2567=CARTESIAN_POINT('Origin',(-7.03477852884833,-13.8231307615191,15.));
#2568=CARTESIAN_POINT('Origin',(-7.03477852884833,-13.8231307615191,15.));
#2569=CARTESIAN_POINT('Origin',(-8.30607114464672,12.3476763862707,18.));
#2570=CARTESIAN_POINT('',(-9.85607114464672,12.3476763862707,18.));
#2571=CARTESIAN_POINT('Origin',(-8.30607114464672,12.3476763862707,18.));
#2572=CARTESIAN_POINT('',(-9.85607114464672,12.3476763862707,15.));
#2573=CARTESIAN_POINT('',(-9.85607114464672,12.3476763862707,18.));
#2574=CARTESIAN_POINT('Origin',(-8.30607114464672,12.3476763862707,15.));
#2575=CARTESIAN_POINT('Origin',(-8.30607114464672,12.3476763862707,15.));
#2576=CARTESIAN_POINT('Origin',(-15.1810764914904,19.2301633263869,3.));
#2577=CARTESIAN_POINT('',(-14.2431678767501,18.3473621492223,3.));
#2578=CARTESIAN_POINT('',(-14.2431678767501,18.3473621492223,18.));
#2579=CARTESIAN_POINT('',(-14.2431678767501,18.3473621492223,10.5));
#2580=CARTESIAN_POINT('',(-12.9335432049619,17.1146853364409,3.));
#2581=CARTESIAN_POINT('',(-6.35753416453901,10.9250540326092,3.));
#2582=CARTESIAN_POINT('',(-12.9335432049619,17.1146853364409,18.));
#2583=CARTESIAN_POINT('',(-12.9335432049619,17.1146853364409,3.));
#2584=CARTESIAN_POINT('',(-12.9335432049619,17.1146853364409,18.));
#2585=CARTESIAN_POINT('Origin',(-22.7520064147956,10.0630909951049,3.));
#2586=CARTESIAN_POINT('',(-11.0274896535979,13.0063730532866,3.));
#2587=CARTESIAN_POINT('Origin',(-22.7520064147956,10.0630909951049,3.));
#2588=CARTESIAN_POINT('',(-11.0274896535979,13.0063730532866,18.));
#2589=CARTESIAN_POINT('',(-11.0274896535979,13.0063730532866,3.));
#2590=CARTESIAN_POINT('Origin',(-22.7520064147956,10.0630909951049,18.));
#2591=CARTESIAN_POINT('Origin',(-10.6041356967467,18.6835794248581,3.));
#2592=CARTESIAN_POINT('',(-10.8828752199025,20.5196626665263,18.));
#2593=CARTESIAN_POINT('',(-10.8828752199025,20.5196626665263,3.));
#2594=CARTESIAN_POINT('',(-10.8828752199025,20.5196626665263,10.5));
#2595=CARTESIAN_POINT('',(-10.6041356967467,18.6835794248581,18.));
#2596=CARTESIAN_POINT('',(-10.6041356967467,18.6835794248581,18.));
#2597=CARTESIAN_POINT('',(-10.6041356967467,18.6835794248581,3.));
#2598=CARTESIAN_POINT('',(-10.6041356967467,18.6835794248581,3.));
#2599=CARTESIAN_POINT('',(-9.09844494772839,8.76545400042048,3.));
#2600=CARTESIAN_POINT('Origin',(-3.26006833867676,21.8337935762002,3.));
#2601=CARTESIAN_POINT('',(-7.39405046631231,14.9949803511169,3.));
#2602=CARTESIAN_POINT('Origin',(-3.26006833867676,21.8337935762002,3.));
#2603=CARTESIAN_POINT('',(-7.39405046631231,14.9949803511169,18.));
#2604=CARTESIAN_POINT('Origin',(-3.26006833867676,21.8337935762002,18.));
#2605=CARTESIAN_POINT('',(-7.39405046631231,14.9949803511169,3.));
#2606=CARTESIAN_POINT('Origin',(-8.30607114464672,12.3476763862707,3.));
#2607=CARTESIAN_POINT('Origin',(-8.30607114464672,12.3476763862707,3.));
#2608=CARTESIAN_POINT('Origin',(-8.30607114464672,12.3476763862707,18.));
#2609=CARTESIAN_POINT('Origin',(0.,0.,18.));
#2610=CARTESIAN_POINT('',(-24.925,-3.05243214687478E-15,18.));
#2611=CARTESIAN_POINT('Origin',(0.,0.,18.));
#2612=CARTESIAN_POINT('',(-9.15979726070418,-21.3445928315064,18.));
#2613=CARTESIAN_POINT('Origin',(0.,0.,18.));
#2614=CARTESIAN_POINT('',(-8.73159154662401,-19.682762028306,18.));
#2615=CARTESIAN_POINT('',(-8.73159154662401,-19.682762028306,18.));
#2616=CARTESIAN_POINT('',(-6.62169163032485,-16.5924915567692,18.));
#2617=CARTESIAN_POINT('Origin',(3.22569850029594,-25.5812621159279,18.));
#2618=CARTESIAN_POINT('',(-9.65440743603641,-14.8118392062208,18.));
#2619=CARTESIAN_POINT('Origin',(-7.03477852884833,-13.8231307615191,18.));
#2620=CARTESIAN_POINT('',(-11.1997869474998,-18.3497247208402,18.));
#2621=CARTESIAN_POINT('Origin',(-17.7051280204881,-13.4016740811453,18.));
#2622=CARTESIAN_POINT('',(-12.3584497084725,-19.6662718836885,18.));
#2623=CARTESIAN_POINT('',(-11.1997869474998,-18.3497247208402,18.));
#2624=CARTESIAN_POINT('Origin',(0.,0.,18.));
#2625=CARTESIAN_POINT('Origin',(0.,0.,10.5));
#2626=CARTESIAN_POINT('',(-9.15979726070418,-21.3445928315064,3.));
#2627=CARTESIAN_POINT('Origin',(0.,0.,3.));
#2628=CARTESIAN_POINT('',(-9.15979726070418,-21.3445928315064,10.5));
#2629=CARTESIAN_POINT('Origin',(-11.1997869474998,-18.3497247208402,3.));
#2630=CARTESIAN_POINT('',(-12.3584497084725,-19.6662718836885,3.));
#2631=CARTESIAN_POINT('',(-12.3584497084725,-19.6662718836885,10.5));
#2632=CARTESIAN_POINT('',(-11.1997869474998,-18.3497247208402,3.));
#2633=CARTESIAN_POINT('',(-11.1997869474998,-18.3497247208402,3.));
#2634=CARTESIAN_POINT('',(-4.2053362855886,-10.4021799435392,3.));
#2635=CARTESIAN_POINT('Origin',(-17.7051280204881,-13.4016740811453,3.));
#2636=CARTESIAN_POINT('',(-9.65440743603641,-14.8118392062208,3.));
#2637=CARTESIAN_POINT('Origin',(-17.7051280204881,-13.4016740811453,3.));
#2638=CARTESIAN_POINT('',(-9.65440743603641,-14.8118392062208,3.));
#2639=CARTESIAN_POINT('Origin',(-7.03477852884833,-13.8231307615191,3.));
#2640=CARTESIAN_POINT('',(-6.62169163032485,-16.5924915567692,3.));
#2641=CARTESIAN_POINT('Origin',(-7.03477852884833,-13.8231307615191,3.));
#2642=CARTESIAN_POINT('',(-6.62169163032485,-16.5924915567692,3.));
#2643=CARTESIAN_POINT('Origin',(3.22569850029594,-25.5812621159279,3.));
#2644=CARTESIAN_POINT('',(-8.73159154662401,-19.682762028306,3.));
#2645=CARTESIAN_POINT('Origin',(3.22569850029594,-25.5812621159279,3.));
#2646=CARTESIAN_POINT('',(-8.73159154662401,-19.682762028306,3.));
#2647=CARTESIAN_POINT('Origin',(-9.48095435596271,-22.5909768381129,3.));
#2648=CARTESIAN_POINT('',(-6.45649957736442,-10.8533190986357,3.));
#2649=CARTESIAN_POINT('Origin',(0.,0.,3.));
#2650=CARTESIAN_POINT('Origin',(0.,0.,3.));
#2651=CARTESIAN_POINT('',(0.,13.93,3.));
#2652=CARTESIAN_POINT('',(12.,13.93,3.));
#2653=CARTESIAN_POINT('',(0.,13.93,3.));
#2654=CARTESIAN_POINT('',(12.,8.93,3.));
#2655=CARTESIAN_POINT('',(12.,6.965,3.));
#2656=CARTESIAN_POINT('',(0.,8.93,3.));
#2657=CARTESIAN_POINT('',(6.,8.93,3.));
#2658=CARTESIAN_POINT('',(0.,4.465,3.));
#2659=CARTESIAN_POINT('',(13.85,-9.,3.));
#2660=CARTESIAN_POINT('Origin',(15.,-9.,3.));
#2661=CARTESIAN_POINT('',(-5.7,-2.0818995585505E-16,3.));
#2662=CARTESIAN_POINT('Origin',(-4.,0.,3.));
#2663=CARTESIAN_POINT('',(-0.5,-6.12323399573677E-17,3.));
#2664=CARTESIAN_POINT('Origin',(0.,0.,3.));
#2665=CARTESIAN_POINT('',(0.,-8.93,3.));
#2666=CARTESIAN_POINT('',(11.,-8.93,3.));
#2667=CARTESIAN_POINT('',(0.,-8.93,3.));
#2668=CARTESIAN_POINT('',(11.,-13.93,3.));
#2669=CARTESIAN_POINT('',(11.,-4.465,3.));
#2670=CARTESIAN_POINT('',(0.,-13.93,3.));
#2671=CARTESIAN_POINT('',(5.5,-13.93,3.));
#2672=CARTESIAN_POINT('',(0.,-6.965,3.));
#2673=CARTESIAN_POINT('Origin',(0.,0.,3.));
#2674=CARTESIAN_POINT('',(-24.925,3.05243214687478E-15,10.5));
#2675=CARTESIAN_POINT('',(-24.925,-3.05243214687478E-15,3.));
#2676=CARTESIAN_POINT('Origin',(0.,0.,10.5));
#2677=CARTESIAN_POINT('Origin',(-42.4264068711929,-42.4264068711928,22.8));
#2678=CARTESIAN_POINT('',(-43.9764068711929,-42.4264068711928,22.8));
#2679=CARTESIAN_POINT('Origin',(-42.4264068711929,-42.4264068711928,22.8));
#2680=CARTESIAN_POINT('',(-43.9764068711929,-42.4264068711928,18.8));
#2681=CARTESIAN_POINT('',(-43.9764068711929,-42.4264068711928,22.8));
#2682=CARTESIAN_POINT('Origin',(-42.4264068711929,-42.4264068711928,18.8));
#2683=CARTESIAN_POINT('Origin',(-42.4264068711929,-42.4264068711928,18.8));
#2684=CARTESIAN_POINT('Origin',(-42.4264068711928,42.4264068711929,22.8));
#2685=CARTESIAN_POINT('',(-43.9764068711929,42.4264068711929,22.8));
#2686=CARTESIAN_POINT('Origin',(-42.4264068711928,42.4264068711929,22.8));
#2687=CARTESIAN_POINT('',(-43.9764068711929,42.4264068711929,18.8));
#2688=CARTESIAN_POINT('',(-43.9764068711929,42.4264068711929,22.8));
#2689=CARTESIAN_POINT('Origin',(-42.4264068711928,42.4264068711929,18.8));
#2690=CARTESIAN_POINT('Origin',(-42.4264068711928,42.4264068711929,18.8));
#2691=CARTESIAN_POINT('Origin',(42.4264068711929,42.4264068711928,22.8));
#2692=CARTESIAN_POINT('',(40.8764068711929,42.4264068711928,22.8));
#2693=CARTESIAN_POINT('Origin',(42.4264068711929,42.4264068711928,22.8));
#2694=CARTESIAN_POINT('',(40.8764068711929,42.4264068711928,18.8));
#2695=CARTESIAN_POINT('',(40.8764068711929,42.4264068711928,22.8));
#2696=CARTESIAN_POINT('Origin',(42.4264068711929,42.4264068711928,18.8));
#2697=CARTESIAN_POINT('Origin',(42.4264068711929,42.4264068711928,18.8));
#2698=CARTESIAN_POINT('Origin',(42.4264068711928,-42.4264068711929,22.8));
#2699=CARTESIAN_POINT('',(40.8764068711928,-42.4264068711929,22.8));
#2700=CARTESIAN_POINT('Origin',(42.4264068711928,-42.4264068711929,22.8));
#2701=CARTESIAN_POINT('',(40.8764068711928,-42.4264068711929,18.8));
#2702=CARTESIAN_POINT('',(40.8764068711928,-42.4264068711929,22.8));
#2703=CARTESIAN_POINT('Origin',(42.4264068711928,-42.4264068711929,18.8));
#2704=CARTESIAN_POINT('Origin',(42.4264068711928,-42.4264068711929,18.8));
#2705=CARTESIAN_POINT('Origin',(-11.654,39.242,22.8));
#2706=CARTESIAN_POINT('',(-0.804260027199383,33.4903443668268,18.6));
#2707=CARTESIAN_POINT('',(-0.804260027199396,33.4903443668268,10.5));
#2708=CARTESIAN_POINT('',(-0.804260027199396,33.4903443668268,22.8));
#2709=CARTESIAN_POINT('',(0.140933150963967,35.8246981455699,18.6));
#2710=CARTESIAN_POINT('Origin',(-11.654,39.242,18.6));
#2711=CARTESIAN_POINT('',(0.140933150963967,35.8246981455699,10.5));
#2712=CARTESIAN_POINT('',(0.140933150963967,35.8246981455699,22.8));
#2713=CARTESIAN_POINT('Origin',(-11.654,39.242,10.5));
#2714=CARTESIAN_POINT('Origin',(-11.654,39.242,22.8));
#2715=CARTESIAN_POINT('',(-17.6056970396256,28.500691776673,10.5));
#2716=CARTESIAN_POINT('',(-17.6056970396256,28.500691776673,18.6));
#2717=CARTESIAN_POINT('',(-17.6056970396256,28.500691776673,22.8));
#2718=CARTESIAN_POINT('',(-12.8084718190785,51.4676122472027,10.5));
#2719=CARTESIAN_POINT('Origin',(-11.654,39.242,10.5));
#2720=CARTESIAN_POINT('',(-12.8084718190785,51.4676122472027,22.8));
#2721=CARTESIAN_POINT('',(-12.8084718190785,51.4676122472027,22.8));
#2722=CARTESIAN_POINT('',(-22.6595772846634,44.689537850378,22.8));
#2723=CARTESIAN_POINT('Origin',(-11.654,39.242,22.8));
#2724=CARTESIAN_POINT('',(-22.6595772846634,44.689537850378,18.6));
#2725=CARTESIAN_POINT('',(-22.6595772846634,44.689537850378,22.8));
#2726=CARTESIAN_POINT('Origin',(-11.654,39.242,18.6));
#2727=CARTESIAN_POINT('Origin',(-0.242000000000004,48.689,22.8));
#2728=CARTESIAN_POINT('',(11.9021664596628,52.95,10.5));
#2729=CARTESIAN_POINT('',(11.9021664596628,52.95,22.8));
#2730=CARTESIAN_POINT('',(11.9021664596628,52.95,22.8));
#2731=CARTESIAN_POINT('Origin',(-0.242000000000004,48.689,10.5));
#2732=CARTESIAN_POINT('',(12.626446060846,48.4890100525113,18.6));
#2733=CARTESIAN_POINT('Origin',(-0.242000000000004,48.689,18.6));
#2734=CARTESIAN_POINT('',(12.626446060846,48.4890100525113,22.8));
#2735=CARTESIAN_POINT('',(12.626446060846,48.4890100525113,22.8));
#2736=CARTESIAN_POINT('Origin',(-0.242000000000004,48.689,22.8));
#2737=CARTESIAN_POINT('Origin',(-0.242000000000004,48.689,22.8));
#2738=CARTESIAN_POINT('',(-12.3861664596628,52.95,22.8));
#2739=CARTESIAN_POINT('',(-12.3861664596628,52.95,10.5));
#2740=CARTESIAN_POINT('',(-12.3861664596628,52.95,22.8));
#2741=CARTESIAN_POINT('Origin',(-0.242000000000004,48.689,22.8));
#2742=CARTESIAN_POINT('Origin',(-0.242000000000004,48.689,10.5));
#2743=CARTESIAN_POINT('Origin',(-13.335,-41.802,22.8));
#2744=CARTESIAN_POINT('',(-18.9004016926005,-52.95,10.5));
#2745=CARTESIAN_POINT('',(-18.9004016926005,-52.95,22.8));
#2746=CARTESIAN_POINT('',(-18.9004016926005,-52.95,22.8));
#2747=CARTESIAN_POINT('',(-23.8101006738472,-48.5491376058863,10.5));
#2748=CARTESIAN_POINT('Origin',(-13.335,-41.802,10.5));
#2749=CARTESIAN_POINT('',(-23.8101006738472,-48.5491376058863,22.8));
#2750=CARTESIAN_POINT('',(-23.8101006738472,-48.5491376058863,22.8));
#2751=CARTESIAN_POINT('Origin',(-13.335,-41.802,22.8));
#2752=CARTESIAN_POINT('Origin',(-47.926,0.0739999999999981,22.8));
#2753=CARTESIAN_POINT('',(-52.95,12.312967440107,10.5));
#2754=CARTESIAN_POINT('',(-52.95,12.312967440107,22.8));
#2755=CARTESIAN_POINT('',(-52.95,12.312967440107,22.8));
#2756=CARTESIAN_POINT('',(-34.6960257975921,0.0478733159074451,10.5));
#2757=CARTESIAN_POINT('Origin',(-47.926,0.0739999999999981,10.5));
#2758=CARTESIAN_POINT('',(-34.6960257975921,0.0478733159074451,18.6));
#2759=CARTESIAN_POINT('',(-34.6960257975921,0.0478733159074451,22.8));
#2760=CARTESIAN_POINT('',(-48.3090297206325,13.2984541752434,18.6));
#2761=CARTESIAN_POINT('Origin',(-47.926,0.0739999999999981,18.6));
#2762=CARTESIAN_POINT('',(-48.3090297206325,13.2984541752434,22.8));
#2763=CARTESIAN_POINT('',(-48.3090297206325,13.2984541752434,22.8));
#2764=CARTESIAN_POINT('Origin',(-47.926,0.0739999999999981,22.8));
#2765=CARTESIAN_POINT('Origin',(-39.075,-11.852,22.8));
#2766=CARTESIAN_POINT('',(-33.4967738392795,-0.464911131467677,18.6));
#2767=CARTESIAN_POINT('Origin',(-39.075,-11.852,18.6));
#2768=CARTESIAN_POINT('',(-33.4967738392795,-0.464911131467668,10.5));
#2769=CARTESIAN_POINT('Origin',(-39.075,-11.852,10.5));
#2770=CARTESIAN_POINT('',(-33.4967738392795,-0.464911131467668,22.8));
#2771=CARTESIAN_POINT('Origin',(-47.926,0.0739999999999981,22.8));
#2772=CARTESIAN_POINT('',(-52.95,-12.164967440107,22.8));
#2773=CARTESIAN_POINT('',(-52.95,-12.164967440107,10.5));
#2774=CARTESIAN_POINT('',(-52.95,-12.164967440107,22.8));
#2775=CARTESIAN_POINT('',(-51.7331314304751,-12.5963847720221,22.8));
#2776=CARTESIAN_POINT('Origin',(-47.926,0.0739999999999981,22.8));
#2777=CARTESIAN_POINT('',(-51.7331314304751,-12.5963847720221,10.5));
#2778=CARTESIAN_POINT('',(-51.7331314304751,-12.5963847720221,22.8));
#2779=CARTESIAN_POINT('Origin',(-47.926,0.0739999999999981,10.5));
#2780=CARTESIAN_POINT('Origin',(-39.075,-11.852,22.8));
#2781=CARTESIAN_POINT('',(-44.3045535686243,-23.4033708914955,18.6));
#2782=CARTESIAN_POINT('',(-44.3045535686243,-23.4033708914955,22.8));
#2783=CARTESIAN_POINT('',(-44.3045535686243,-23.4033708914955,22.8));
#2784=CARTESIAN_POINT('',(-42.3087022018983,-24.1127328520541,18.6));
#2785=CARTESIAN_POINT('Origin',(-39.075,-11.852,18.6));
#2786=CARTESIAN_POINT('',(-42.3087022018983,-24.1127328520541,10.5));
#2787=CARTESIAN_POINT('',(-42.3087022018983,-24.1127328520541,22.8));
#2788=CARTESIAN_POINT('Origin',(-39.075,-11.852,10.5));
#2789=CARTESIAN_POINT('Origin',(-39.075,-11.852,22.8));
#2790=CARTESIAN_POINT('Origin',(-30.179,-27.668,22.8));
#2791=CARTESIAN_POINT('',(-42.7297220495634,-26.1683413606414,18.6));
#2792=CARTESIAN_POINT('Origin',(-30.179,-27.668,18.6));
#2793=CARTESIAN_POINT('',(-42.7297220495634,-26.1683413606414,22.8));
#2794=CARTESIAN_POINT('',(-42.7297220495634,-26.1683413606414,22.8));
#2795=CARTESIAN_POINT('',(-35.0934486253576,-39.3135053436388,22.8));
#2796=CARTESIAN_POINT('Origin',(-30.179,-27.668,22.8));
#2797=CARTESIAN_POINT('',(-35.0934486253576,-39.3135053436388,10.5));
#2798=CARTESIAN_POINT('',(-35.0934486253576,-39.3135053436388,22.8));
#2799=CARTESIAN_POINT('Origin',(-30.179,-27.668,10.5));
#2800=CARTESIAN_POINT('Origin',(-28.209,-42.413,22.8));
#2801=CARTESIAN_POINT('Origin',(-28.209,-42.413,22.8));
#2802=CARTESIAN_POINT('Origin',(-28.209,-42.413,10.5));
#2803=CARTESIAN_POINT('Origin',(-0.322000000000003,-48.909,22.8));
#2804=CARTESIAN_POINT('',(13.249142877444,-52.95,22.8));
#2805=CARTESIAN_POINT('',(13.249142877444,-52.95,10.5));
#2806=CARTESIAN_POINT('',(13.249142877444,-52.95,22.8));
#2807=CARTESIAN_POINT('',(13.8183301094587,-48.1629005458146,22.8));
#2808=CARTESIAN_POINT('Origin',(-0.322000000000003,-48.909,22.8));
#2809=CARTESIAN_POINT('',(13.8183301094587,-48.1629005458146,18.6));
#2810=CARTESIAN_POINT('',(13.8183301094587,-48.1629005458146,22.8));
#2811=CARTESIAN_POINT('',(-2.90428243444108,-34.9864493203014,18.6));
#2812=CARTESIAN_POINT('Origin',(-0.322000000000003,-48.909,18.6));
#2813=CARTESIAN_POINT('',(-2.90428243444108,-34.9864493203014,10.5));
#2814=CARTESIAN_POINT('',(-2.90428243444108,-34.9864493203014,22.8));
#2815=CARTESIAN_POINT('Origin',(-0.322000000000003,-48.909,10.5));
#2816=CARTESIAN_POINT('Origin',(-13.335,-41.802,22.8));
#2817=CARTESIAN_POINT('',(-4.29879260382177,-33.2230399293822,18.6));
#2818=CARTESIAN_POINT('Origin',(-13.335,-41.802,18.6));
#2819=CARTESIAN_POINT('',(-4.29879260382177,-33.2230399293822,10.5));
#2820=CARTESIAN_POINT('',(-4.29879260382177,-33.2230399293822,22.8));
#2821=CARTESIAN_POINT('Origin',(-13.335,-41.802,10.5));
#2822=CARTESIAN_POINT('Origin',(45.1935028842544,52.95,0.));
#2823=CARTESIAN_POINT('',(19.7702514421272,52.95,10.5));
#2824=CARTESIAN_POINT('',(45.1935028842544,52.95,22.8));
#2825=CARTESIAN_POINT('',(45.1935028842544,52.95,22.8));
#2826=CARTESIAN_POINT('',(45.1935028842544,52.95,0.));
#2827=CARTESIAN_POINT('',(45.1935028842544,52.95,0.));
#2828=CARTESIAN_POINT('',(-45.1935028842544,52.95,0.));
#2829=CARTESIAN_POINT('',(45.1935028842544,52.95,0.));
#2830=CARTESIAN_POINT('',(-45.1935028842544,52.95,22.8));
#2831=CARTESIAN_POINT('',(-45.1935028842544,52.95,0.));
#2832=CARTESIAN_POINT('',(45.1935028842544,52.95,22.8));
#2833=CARTESIAN_POINT('Origin',(-52.95,45.1935028842544,0.));
#2834=CARTESIAN_POINT('',(-52.95,10.1555014421272,10.5));
#2835=CARTESIAN_POINT('',(-52.95,45.1935028842544,22.8));
#2836=CARTESIAN_POINT('',(-52.95,45.1935028842544,22.8));
#2837=CARTESIAN_POINT('',(-52.95,45.1935028842544,0.));
#2838=CARTESIAN_POINT('',(-52.95,45.1935028842544,0.));
#2839=CARTESIAN_POINT('',(-52.95,-45.1935028842544,0.));
#2840=CARTESIAN_POINT('',(-52.95,45.1935028842544,0.));
#2841=CARTESIAN_POINT('',(-52.95,-45.1935028842544,22.8));
#2842=CARTESIAN_POINT('',(-52.95,-45.1935028842544,0.));
#2843=CARTESIAN_POINT('',(-52.95,45.1935028842544,22.8));
#2844=CARTESIAN_POINT('Origin',(0.,0.,22.8));
#2845=CARTESIAN_POINT('Origin',(0.,0.,22.8));
#2846=CARTESIAN_POINT('',(45.1935028842544,-52.95,22.8));
#2847=CARTESIAN_POINT('',(-45.1935028842544,-52.95,22.8));
#2848=CARTESIAN_POINT('',(52.95,-45.1935028842544,22.8));
#2849=CARTESIAN_POINT('',(45.1935028842544,-52.95,22.8));
#2850=CARTESIAN_POINT('',(52.95,45.1935028842544,22.8));
#2851=CARTESIAN_POINT('',(52.95,-45.1935028842544,22.8));
#2852=CARTESIAN_POINT('',(52.95,45.1935028842544,22.8));
#2853=CARTESIAN_POINT('Origin',(0.,0.,22.8));
#2854=CARTESIAN_POINT('',(-45.1935028842544,-52.95,22.8));
#2855=CARTESIAN_POINT('',(-52.95,-45.1935028842544,22.8));
#2856=CARTESIAN_POINT('',(-45.1935028842544,-52.95,22.8));
#2857=CARTESIAN_POINT('Origin',(0.,0.,22.8));
#2858=CARTESIAN_POINT('Origin',(0.,0.,22.8));
#2859=CARTESIAN_POINT('Origin',(0.,0.,18.6));
#2860=CARTESIAN_POINT('Origin',(0.,0.,22.8));
#2861=CARTESIAN_POINT('Origin',(0.,0.,18.6));
#2862=CARTESIAN_POINT('Origin',(0.,0.,22.8));
#2863=CARTESIAN_POINT('Origin',(0.,0.,22.8));
#2864=CARTESIAN_POINT('Origin',(0.,0.,18.6));
#2865=CARTESIAN_POINT('Origin',(0.,0.,18.6));
#2866=CARTESIAN_POINT('Origin',(0.,0.,18.6));
#2867=CARTESIAN_POINT('Origin',(0.,0.,18.6));
#2868=CARTESIAN_POINT('Origin',(0.,0.,18.6));
#2869=CARTESIAN_POINT('Origin',(0.,0.,18.6));
#2870=CARTESIAN_POINT('Origin',(0.,0.,18.6));
#2871=CARTESIAN_POINT('Origin',(0.,0.,10.5));
#2872=CARTESIAN_POINT('Origin',(0.,0.,18.6));
#2873=CARTESIAN_POINT('Origin',(0.,0.,10.5));
#2874=CARTESIAN_POINT('Origin',(0.,0.,10.5));
#2875=CARTESIAN_POINT('Origin',(0.,0.,10.5));
#2876=CARTESIAN_POINT('',(-34.4262514421272,-52.95,10.5));
#2877=CARTESIAN_POINT('Origin',(0.,0.,22.8));
#2878=CARTESIAN_POINT('',(-45.1935028842544,52.95,22.8));
#2879=CARTESIAN_POINT('Origin',(0.,13.93,3.));
#2880=CARTESIAN_POINT('',(12.,13.93,0.));
#2881=CARTESIAN_POINT('',(0.,13.93,0.));
#2882=CARTESIAN_POINT('',(0.,13.93,0.));
#2883=CARTESIAN_POINT('',(12.,13.93,3.));
#2884=CARTESIAN_POINT('',(0.,13.93,3.));
#2885=CARTESIAN_POINT('Origin',(0.,8.93,3.));
#2886=CARTESIAN_POINT('',(0.,8.93,0.));
#2887=CARTESIAN_POINT('',(0.,4.465,0.));
#2888=CARTESIAN_POINT('',(0.,8.93,3.));
#2889=CARTESIAN_POINT('Origin',(12.,8.93,3.));
#2890=CARTESIAN_POINT('',(12.,8.93,0.));
#2891=CARTESIAN_POINT('',(6.,8.93,0.));
#2892=CARTESIAN_POINT('',(12.,8.93,3.));
#2893=CARTESIAN_POINT('Origin',(12.,13.93,3.));
#2894=CARTESIAN_POINT('',(12.,6.965,0.));
#2895=CARTESIAN_POINT('Origin',(15.,-9.,3.));
#2896=CARTESIAN_POINT('',(13.85,-9.,0.));
#2897=CARTESIAN_POINT('',(13.85,-9.,3.));
#2898=CARTESIAN_POINT('Origin',(15.,-9.,0.));
#2899=CARTESIAN_POINT('Origin',(-4.,0.,3.));
#2900=CARTESIAN_POINT('',(-5.7,-2.0818995585505E-16,0.));
#2901=CARTESIAN_POINT('',(-5.7,2.0818995585505E-16,3.));
#2902=CARTESIAN_POINT('Origin',(-4.,0.,0.));
#2903=CARTESIAN_POINT('Origin',(0.,0.,3.));
#2904=CARTESIAN_POINT('',(-0.5,-6.12323399573677E-17,0.));
#2905=CARTESIAN_POINT('',(-0.5,6.12323399573677E-17,3.));
#2906=CARTESIAN_POINT('Origin',(0.,0.,0.));
#2907=CARTESIAN_POINT('Origin',(0.,-8.93,3.));
#2908=CARTESIAN_POINT('',(11.,-8.93,0.));
#2909=CARTESIAN_POINT('',(0.,-8.93,0.));
#2910=CARTESIAN_POINT('',(0.,-8.93,0.));
#2911=CARTESIAN_POINT('',(11.,-8.93,3.));
#2912=CARTESIAN_POINT('',(0.,-8.93,3.));
#2913=CARTESIAN_POINT('Origin',(0.,-13.93,3.));
#2914=CARTESIAN_POINT('',(0.,-13.93,0.));
#2915=CARTESIAN_POINT('',(0.,-6.965,0.));
#2916=CARTESIAN_POINT('',(0.,-13.93,3.));
#2917=CARTESIAN_POINT('Origin',(11.,-13.93,3.));
#2918=CARTESIAN_POINT('',(11.,-13.93,0.));
#2919=CARTESIAN_POINT('',(5.5,-13.93,0.));
#2920=CARTESIAN_POINT('',(11.,-13.93,3.));
#2921=CARTESIAN_POINT('Origin',(11.,-8.93,3.));
#2922=CARTESIAN_POINT('',(11.,-4.465,0.));
#2923=CARTESIAN_POINT('Origin',(52.95,-45.1935028842544,0.));
#2924=CARTESIAN_POINT('',(52.95,-45.1935028842544,0.));
#2925=CARTESIAN_POINT('',(52.95,45.1935028842544,0.));
#2926=CARTESIAN_POINT('',(52.95,-45.1935028842544,0.));
#2927=CARTESIAN_POINT('',(52.95,45.1935028842544,0.));
#2928=CARTESIAN_POINT('',(52.95,-45.1935028842544,0.));
#2929=CARTESIAN_POINT('Origin',(45.1935028842544,-52.95,0.));
#2930=CARTESIAN_POINT('',(45.1935028842544,-52.95,0.));
#2931=CARTESIAN_POINT('',(45.1935028842544,-52.95,0.));
#2932=CARTESIAN_POINT('',(45.1935028842544,-52.95,0.));
#2933=CARTESIAN_POINT('Origin',(-45.1935028842544,-52.95,0.));
#2934=CARTESIAN_POINT('',(-45.1935028842544,-52.95,0.));
#2935=CARTESIAN_POINT('',(-45.1935028842544,-52.95,0.));
#2936=CARTESIAN_POINT('',(-45.1935028842544,-52.95,0.));
#2937=CARTESIAN_POINT('Origin',(-52.95,-45.1935028842544,0.));
#2938=CARTESIAN_POINT('',(-52.95,-45.1935028842544,0.));
#2939=CARTESIAN_POINT('Origin',(-45.1935028842544,52.95,0.));
#2940=CARTESIAN_POINT('',(-45.1935028842544,52.95,0.));
#2941=CARTESIAN_POINT('Origin',(52.95,45.1935028842544,0.));
#2942=CARTESIAN_POINT('',(52.95,45.1935028842544,0.));
#2943=CARTESIAN_POINT('Origin',(0.,0.,0.));
#2944=UNCERTAINTY_MEASURE_WITH_UNIT(LENGTH_MEASURE(0.01),#2948,
'DISTANCE_ACCURACY_VALUE',
'Maximum model space distance between geometric entities at asserted c
onnectivities');
#2945=UNCERTAINTY_MEASURE_WITH_UNIT(LENGTH_MEASURE(0.01),#2948,
'DISTANCE_ACCURACY_VALUE',
'Maximum model space distance between geometric entities at asserted c
onnectivities');
#2946=(
GEOMETRIC_REPRESENTATION_CONTEXT(3)
GLOBAL_UNCERTAINTY_ASSIGNED_CONTEXT((#2944))
GLOBAL_UNIT_ASSIGNED_CONTEXT((#2948,#2950,#2951))
REPRESENTATION_CONTEXT('','3D')
);
#2947=(
GEOMETRIC_REPRESENTATION_CONTEXT(3)
GLOBAL_UNCERTAINTY_ASSIGNED_CONTEXT((#2945))
GLOBAL_UNIT_ASSIGNED_CONTEXT((#2948,#2950,#2951))
REPRESENTATION_CONTEXT('','3D')
);
#2948=(
LENGTH_UNIT()
NAMED_UNIT(*)
SI_UNIT(.MILLI.,.METRE.)
);
#2949=(
LENGTH_UNIT()
NAMED_UNIT(*)
SI_UNIT($,.METRE.)
);
#2950=(
NAMED_UNIT(*)
PLANE_ANGLE_UNIT()
SI_UNIT($,.RADIAN.)
);
#2951=(
NAMED_UNIT(*)
SI_UNIT($,.STERADIAN.)
SOLID_ANGLE_UNIT()
);
#2952=SHAPE_DEFINITION_REPRESENTATION(#2953,#2954);
#2953=PRODUCT_DEFINITION_SHAPE('',$,#2956);
#2954=SHAPE_REPRESENTATION('',(#1712),#2946);
#2955=PRODUCT_DEFINITION_CONTEXT('part definition',#2960,'design');
#2956=PRODUCT_DEFINITION('2026-09-22-08-31-04-021','Motor Plate',#2957,
#2955);
#2957=PRODUCT_DEFINITION_FORMATION('',$,#2962);
#2958=PRODUCT_RELATED_PRODUCT_CATEGORY('Motor Plate','Motor Plate',(#2962));
#2959=APPLICATION_PROTOCOL_DEFINITION('international standard',
'automotive_design',2009,#2960);
#2960=APPLICATION_CONTEXT(
'Core Data for Automotive Mechanical Design Process');
#2961=PRODUCT_CONTEXT('part definition',#2960,'mechanical');
#2962=PRODUCT('2026-09-22-08-31-04-021','Motor Plate',$,(#2961));
#2963=PRESENTATION_STYLE_ASSIGNMENT((#2964));
#2964=SURFACE_STYLE_USAGE(.BOTH.,#2965);
#2965=SURFACE_SIDE_STYLE('',(#2966));
#2966=SURFACE_STYLE_FILL_AREA(#2967);
#2967=FILL_AREA_STYLE('Steel - Satin',(#2968));
#2968=FILL_AREA_STYLE_COLOUR('Steel - Satin',#2969);
#2969=COLOUR_RGB('Steel - Satin',0.627450980392157,0.627450980392157,0.627450980392157);
ENDSEC;
END-ISO-10303-21;
